Reviewed?,Sign-off,String Key,Reference (English),Used Reference (English),String Value,Comments
TRUE,"Niklink, Cello",meta.languageCode,en,en,es,
TRUE,"Niklink, Cello",meta.languageName,English,English,Español,
TRUE,"Niklink, Cello",count.albums,{ALBUMS},{ALBUMS},{ALBUMS},
TRUE,"Niklink, Cello",count.albums.withUnit.zero,,,,
TRUE,"Niklink, Cello",count.albums.withUnit.one,{ALBUMS} album,{ALBUMS} album,{ALBUMS} álbum,
TRUE,"Niklink, Cello",count.albums.withUnit.two,,,,
TRUE,"Niklink, Cello",count.albums.withUnit.few,,,,
TRUE,"Niklink, Cello",count.albums.withUnit.many,,,,
TRUE,"Niklink, Cello",count.albums.withUnit.other,{ALBUMS} albums,{ALBUMS} albums,{ALBUMS} álbumes,
FALSE,Cello,count.artTags,{TAGS},{TAGS},{TAGS},
TRUE,,count.artTags.withUnit.zero,,,,
FALSE,Cello,count.artTags.withUnit.one,{TAGS} tag,{TAGS} tag,{TAGS} tag,
TRUE,,count.artTags.withUnit.two,,,,
TRUE,,count.artTags.withUnit.few,,,,
TRUE,,count.artTags.withUnit.many,,,,
FALSE,Cello,count.artTags.withUnit.other,{TAGS} tags,{TAGS} tags,{TAGS} etiquetas,
FALSE,Cello,count.artworks,{ARTWORKS},{ARTWORKS},{ARTWORKS},
TRUE,,count.artworks.withUnit.zero,,,,
FALSE,Cello,count.artworks.withUnit.one,{ARTWORKS} artwork,{ARTWORKS} artwork,{ARTWORKS} ilustración,
TRUE,,count.artworks.withUnit.two,,,,
TRUE,,count.artworks.withUnit.few,,,,
TRUE,,count.artworks.withUnit.many,,,,
FALSE,Cello,count.artworks.withUnit.other,{ARTWORKS} artworks,{ARTWORKS} artworks,{ARTWORKS} ilustraciónes,
TRUE,"Niklink, Cello",count.commentaryEntries,{ENTRIES},{ENTRIES},{ENTRIES},
TRUE,"Niklink, Cello",count.commentaryEntries.withUnit.zero,,,,
TRUE,"Niklink, Cello",count.commentaryEntries.withUnit.one,{ENTRIES} entry,{ENTRIES} entry,{ENTRIES} entrada,
TRUE,"Niklink, Cello",count.commentaryEntries.withUnit.two,,,,
TRUE,"Niklink, Cello",count.commentaryEntries.withUnit.few,,,,
TRUE,"Niklink, Cello",count.commentaryEntries.withUnit.many,,,,
TRUE,"Niklink, Cello",count.commentaryEntries.withUnit.other,{ENTRIES} entries,{ENTRIES} entries,{ENTRIES} entradas,
TRUE,"Niklink, Cello",count.contributions,{CONTRIBUTIONS},{CONTRIBUTIONS},{CONTRIBUTIONS},
TRUE,"Niklink, Cello",count.contributions.withUnit.zero,,,,
TRUE,"Niklink, Cello",count.contributions.withUnit.one,{CONTRIBUTIONS} contribution,{CONTRIBUTIONS} contribution,{CONTRIBUTIONS} contribución,
TRUE,"Niklink, Cello",count.contributions.withUnit.two,,,,
TRUE,"Niklink, Cello",count.contributions.withUnit.few,,,,
TRUE,"Niklink, Cello",count.contributions.withUnit.many,,,,
TRUE,"Niklink, Cello",count.contributions.withUnit.other,{CONTRIBUTIONS} contributions,{CONTRIBUTIONS} contributions,{CONTRIBUTIONS} contribuciones,
TRUE,,count.files,{FILES},{FILES},{FILES},
TRUE,,count.files.withUnit.zero,,,,
FALSE,Cello,count.files.withUnit.one,{FILES} file,{FILES} file,{FILES} archivo,
TRUE,,count.files.withUnit.two,,,,
TRUE,,count.files.withUnit.few,,,,
TRUE,,count.files.withUnit.many,,,,
FALSE,Cello,count.files.withUnit.other,{FILES} files,{FILES} files,{FILES} archivos,
FALSE,Cello,count.flashes,{FLASHES},{FLASHES},{FLASHES},
TRUE,,count.flashes.withUnit.zero,,,,
FALSE,Cello,count.flashes.withUnit.one,{FLASHES} flash,{FLASHES} flash,{FLASHES} animación y/o juego,
TRUE,,count.flashes.withUnit.two,,,,
TRUE,,count.flashes.withUnit.few,,,,
TRUE,,count.flashes.withUnit.many,,,,
FALSE,Cello,count.flashes.withUnit.other,{FLASHES} flashes,{FLASHES} flashes,{FLASHES} animaciónes y/o juegos,
TRUE,"Niklink, Cello",count.tracks,{TRACKS},{TRACKS},{TRACKS},
TRUE,"Niklink, Cello",count.tracks.withUnit.zero,,,,
TRUE,"Niklink, Cello",count.tracks.withUnit.one,{TRACKS} track,{TRACKS} track,{TRACKS} pista,
TRUE,"Niklink, Cello",count.tracks.withUnit.two,,,,
TRUE,"Niklink, Cello",count.tracks.withUnit.few,,,,
TRUE,"Niklink, Cello",count.tracks.withUnit.many,,,,
TRUE,"Niklink, Cello",count.tracks.withUnit.other,{TRACKS} tracks,{TRACKS} tracks,{TRACKS} pistas,
FALSE,Cello,count.days,{DAYS},{DAYS},{DAYS},
TRUE,,count.days.withUnit.zero,,,,
FALSE,Cello,count.days.withUnit.one,{DAYS} day,{DAYS} day,{DAYS} día,
TRUE,,count.days.withUnit.two,,,,
TRUE,,count.days.withUnit.few,,,,
TRUE,,count.days.withUnit.many,,,,
FALSE,Cello,count.days.withUnit.other,{DAYS} days,{DAYS} days,{DAYS} días,
FALSE,Cello,count.months,{MONTHS},{MONTHS},{MONTHS},
TRUE,,count.months.withUnit.zero,,,,
FALSE,Cello,count.months.withUnit.one,{MONTHS} month,{MONTHS} month,{MONTHS} mes,
TRUE,,count.months.withUnit.two,,,,
TRUE,,count.months.withUnit.few,,,,
TRUE,,count.months.withUnit.many,,,,
FALSE,Cello,count.months.withUnit.other,{MONTHS} months,{MONTHS} months,{MONTHS} meses,
FALSE,Cello,count.timesFeatured,{TIMES_FEATURED},{TIMES_FEATURED},{TIMES_FEATURED},
TRUE,,count.timesFeatured.withUnit.zero,,,,
FALSE,Cello,count.timesFeatured.withUnit.one,featured {TIMES_FEATURED} time,featured {TIMES_FEATURED} time,aparece {TIMES_FEATURED} vez,
TRUE,,count.timesFeatured.withUnit.two,,,,
TRUE,,count.timesFeatured.withUnit.few,,,,
TRUE,,count.timesFeatured.withUnit.many,,,,
FALSE,Cello,count.timesFeatured.withUnit.other,featured {TIMES_FEATURED} times,featured {TIMES_FEATURED} times,aparece {TIMES_FEATURED} veces,
TRUE,"Niklink, Cello",count.timesReferenced,{TIMES_REFERENCED},{TIMES_REFERENCED},{TIMES_REFERENCED},
TRUE,"Niklink, Cello",count.timesReferenced.withUnit.zero,,,,
TRUE,"Niklink, Cello",count.timesReferenced.withUnit.one,{TIMES_REFERENCED} time referenced,{TIMES_REFERENCED} time referenced,referenciado {TIMES_REFERENCED} vez,
TRUE,"Niklink, Cello",count.timesReferenced.withUnit.two,,,,
TRUE,"Niklink, Cello",count.timesReferenced.withUnit.few,,,,
TRUE,"Niklink, Cello",count.timesReferenced.withUnit.many,,,,
TRUE,"Niklink, Cello",count.timesReferenced.withUnit.other,{TIMES_REFERENCED} times referenced,{TIMES_REFERENCED} times referenced,referenciado {TIMES_REFERENCED} veces,
TRUE,"Niklink, Cello",count.timesUsed,{TIMES_USED},{TIMES_USED},{TIMES_USED},
TRUE,"Niklink, Cello",count.timesUsed.withUnit.zero,,,,
TRUE,"Niklink, Cello",count.timesUsed.withUnit.one,used {TIMES_USED} time,used {TIMES_USED} time,usado {TIMES_USED} vez,
TRUE,"Niklink, Cello",count.timesUsed.withUnit.two,,,,
TRUE,"Niklink, Cello",count.timesUsed.withUnit.few,,,,
TRUE,"Niklink, Cello",count.timesUsed.withUnit.many,,,,
TRUE,"Niklink, Cello",count.timesUsed.withUnit.other,used {TIMES_USED} times,used {TIMES_USED} times,usado {TIMES_USED} veces,
FALSE,Cello,count.weeks,{WEEKS},{WEEKS},{WEEKS},
TRUE,,count.weeks.withUnit.zero,,,,
FALSE,Cello,count.weeks.withUnit.one,{WEEKS} week,{WEEKS} week,{WEEKS} semana,
TRUE,,count.weeks.withUnit.two,,,,
TRUE,,count.weeks.withUnit.few,,,,
TRUE,,count.weeks.withUnit.many,,,,
FALSE,Cello,count.weeks.withUnit.other,{WEEKS} weeks,{WEEKS} weeks,{WEEKS} semanas,
TRUE,"Niklink, Cello",count.words,{WORDS},{WORDS},{WORDS},
TRUE,"Niklink, Cello",count.words.thousand,{WORDS}k,{WORDS}k,{WORDS} mil,
TRUE,"Niklink, Cello",count.words.withUnit.zero,,,,
TRUE,"Niklink, Cello",count.words.withUnit.one,{WORDS} word,{WORDS} word,{WORDS} palabra,
TRUE,"Niklink, Cello",count.words.withUnit.two,,,,
TRUE,"Niklink, Cello",count.words.withUnit.few,,,,
TRUE,"Niklink, Cello",count.words.withUnit.many,,,,
TRUE,"Niklink, Cello",count.words.withUnit.other,{WORDS} words,{WORDS} words,{WORDS} palabras,
FALSE,Cello,count.years,{YEARS},{YEARS},{YEARS},
TRUE,,count.years.withUnit.zero,,,,
FALSE,Cello,count.years.withUnit.one,{YEARS} year,{YEARS} year,{YEARS} año,
TRUE,,count.years.withUnit.two,,,,
TRUE,,count.years.withUnit.few,,,,
TRUE,,count.years.withUnit.many,,,,
FALSE,Cello,count.years.withUnit.other,{YEARS} years,{YEARS} years,{YEARS} años,
TRUE,"Niklink, Cello",count.duration.missing,_:__,_:__,_:__,
TRUE,"Niklink, Cello",count.duration.approximate,~{DURATION},~{DURATION},~{DURATION},
TRUE,"Niklink, Cello",count.duration.hours,{HOURS}:{MINUTES}:{SECONDS},{HOURS}:{MINUTES}:{SECONDS},{HOURS}:{MINUTES}:{SECONDS},
TRUE,"Niklink, Cello",count.duration.hours.withUnit,{HOURS}:{MINUTES}:{SECONDS} hours,{HOURS}:{MINUTES}:{SECONDS} hours,{HOURS}:{MINUTES}:{SECONDS} horas,
TRUE,"Niklink, Cello",count.duration.minutes,{MINUTES}:{SECONDS},{MINUTES}:{SECONDS},{MINUTES}:{SECONDS},
TRUE,"Niklink, Cello",count.duration.minutes.withUnit,{MINUTES}:{SECONDS} minutes,{MINUTES}:{SECONDS} minutes,{MINUTES}:{SECONDS} minutos,
FALSE,Cello,count.dateDuration.earlier,{DURATION} earlier,{DURATION} earlier,antes de {DURATION},
FALSE,Cello,count.dateDuration.later,{DURATION} later,{DURATION} later,después de {DURATION},
FALSE,Cello,count.dateDuration.same,on the same date,on the same date,en la misma fecha,
FALSE,Cello,count.dateDuration.zero,at most one day,at most one day,máximo un dia,
FALSE,Cello,count.dateDuration.approximate,about {DURATION},about {DURATION},cerca de {DURATION},
FALSE,Cello,count.dateDuration.approximateEarlier,about {DURATION} earlier,about {DURATION} earlier,un poco mas temprano que {DURATION},
FALSE,Cello,count.dateDuration.approximateLater,about {DURATION} later,about {DURATION} later,un poco mas tarde que {DURATION},
TRUE,Cello,count.dateDuration.relativeAbsolute,{ABSOLUTE}; {RELATIVE},{ABSOLUTE}; {RELATIVE},{ABSOLUTE}; {RELATIVE},
TRUE,Cello,count.dateDuration.years,{YEARS},{YEARS},{YEARS},
TRUE,Cello,count.dateDuration.months,{MONTHS},{MONTHS},{MONTHS},
TRUE,Cello,count.dateDuration.days,{DAYS},{DAYS},{DAYS},
TRUE,Cello,count.dateDuration.yearsMonthsDays,"{YEARS}, {MONTHS}, {DAYS}","{YEARS}, {MONTHS}, {DAYS}","{YEARS}, {MONTHS}, {DAYS}",
TRUE,Cello,count.dateDuration.yearsMonths,"{YEARS}, {MONTHS}","{YEARS}, {MONTHS}","{YEARS}, {MONTHS}",
TRUE,Cello,count.dateDuration.yearsDays,"{YEARS}, {DAYS}","{YEARS}, {DAYS}","{YEARS}, {DAYS}",
TRUE,Cello,count.dateDuration.monthsDays,"{MONTHS}, {DAYS}","{MONTHS}, {DAYS}","{MONTHS}, {DAYS}",
TRUE,"Cello, Niklink",count.fileSize.terabytes,{TERABYTES} TB,{TERABYTES} TB,{TERABYTES} TB,
TRUE,"Cello, Niklink",count.fileSize.gigabytes,{GIGABYTES} GB,{GIGABYTES} GB,{GIGABYTES} GB,
TRUE,"Cello, Niklink",count.fileSize.megabytes,{MEGABYTES} MB,{MEGABYTES} MB,{MEGABYTES} MB,
TRUE,"Cello, Niklink",count.fileSize.kilobytes,{KILOBYTES} kB,{KILOBYTES} kB,{KILOBYTES} kB,
TRUE,"Cello, Niklink",count.fileSize.bytes,{BYTES} bytes,{BYTES} bytes,{BYTES} bytes,
TRUE,,count.timeIntoDurationRange,{START}–{END},{START}–{END},{START}–{END},
TRUE,"Niklink, Cello",count.index.zero,,,,
TRUE,"Niklink, Cello",count.index.one,{INDEX}st,{INDEX}st,{INDEX}.º,
TRUE,"Niklink, Cello",count.index.two,{INDEX}nd,{INDEX}nd,{INDEX}.º,
TRUE,"Niklink, Cello",count.index.few,{INDEX}rd,{INDEX}rd,{INDEX}.º,
TRUE,"Niklink, Cello",count.index.many,,,,
TRUE,"Niklink, Cello",count.index.other,{INDEX}th,{INDEX}th,{INDEX}.º,
TRUE,"Niklink, Cello",releaseInfo.by,By {ARTISTS}.,By {ARTISTS}.,Por {ARTISTS}.,
FALSE,Cello,releaseInfo.by.featuring,"By {ARTISTS}, featuring {FEATURING}.","By {ARTISTS}, featuring {FEATURING}.","Por {ARTISTS}, colaborando con {FEATURING}.","""Featuring"" isn't as quite straightforward to translate, but ""Colaboracion"" is about the closest we've come. Feel free to shout at me if there's a possible alternative for it. -Cello"
FALSE,Cello,releaseInfo.by.withAlbum,"From {ALBUM}, by {ARTISTS}.","From {ALBUM}, by {ARTISTS}.","De {ALBUM}, por {ARTISTS}.",
FALSE,Cello,releaseInfo.by.featuring.withAlbum,"From {ALBUM}, by {ARTISTS} feat. {FEATURING}.","From {ALBUM}, by {ARTISTS} feat. {FEATURING}.","De {ALBUM}, por {ARTISTS} colaborando con {FEATURING}.",
FALSE,Cello,releaseInfo.by.withAlbum.albumLast,"By {ARTISTS}, from {ALBUM}.","By {ARTISTS}, from {ALBUM}.","Por {ARTISTS}, de {ALBUM}.",
FALSE,Cello,releaseInfo.by.featuring.withAlbum.albumLast,"By {ARTISTS}, featuring {FEATURING}. From {ALBUM}.","By {ARTISTS}, featuring {FEATURING}. From {ALBUM}.","Por {ARTISTS}, colaborando con {FEATURING}. De {ALBUM}.",
TRUE,"Niklink, Cello",releaseInfo.from,From {ALBUM}.,From {ALBUM}.,De {ALBUM}.,
FALSE,Cello,releaseInfo.musicBy,Music by {ARTISTS}.,Music by {ARTISTS}.,Musica por {ARTISTS}.,
FALSE,Cello,releaseInfo.musicBy.featuring,"Music by {ARTISTS}, featuring {FEATURING}.","Music by {ARTISTS}, featuring {FEATURING}.","Musica por {ARTISTS}, con colaboracion de {FEATURING}.",
TRUE,"Niklink, Cello",releaseInfo.wallpaperArtBy,Wallpaper by {ARTISTS},Wallpaper by {ARTISTS},Fondo de pantalla por {ARTISTS}.,
TRUE,"Niklink, Cello",releaseInfo.bannerArtBy,Banner by {ARTISTS},Banner by {ARTISTS},Arte de banner por {ARTISTS}.,
TRUE,"Niklink, Cello",releaseInfo.released,Released {DATE}.,Released {DATE}.,Lanzado el {DATE}.,
FALSE,Cello,releaseInfo.albumReleased,Album released {DATE}.,Album released {DATE}.,Álbum lanzado el {DATE}.,
FALSE,Cello,releaseInfo.trackReleased,Track released {DATE}.,Track released {DATE}.,Canción lanzado el {DATE}.,
FALSE,Cello,releaseInfo.released.withAlbum,"From {ALBUM}, released {DATE}.","From {ALBUM}, released {DATE}.","De {ALBUM}, lanzado el {DATE}.",
FALSE,Cello,releaseInfo.posted,Posted {DATE}.,Posted {DATE}.,Publicado en {DATE}.,
FALSE,Cello,releaseInfo.albumPosted,Album posted {DATE}.,Album posted {DATE}.,Album publicado el {DATE}.,
FALSE,Cello,releaseInfo.trackPosted,Track posted {DATE}.,Track posted {DATE}.,Cancion publicada el {DATE}.,
FALSE,Cello,releaseInfo.posted.withAlbum,"From {ALBUM}, posted {DATE}.","From {ALBUM}, posted {DATE}.","De {ALBUM}, publicado el {DATE}.",
FALSE,Cello,releaseInfo.released.vgm.withAlbum,From {ALBUM} ({DATE}).,From {ALBUM} ({DATE}).,De {ALBUM} ({DATE}).,
TRUE,"Niklink, Cello",releaseInfo.addedToWiki,Added to wiki {DATE}.,Added to wiki {DATE}.,Añadido a la wiki el {DATE}.,
FALSE,,releaseInfo.unofficialName,"""{NAME}"" is marked, on this wiki, as an unofficial name.","""{NAME}"" is marked, on this wiki, as an unofficial name.","""{NAME}"" es marcado en esta wikia como un nombre no oficial.",
FALSE,,releaseInfo.unofficialLocalization,"""{NAME}"" is marked, on this wiki, as an unofficial localization.","""{NAME}"" is marked, on this wiki, as an unofficial localization.","""{NAME}"" es marcado en esta wikia como una localizacion no oficial.",
TRUE,"Niklink, Cello",releaseInfo.duration,Duration: {DURATION}.,Duration: {DURATION}.,Duración: {DURATION}.,
TRUE,"Niklink, Cello",releaseInfo.contributors,Contributors:,Contributors:,Contribuidores:,
TRUE,"Niklink, Cello",releaseInfo.lyrics,Lyrics:,Lyrics:,Letra:,
FALSE,Cello,releaseInfo.lyrics.switcher,({ENTRIES}),({ENTRIES}),({ENTRIES}),
TRUE,"Niklink, Cello",releaseInfo.note,Notes:,Notes:,Notas:,
FALSE,Cello,releaseInfo.alsoReleased.alsoReleased,Also released,Also released,Tambien lanzado,
FALSE,Cello,releaseInfo.alsoReleased.released,Released,Released,Lanzado,
FALSE,Cello,releaseInfo.alsoReleased.included,Included,Included,Incluido,
FALSE,Cello,releaseInfo.alsoReleased.onAlbums,{ALSO_RELEASED} on {ALBUMS}.,{ALSO_RELEASED} on {ALBUMS}.,{ALSO_RELEASED} en {ALBUMS}.,
FALSE,Cello,releaseInfo.alsoReleased.asSingle,{ALSO_RELEASED} {SINGLE}.,{ALSO_RELEASED} {SINGLE}.,{ALSO_RELEASED} {SINGLE}.,
FALSE,Cello,releaseInfo.alsoReleased.onSingle,{ALSO_RELEASED} {SINGLE}.,{ALSO_RELEASED} {SINGLE}.,{ALSO_RELEASED} {SINGLE}.,
FALSE,Cello,releaseInfo.alsoReleased.onAlbums.asSingle,"{ALSO_RELEASED} on {ALBUMS}, and {SINGLE}.","{ALSO_RELEASED} on {ALBUMS}, and {SINGLE}.","{ALSO_RELEASED} en {ALBUMS}, y {SINGLE}.",
FALSE,Cello,releaseInfo.alsoReleased.onAlbums.onSingle,"{ALSO_RELEASED} on {ALBUMS}, and {SINGLE}.","{ALSO_RELEASED} on {ALBUMS}, and {SINGLE}.","{ALSO_RELEASED} en {ALBUMS}, y {SINGLE}.",
FALSE,Cello,releaseInfo.alsoReleased.asSingle.link,as a single,as a single,como un sencillo,
FALSE,Cello,releaseInfo.alsoReleased.onSingle.link,on a single,on a single,en un sencillo,
FALSE,Cello,releaseInfo.alsoReleased.tooltip.differentName,as {NAME},as {NAME},como {NAME},
FALSE,Cello,releaseInfo.alsoReleased.tooltip.differentName.onSingle,{NAME},{NAME},{NAME},
FALSE,Cello,releaseInfo.derivesFromMotifs,Derives from {MOTIFS}.,Derives from {MOTIFS}.,Deriva de {MOTIFS}.,
TRUE,"Niklink, Cello",releaseInfo.tracksReferenced,Tracks that {TRACK} references:,Tracks that {TRACK} references:,Pistas que {TRACK} referencia:,
FALSE,Cello,releaseInfo.tracksReferenced.withoutName,Tracks that this one references:,Tracks that this one references:,Pistas que esta hace referencia:,
FALSE,Cello,releaseInfo.tracksReferenced.sticky,Tracks that this one references:,Tracks that this one references:,Pistas que esta hace referencia:,
TRUE,"Niklink, Cello",releaseInfo.tracksSampled,Tracks that {TRACK} samples:,Tracks that {TRACK} samples:,Pistas que {TRACK} samplea:,
FALSE,Cello,releaseInfo.tracksSampled.withoutName,Tracks that this one samples:,Tracks that this one samples:,Pistas que esta hace samplea:,
FALSE,Cello,releaseInfo.tracksSampled.sticky,Tracks that this one samples:,Tracks that this one samples:,Pistas que esta samplea:,
TRUE,"Niklink, Cello",releaseInfo.tracksThatReference,Tracks that reference {TRACK}:,Tracks that reference {TRACK}:,Pistas que referencian {TRACK}:,
FALSE,Cello,releaseInfo.tracksThatReference.withoutName,Tracks that reference this one:,Tracks that reference this one:,Pistas que hacen referencia a esta:,
FALSE,Cello,releaseInfo.tracksThatReference.sticky,Tracks that reference this one:,Tracks that reference this one:,Pistas que hacen referencia a esta:,
FALSE,Cello,releaseInfo.tracksThatReference.sticky.fromGroup,Tracks that reference this one — from {GROUP}:,Tracks that reference this one — from {GROUP}:,Pistas que hacen referencia a esta — de {GROUP}:,
FALSE,Cello,releaseInfo.tracksThatReference.sticky.fromOther,Tracks that reference this one — from somewhere else:,Tracks that reference this one — from somewhere else:,Pistas que hacen referencia a esta — de otra parte:,
TRUE,Niklink. Cello,releaseInfo.tracksThatSample,Tracks that sample {TRACK}:,Tracks that sample {TRACK}:,Pistas que samplean {TRACK}:,
FALSE,Cello,releaseInfo.tracksThatSample.withoutName,Tracks that sample this one:,Tracks that sample this one:,Pistas que samplean esta:,
FALSE,Cello,releaseInfo.tracksThatSample.sticky,Tracks that sample this one:,Tracks that sample this one:,Pistas que samplean esta:,
FALSE,Cello,releaseInfo.tracksThatSample.sticky.fromGroup,Tracks that sample this one — from {GROUP}:,Tracks that sample this one — from {GROUP}:,Pistas que samplean esta — de {GROUP}:,
FALSE,Cello,releaseInfo.tracksThatSample.sticky.fromOther,Tracks that sample this one — from somewhere else:,Tracks that sample this one — from somewhere else:,Pistas que samplean esta — de otra parte:,
FALSE,Cello,releaseInfo.motifsFeatured,Motifs that {TRACK} features:,Motifs that {TRACK} features:,Motifs que {TRACK} presenta:,
FALSE,Cello,releaseInfo.motifsFeatured.withoutName,Motifs that this track features:,Motifs that this track features:,Motifs que esta pista presenta:,
FALSE,Cello,releaseInfo.motifsFeatured.sticky,Motifs that this track features:,Motifs that this track features:,Motifs que esta pista presenta:,
FALSE,Cello,releaseInfo.tracksThatFeatureMotif,Tracks that feature '{MOTIF}':,Tracks that feature '{MOTIF}':,Pistas que presentan '{MOTIF}':,
FALSE,Cello,releaseInfo.tracksThatFeatureMotif.withoutName,Tracks that feature this motif:,Tracks that feature this motif:,Pistas que presentan este motif:,
FALSE,Cello,releaseInfo.tracksThatFeatureMotif.sticky,Tracks that feature this motif:,Tracks that feature this motif:,Pistas que presentan este motif:,
FALSE,Cello,releaseInfo.tracksThatFeatureMotif.sticky.fromGroup,Tracks that feature this motif — from {GROUP}:,Tracks that feature this motif — from {GROUP}:,Pistas que presentan este motif — de {GROUP}:,
FALSE,Cello,releaseInfo.tracksThatFeatureMotif.sticky.fromOther,Tracks that feature this motif — from somewhere else:,Tracks that feature this motif — from somewhere else:,Pistas que presentan este motif — de otra parte:,
FALSE,Cello,releaseInfo.motifsThatDeriveFromMotif,Motifs that derive from '{MOTIF}':,Motifs that derive from '{MOTIF}':,Motifs que derivan de '{MOTIF}':,
FALSE,Cello,releaseInfo.motifsThatDeriveFromMotif.withoutName,Motifs that derive from this one:,Motifs that derive from this one:,Motifs que derivan de este:,
FALSE,Cello,releaseInfo.motifsThatDeriveFromMotif.sticky,Motifs that derive from this one:,Motifs that derive from this one:,Motifs que derivan de este:,
FALSE,Cello,releaseInfo.flashesThatFeature,Flashes that feature {TRACK}:,Flashes that feature {TRACK}:,Flashes que incluyen {TRACK}:,
FALSE,Cello,releaseInfo.flashesThatFeature.withoutName,Flashes that feature this track:,Flashes that feature this track:,Flashes que incluyen esta pista:,
FALSE,Cello,releaseInfo.flashesThatFeature.sticky,Flashes that feature this track:,Flashes that feature this track:,Flashes que incluyen esta pista:,
FALSE,Cello,releaseInfo.referencesArtworks,References {ARTWORKS}.,References {ARTWORKS}.,Hace referencias a {ARTWORKS}.,
FALSE,Cello,releaseInfo.referencedByArtworks,Referenced by {ARTWORKS}.,Referenced by {ARTWORKS}.,Referenciado por {ARTWORKS}.,
TRUE,"Niklink, Cello",releaseInfo.tracksFeatured,Tracks that {FLASH} features:,Tracks that {FLASH} features:,Pistas que {FLASH} incluye:,
TRUE,"Niklink, Cello",releaseInfo.viewCommentary,View {LINK}!,View {LINK}!,¡Véase {LINK}!,
TRUE,"Niklink, Cello",releaseInfo.viewCommentary.link,commentary page,commentary page,página de comentario,
FALSE,Cello,releaseInfo.viewGallery,View {LINK}!,View {LINK}!,¡Véase {LINK}!,
FALSE,Cello,releaseInfo.viewGallery.link,gallery page,gallery page,pagina de galeria,
FALSE,Cello,releaseInfo.viewGalleryOrCommentary,View {GALLERY} or {COMMENTARY}!,View {GALLERY} or {COMMENTARY}!,¡Véase {GALLERY} o {COMMENTARY}!,
FALSE,Cello,releaseInfo.viewGalleryOrCommentary.gallery,gallery page,gallery page,pagina de galeria,
FALSE,Cello,releaseInfo.viewGalleryOrCommentary.commentary,commentary page,commentary page,pagina de comentario,
FALSE,Cello,releaseInfo.viewOriginalFile,View {LINK}.,View {LINK}.,Vea {LINK}.,
FALSE,Cello,releaseInfo.viewOriginalFile.withSize,View {LINK} ({SIZE}).,View {LINK} ({SIZE}).,Vea {LINK} ({SIZE}).,
FALSE,Cello,releaseInfo.viewOriginalFile.link,original file,original file,archivo original,
FALSE,Cello,releaseInfo.viewOriginalFile.sizeWarning,"(Heads up! If you're on a mobile plan, this is a large download.)","(Heads up! If you're on a mobile plan, this is a large download.)","(¡Cuidado! Si estas en móvil, esta es una descarga grande.)",
TRUE,"Niklink, Cello",releaseInfo.listenOn,Listen on {LINKS}.,Listen on {LINKS}.,Escucha en {LINKS}.,
FALSE,Cello,releaseInfo.listenOn.title,Listen on:,Listen on:,Escucha en:,
FALSE,Cello,releaseInfo.listenOn.noLinks,This wiki doesn't have any listening links for {TRACK}.,This wiki doesn't have any listening links for {TRACK}.,La wikia no tiene links para escuchar a {TRACK}.,
FALSE,Cello,releaseInfo.listenOn.excludingLinks,This wiki is excluding listening links for {TRACK}.,This wiki is excluding listening links for {TRACK}.,La wikia excluye links para escuchar a {TRACK}.,
FALSE,Cello,releaseInfo.listenOn.excludingLinks.notClearlyPublic,"This wiki is excluding listening links here, since it's not clear {TRACK} has been shared publicly.","This wiki is excluding listening links here, since it's not clear {TRACK} has been shared publicly.","La wikia excluye links para escuchar aqui, ya que no es claro si {TRACK} fue lanzado publicamente.",
FALSE,Cello,releaseInfo.listenOn.excludingLinks.paidBonusTrack,"On {ALBUM}, the bonus track {TRACK} is only available with the album purchase, so this wiki is excluding listening links here.","On {ALBUM}, the bonus track {TRACK} is only available with the album purchase, so this wiki is excluding listening links here.","En {ALBUM}, la pista bonus {TRACK} esta solo disponible con la compra del album, asi que la wikia excluye links para escuchar aqui.",
TRUE,"Niklink, Cello",releaseInfo.visitOn,Visit on {LINKS}.,Visit on {LINKS}.,Visita en {LINKS}.,
FALSE,Cello,releaseInfo.visitOn.title,Visit on:,Visit on:,Visita en:,
TRUE,"Niklink, Cello",releaseInfo.playOn,Play on {LINKS}.,Play on {LINKS}.,Ver en {LINKS}.,
FALSE,Cello,releaseInfo.playOn.title,Play on:,Play on:,Ver en:,
FALSE,Cello,releaseInfo.watchOn,Watch on {LINKS}.,Watch on {LINKS}.,Mirar en {LINKS}.,
FALSE,Cello,releaseInfo.watchOn.title,Watch on:,Watch on:,Mirar en:,
FALSE,Cello,releaseInfo.readCommentary,Read {LINK}.,Read {LINK}.,Lea en {LINK}.,
FALSE,Cello,releaseInfo.readCommentary.link,artist commentary,artist commentary,comentario de artista,
FALSE,Cello,releaseInfo.readCommentary.link.withWikiCommentary,artist and wiki commentary,artist and wiki commentary,comentario de artista y wiki,
FALSE,Cello,releaseInfo.readCommentary.link.onlyWikiCommentary,wiki commentary,wiki commentary,comentario de wiki,
FALSE,Cello,releaseInfo.readCreditingSources,Read {LINK}.,Read {LINK}.,Lea en {LINK}.,
FALSE,Cello,releaseInfo.readCreditingSources.link,crediting sources,crediting sources,fuentes de créditos,
FALSE,Cello,releaseInfo.readReferencingSources,Read {LINK}.,Read {LINK}.,Lea en {LINK}.,
FALSE,Cello,releaseInfo.readReferencingSources.link,referencing sources,referencing sources,fuente de referencias,
TRUE,"Cello, Niklink",releaseInfo.additionalFiles.entry,{TITLE},{TITLE},{TITLE},
FALSE,Cello,releaseInfo.additionalFiles.entry.withCredit,{TITLE} {CREDIT},{TITLE} {CREDIT},{TITLE} {CREDIT},
FALSE,Cello,releaseInfo.additionalFiles.entry.credit,by {ARTISTS},by {ARTISTS},por {ARTISTS},
FALSE,Cello,releaseInfo.additionalFiles.entry.noFilesAvailable,There are no files available or listed for this entry.,There are no files available or listed for this entry.,No hay archivos disponibles o listados para esta entrada.,
TRUE,"Cello, Niklink",releaseInfo.additionalFiles.file,{FILE},{FILE},{FILE},
TRUE,"Cello, Niklink",releaseInfo.additionalFiles.file.withSize,{FILE} ({SIZE}),{FILE} ({SIZE}),{FILE} ({SIZE}),
FALSE,Cello,releaseInfo.miscellaneousAdditionalFiles.heading,View or download additional files:,View or download additional files:,Ver o descargar archivos adicionales:,
FALSE,Cello,releaseInfo.miscellaneousAdditionalFiles.entry.placeholderTitle,Additional file,Additional file,Archivo adicional,
FALSE,Cello,releaseInfo.miscellaneousAdditionalFiles.shortcut,View {LINK}.,View {LINK}.,Ver {LINK}.,
FALSE,Cello,releaseInfo.miscellaneousAdditionalFiles.shortcut.link,additional files,additional files,archivos adicionales,
FALSE,Cello,releaseInfo.sheetMusicFiles.heading,Print or download sheet music files:,Print or download sheet music files:,Imprimir o descargar partituras:,
FALSE,Cello,releaseInfo.sheetMusicFiles.entry.placeholderTitle,Sheet music,Sheet music,Partituras,
FALSE,Cello,releaseInfo.sheetMusicFiles.shortcut,Download {LINK}.,Download {LINK}.,Descargar {LINK}.,
FALSE,Cello,releaseInfo.sheetMusicFiles.shortcut.link,sheet music files,sheet music files,partituras,
FALSE,Cello,releaseInfo.midiProjectFiles.heading,Download MIDI & project files:,Download MIDI & project files:,Descargar MIDI & archivos de proyecto:,
FALSE,Cello,releaseInfo.midiProjectFiles.entry.placeholderTitle,MIDI or project file,MIDI or project file,MIDI o archivo de proyecto,
FALSE,Cello,releaseInfo.midiProjectFiles.shortcut,Download {LINK}.,Download {LINK}.,Descargar {LINK}.,
FALSE,Cello,releaseInfo.midiProjectFiles.shortcut.link,MIDI & project files,MIDI & project files,MIDI o archivo de proyecto,
TRUE,Cello,trackList.section,{SECTION}:,{SECTION}:,{SECTION}:,
TRUE,"Lanolin, Cello",trackList.section.withDuration,{SECTION}: ({DURATION}),{SECTION}: ({DURATION}),{SECTION}: ({DURATION}),
TRUE,Cello,trackList.section.sticky,{SECTION}:,{SECTION}:,{SECTION}:,
FALSE,Cello,trackList.fromGroup,from {GROUP}:,From {GROUP}:,De {GROUP}:,
FALSE,Cello,trackList.fromOther,from somewhere else:,From somewhere else:,De alguna parte:,
TRUE,Cello,trackList.item,{TRACK},{TRACK},{TRACK},
TRUE,,trackList.item.withAccent,{ACCENT} {TRACK},{ACCENT} {TRACK},{ACCENT} {TRACK},
TRUE,,trackList.item.accent.withDate,({DATE}),({DATE}),({DATE}),
TRUE,,trackList.item.accent.withDate.withDuration,({DURATION}; {DATE}),({DURATION}; {DATE}),({DURATION}; {DATE}),
TRUE,,trackList.item.accent.withDuration,({DURATION}),({DURATION}),({DURATION}),
TRUE,,trackList.item.accent.date,{DATE},{DATE},{DATE},
TRUE,,trackList.item.accent.duration,{DURATION},{DURATION},{DURATION},
TRUE,,trackList.item.accent.duration.missing,_:__,_:__,_:__,
FALSE,Cello,trackList.item.accent.duration.missing.info,no duration provided; treated as zero seconds long,no duration provided; treated as zero seconds long,ninguna duracion es dada; tratada como de cero segundos,
TRUE,,trackList.item.withDetail,{TRACK} {DETAIL_ACCENT},{TRACK} {DETAIL_ACCENT},{TRACK} {DETAIL_ACCENT},
TRUE,,trackList.item.withDetail.accent,({DETAIL}),({DETAIL}),({DETAIL}),
TRUE,,trackList.item.withArtists,{TRACK} {ARTISTS},{TRACK} {ARTISTS},{TRACK} {ARTISTS},
FALSE,Cello,trackList.item.artists.by,by {ARTISTS},by {ARTISTS},por {ARTISTS},
TRUE,,trackList.item.artists.featuring,feat. {ARTISTS},feat. {ARTISTS},colaborando con {ARTIST},
FALSE,Cello,trackList.item.artists.by.featuring,by {ARTISTS} feat. {FEATURING},by {ARTISTS} feat. {FEATURING},por {ARTISTS} colaborando con {FEATURING},
TRUE,,trackList.item.withAccent.withDetail,{ACCENT} {TRACK} {DETAIL_ACCENT},{ACCENT} {TRACK} {DETAIL_ACCENT},{ACCENT} {TRACK} {DETAIL_ACCENT},
TRUE,,trackList.item.withAccent.withArtists,{ACCENT} {TRACK} {ARTISTS},{ACCENT} {TRACK} {ARTISTS},{ACCENT} {TRACK} {ARTISTS},
TRUE,,trackList.item.withDetail.withArtists,{TRACK} {DETAIL_ACCENT} {ARTISTS},{TRACK} {DETAIL_ACCENT} {ARTISTS},{TRACK} {DETAIL_ACCENT} {ARTISTS},
TRUE,,trackList.item.withAccent.withDetail.withArtists,{ACCENT} {TRACK} {DETAIL_ACCENT} {ARTISTS},{ACCENT} {TRACK} {DETAIL_ACCENT} {ARTISTS},{ACCENT} {TRACK} {DETAIL_ACCENT} {ARTISTS},
TRUE,"Niklink, Cello",trackList.item.rerelease,{TRACK} (rerelease),{TRACK} (rerelease),{TRACK} (relanzamiento),
FALSE,Cello,flashList.underSide,under {SIDE}:,under {SIDE}:,bajo {SIDE}:,
FALSE,Cello,flashList.underOther,other flashes:,other flashes:,otros flashes:,
TRUE,,flashList.item,{FLASH},{FLASH},{FLASH},
FALSE,Cello,flashList.item.asDifferentRelease,{FLASH} (as {TRACK}),{FLASH} (as {TRACK}),{FLASH} (como {TRACK}),
TRUE,,motifConnectionList.item.track,{TRACK},{TRACK},{TRACK},
TRUE,,motifConnectionList.item.motif,{MOTIF},{MOTIF},{MOTIF},
TRUE,,motifConnectionList.item.track.withContext,{TRACK} ({CONTEXT}),{TRACK} ({CONTEXT}),{TRACK} ({CONTEXT}),
TRUE,,motifConnectionList.item.motif.withContext,{MOTIF} ({CONTEXT}),{MOTIF} ({CONTEXT}),{MOTIF} ({CONTEXT}),
TRUE,,motifConnectionList.item.track.withTimeRange,{TRACK} ({TIME_RANGE}),{TRACK} ({TIME_RANGE}),{TRACK} ({TIME_RANGE}),
TRUE,,motifConnectionList.item.motif.withTimeRange,({TIME_RANGE}) {MOTIF},({TIME_RANGE}) {MOTIF},({TIME_RANGE}) {MOTIF},
TRUE,,motifConnectionList.item.track.withTimeRange.withContext,{TRACK} ({TIME_RANGE}) ({CONTEXT}),{TRACK} ({TIME_RANGE}) ({CONTEXT}),{TRACK} ({TIME_RANGE}) ({CONTEXT}),
TRUE,,motifConnectionList.item.motif.withTimeRange.withContext,({TIME_RANGE}) {MOTIF} ({CONTEXT}),({TIME_RANGE}) {MOTIF} ({CONTEXT}),({TIME_RANGE}) {MOTIF} ({CONTEXT}),
FALSE,Cello,misc.additionalNames.title,Additional or alternate names:,Additional or alternate names:,Nombres adicionales o alternativos:,
FALSE,Cello,misc.additionalNames.tooltip,Click to view additional or alternate names,Click to view additional or alternate names,Clic para ver nombres adicionales o alternativos,
TRUE,Cello,misc.additionalNames.item,{NAME},{NAME},{NAME},
TRUE,Cello,misc.additionalNames.item.withAccent,{NAME} {ACCENT},{NAME} {ACCENT},{NAME} {ACCENT},
TRUE,Cello,misc.additionalNames.item.accent.withAnnotation,({ANNOTATION}),({ANNOTATION}),({ANNOTATION}),
TRUE,"Niklink, Cello",misc.alt.albumCover,album cover,album cover,carátula del álbum,
TRUE,"Niklink, Cello",misc.alt.albumBanner,album banner,album banner,banner del álbum,
TRUE,"Niklink, Cello",misc.alt.trackCover,track cover,track cover,carátula de la pista,
TRUE,"Niklink, Cello",misc.alt.artistAvatar,artist avatar,artist avatar,avatar del artista,
TRUE,"Niklink, Cello",misc.alt.flashArt,flash art,flash art,arte del flash,
TRUE,"Niklink, Cello",misc.artistCommentary,Artist commentary for {THING}:,Artist commentary for {THING}:,Comentario de artista para {THING}:,
FALSE,Cello,misc.artistCommentary.withoutName,Artist commentary:,Artist commentary:,Comentario de artista:,
FALSE,Cello,misc.artistCommentary.sticky,Artist commentary:,Artist commentary:,Comentario de artista:,
FALSE,Cello,misc.artistCommentary.withWikiCommentary,Artist and wiki commentary for {THING}:,Artist and wiki commentary for {THING}:,Comentario de artista y wiki para {THING}:,
FALSE,Cello,misc.artistCommentary.withWikiCommentary.withoutName,Artist and wiki commentary:,Artist and wiki commentary:,Comentario de artista y wiki:,
FALSE,Cello,misc.artistCommentary.withWikiCommentary.sticky,Artist and wiki commentary:,Artist and wiki commentary:,Comentario de artista y wiki:,
FALSE,Cello,misc.artistCommentary.onlyWikiCommentary,Wiki commentary for {THING}:,Wiki commentary for {THING}:,Comentario de wiki para {THING}:,
FALSE,Cello,misc.artistCommentary.onlyWikiCommentary.withoutName,Wiki commentary:,Wiki commentary:,Comentario de wiki:,
FALSE,Cello,misc.artistCommentary.onlyWikiCommentary.sticky,Wiki commentary:,Wiki commentary:,Comentario de wiki:,
TRUE,,misc.artistCommentary.entry.title.withArtists,{ARTISTS} ✑,{ARTISTS} ✑,{ARTISTS} ✑,
TRUE,,misc.artistCommentary.entry.title.withArtists.withAccent,{ARTISTS} ✑ {ACCENT},{ARTISTS} ✑ {ACCENT},{ARTISTS} ✑ {ACCENT},
TRUE,,misc.artistCommentary.entry.title.withArtists.withAccent.wikiEditor,{ARTISTS}: {ACCENT},{ARTISTS}: {ACCENT},{ARTISTS}: {ACCENT},
TRUE,,misc.artistCommentary.entry.title.accent.withAnnotation,{ANNOTATION},{ANNOTATION},{ANNOTATION},
TRUE,,misc.artistCommentary.entry.title.withAnnotation,{ANNOTATION},{ANNOTATION},{ANNOTATION},
TRUE,,misc.artistCommentary.entry.title.date,{DATE},{DATE},{DATE},
TRUE,,misc.artistCommentary.entry.title.date.range,{DATE_RANGE},{DATE_RANGE},{DATE_RANGE},
FALSE,Cello,misc.artistCommentary.entry.title.date.accessed,accessed {DATE},accessed {DATE},accesado {DATE},
FALSE,Cello,misc.artistCommentary.entry.title.date.captured,captured {DATE},captured {DATE},capturado {DATE},
FALSE,Cello,misc.artistCommentary.entry.title.date.around,around {DATE},around {DATE},alrededor {DATE},
FALSE,Cello,misc.artistCommentary.entry.title.date.around.range,around {DATE_RANGE},around {DATE_RANGE},alrededor {DATE_RANGE},
FALSE,Cello,misc.artistCommentary.entry.title.date.sometime.range,sometime {DATE_RANGE},sometime {DATE_RANGE},en algun momento de {DATE_RANGE},
FALSE,Cello,misc.artistCommentary.entry.title.date.throughout.range,throughout {DATE_RANGE},throughout {DATE_RANGE},a traves de {DATE_RANGE},
FALSE,Cello,misc.artistCommentary.entry.title.date.sameDayAsAlbum,same date as this album,same date as this album,misma fecha que este album,
FALSE,Cello,misc.artistCommentary.entry.title.date.sameDayAsSingle,same date as this single,same date as this single,misma fecha que este sencillo,
FALSE,Cello,misc.artistCommentary.entry.title.date.sameDayAsTrack,same date as this track,same date as this track,misma fecha que esta pista,
FALSE,Cello,misc.artistCommentary.entry.title.date.sameDayAsFlash,same date as this flash,same date as this flash,misma fecha que este flash,
FALSE,Cello,misc.artistCommentary.entry.title.date.relativeTo,with respect to {THING} —,with respect to {THING} —,con respecto a {THING} —,
FALSE,Cello,misc.artistCommentary.entry.title.date.relativeTo.album,this album,this album,este album,
FALSE,Cello,misc.artistCommentary.entry.title.date.relativeTo.single,this single,this single,este sencillo,
FALSE,Cello,misc.artistCommentary.entry.title.date.relativeTo.track,this track,this track,esta pista,
FALSE,Cello,misc.artistCommentary.entry.title.date.relativeTo.flash,this flash,this flash,este flash,
FALSE,Cello,misc.artistCommentary.info.fromMainRelease,"The following commentary is properly placed on this track's main release, {ALBUM}.","The following commentary is properly placed on this track's main release, {ALBUM}.","El siguiente comentario esta localizado apropiadamente en el lanzamiento principal de esta cancion, {ALBUM}.",
FALSE,Cello,misc.artistCommentary.info.fromMainRelease.namedDifferently,"The following commentary is properly placed on this track's main release, {ALBUM}, where it's named {NAME}.","The following commentary is properly placed on this track's main release, {ALBUM}, where it's named {NAME}.","El siguiente comentario esta localizado apropiadamente en el lanzamiento principal de esta cancion, {ALBUM}, donde se llama {NAME}.",
FALSE,Cello,misc.artistCommentary.info.seeSpecificReleases,"For release-specific commentary, check out: {ALBUMS}.","For release-specific commentary, check out: {ALBUMS}.","Para comentario especifico al lanzamiento, revisa: {ALBUMS}.",
FALSE,Cello,misc.artistCommentary.info.seeSpecificReleases.withMainCommentary,"For release-specific commentary, see also: {ALBUMS}.","For release-specific commentary, see also: {ALBUMS}.","Para comentario especifico al lanzamiento, tambien ve: {ALBUMS}.",
TRUE,,misc.artistCredit.withNormalArtists,{NORMAL},{NORMAL},{NORMAL},
FALSE,Cello,misc.artistCredit.withFeaturingArtists,feat. {FEATURING},feat. {FEATURING},colaborando con {FEATURING},see releaseInfo.by.featuring -whis
FALSE,Cello,misc.artistCredit.withNormalArtists.withFeaturingArtists,{NORMAL} feat. {FEATURING},{NORMAL} feat. {FEATURING},{NORMAL} colaborando con {FEATURING},see releaseInfo.by.featuring -whis
TRUE,,misc.artistLink,{ARTIST},{ARTIST},{ARTIST},
TRUE,,misc.artistLink.withContribution,{ARTIST} ({CONTRIB}),{ARTIST} ({CONTRIB}),{ARTIST} ({CONTRIB}),
TRUE,,misc.artistLink.withEditsForWiki,{ARTISTS} ({EDITS}),{ARTISTS} ({EDITS}),{ARTISTS} ({EDITS}),
FALSE,Cello,misc.artistLink.withEditsForWiki.edits,+ edits,+ edits,+ ediciones,
FALSE,Cello,misc.artistLink.withEditsForWiki.editsLine,Edits for wiki by {ARTISTS},Edits for wiki by {ARTISTS},Ediciones para la wikia por {ARTISTS},
FALSE,Cello,misc.artistLink.noExternalLinkPlatformName,Other,Other,Otro,
FALSE,Cello,misc.artistLink.chronology.heading.artistReleases,Releases by {ARTIST}:,Releases by {ARTIST}:,Lanzamientos por {ARTIST}:,
FALSE,Cello,misc.artistLink.chronology.heading.artistTracks,Tracks by {ARTIST}:,Tracks by {ARTIST}:,Pistas por {ARTIST}:,
TRUE,,misc.artistLink.chronology.previous.symbol,←,←,←,
FALSE,Cello,misc.artistLink.chronology.previous.info,Previous by this artist,Previous by this artist,Previo por este artista,
FALSE,Cello,misc.artistLink.chronology.previous.info.withKind,Previous {KIND} by this artist,Previous {KIND} by this artist,Previo {KIND} por este artista,
TRUE,,misc.artistLink.chronology.next.symbol,→,→,→,
FALSE,Cello,misc.artistLink.chronology.next.info,Next by this artist,Next by this artist,Siguiente por este artista,
FALSE,Cello,misc.artistLink.chronology.next.info.withKind,Next {KIND} by this artist,Next {KIND} by this artist,Siguiente {KIND} por este artista,
FALSE,Cello,misc.artistLink.chronology.kind.album,album,album,album,
FALSE,Cello,misc.artistLink.chronology.kind.bannerArt,banner art,banner art,carátula del álbum,
FALSE,Cello,misc.artistLink.chronology.kind.coverArt,cover art,cover art,banner del álbum,
FALSE,Cello,misc.artistLink.chronology.kind.flash,flash,flash,flash,
FALSE,Cello,misc.artistLink.chronology.kind.midiProjectFile,midi / project file,midi / project file,midi / archivo de proyecto,
FALSE,Cello,misc.artistLink.chronology.kind.miscellaneousAdditionalFile,additional file,additional file,archivo adicional,
FALSE,Cello,misc.artistLink.chronology.kind.musicVideo,music video,music video,video musical,
FALSE,Cello,misc.artistLink.chronology.kind.musicVideoContribution,video contribution,video contribution,contribucion de video,
FALSE,Cello,misc.artistLink.chronology.kind.release,release,release,lanzamientos,
FALSE,Cello,misc.artistLink.chronology.kind.sheetMusicFile,sheet music file,sheet music file,partitura,
FALSE,Cello,misc.artistLink.chronology.kind.track,track,track,pista,
FALSE,Cello,misc.artistLink.chronology.kind.trackArt,track art,track art,arte de pista,
FALSE,Cello,misc.artistLink.chronology.kind.trackContribution,track contribution,track contribution,contribución de pista,
FALSE,Cello,misc.artistLink.chronology.kind.wallpaperArt,wallpaper art,wallpaper art,wallpaper del arte,
FALSE,Cello,misc.creditingSources,{CUE} for {THING}:,{CUE} for {THING}:,{CUE} para {THING}:,
TRUE,,misc.creditingSources.withoutName,{CUE}:,{CUE}:,{CUE}:,
FALSE,Cello,misc.creditingSources.collapsed,{CUE} for {THING}…,{CUE} for {THING}…,{CUE} para {THING}…,
TRUE,,misc.creditingSources.withoutName.collapsed,{CUE}…,{CUE}…,{CUE}…,
FALSE,Cello,misc.creditingSources.cue,Crediting sources,Crediting sources,Fuente de créditos,
FALSE,Cello,misc.creditingSources.sticky,Crediting sources:,Crediting sources:,Fuente de créditos:,
FALSE,Cello,misc.downloadLayoutMedia.withWallpaper,Wiki files: {WALLPAPER},Wiki files: {WALLPAPER},Archivos de wikia: {WALLPAPER},
FALSE,Cello,misc.downloadLayoutMedia.withBanner,Wiki files: {BANNER},Wiki files: {BANNER},Archivos de wikia: {BANNER},
FALSE,Cello,misc.downloadLayoutMedia.withWallpaper.withBanner,"Wiki files: {WALLPAPER}, {BANNER}","Wiki files: {WALLPAPER}, {BANNER}","Archivos de wikia: {WALLPAPER}, {BANNER}",
FALSE,Cello,misc.downloadLayoutMedia.withWallpaperParts,Wallpaper: {PARTS},Wallpaper: {PARTS},Wallpaper: {PARTS},
FALSE,Cello,misc.downloadLayoutMedia.wallpaper,Wallpaper,Wallpaper,Wallpaper,
FALSE,Cello,misc.downloadLayoutMedia.banner,Banner,Banner,Banner,
TRUE,"Niklink, Cello",misc.external.external,External,External,Externo,
FALSE,,misc.external.withUnusualDomain,{PLATFORM} ({DOMAIN}),{PLATFORM} ({DOMAIN}),{PLATFORM} ({DOMAIN}),
TRUE,Cello,misc.external.withHandle,{PLATFORM} ({HANDLE}),{PLATFORM} ({HANDLE}),{PLATFORM} ({HANDLE}),
TRUE,,misc.external.withAnnotation,{LINK} ({ANNOTATION}),{LINK} ({ANNOTATION}),{LINK} ({ANNOTATION}),
TRUE,,misc.external.withAutomaticAndCustomAnnotations,"{LINK} ({AUTOMATIC}, {CUSTOM})","{LINK} ({AUTOMATIC}, {CUSTOM})","{LINK} ({AUTOMATIC}, {CUSTOM})",
TRUE,Cello,misc.external.opensInNewTab,{PLATFORM} (opens in new tab),{PLATFORM} (opens in new tab),{PLATFORM} (abre en una nueva pestaña),
TRUE,Cello,misc.external.opensInNewTab.annotation,opens in new tab,opens in new tab,abre en una nueva pestaña,
TRUE,Cello,misc.external.invalidURL,invalid URL,invalid URL,URL invalida,
TRUE,Cello,misc.external.invalidURL.annotation,invalid URL,invalid URL,URL invalida,
TRUE,Cello,misc.external.amazonMusic,Amazon Music,Amazon Music,Amazon Music,
TRUE,Cello,misc.external.appleMusic,Apple Music,Apple Music,Apple Music,
TRUE,Cello,misc.external.artstation,ArtStation,ArtStation,ArtStation,
TRUE,"Niklink, Cello",misc.external.bandcamp,Bandcamp,Bandcamp,Bandcamp,
FALSE,Cello,misc.external.bandcamp.artistRelease,Bandcamp (artist's release),Bandcamp (artist's release),Bandcamp (lanzamiento de artista),
FALSE,Cello,misc.external.bandcamp.officialRelease,Bandcamp (official release),Bandcamp (official release),Bandcamp (lanzamiento oficial),
TRUE,Cello,misc.external.bgreco,bgreco.net,bgreco.net,bgreco.net,
TRUE,"Niklink, Cello",misc.external.bgreco.flash,bgreco.net (high quality audio),bgreco.net (high quality audio),bgreco.net (Audio de alta calidad),
TRUE,Cello,misc.external.bluesky,Bluesky,Bluesky,Bluesky,
TRUE,Cello,misc.external.carrd,Carrd,Carrd,Carrd,
TRUE,Cello,misc.external.cohost,Cohost,Cohost,Cohost,
TRUE,Cello,misc.external.deconreconstruction,Deconreconstruction,Deconreconstruction,Deconreconstruction,
TRUE,Cello,misc.external.deconreconstruction.music,MUSIC@DCRC,MUSIC@DCRC,MUSIC@DCRC,
TRUE,,misc.external.deconreconstruction.wiki,DCRC Wiki,DCRC Wiki,DCRC Wiki,
TRUE,,misc.external.deconreconstruction.wiki.page,DCRC Wiki ({PAGE}),DCRC Wiki ({PAGE}),DCRC Wiki ({PAGE}),
TRUE,"Niklink, Cello",misc.external.deviantart,DeviantArt,DeviantArt,DeviantArt,
TRUE,Cello,misc.external.facebook,Facebook,Facebook,Facebook,
TRUE,Cello,misc.external.fandom,Fandom,Fandom,Fandom,
TRUE,Cello,misc.external.fandom.mspaintadventures,MSPA Wiki,MSPA Wiki,MSPA Wiki,
TRUE,Cello,misc.external.fandom.mspaintadventures.page,MSPA Wiki ({PAGE}),MSPA Wiki ({PAGE}),MSPA Wiki ({PAGE}),
TRUE,Cello,misc.external.gamebanana,GameBanana,GameBanana,GameBanana,
TRUE,Cello,misc.external.homestuck,Homestuck,Homestuck,Homestuck,
TRUE,"Niklink, Cello",misc.external.homestuck.page,Homestuck (page {PAGE}),Homestuck (page {PAGE}),Homestuck (página {PAGE}),
TRUE,"Niklink, Cello",misc.external.homestuck.secretPage,Homestuck (secret page),Homestuck (secret page),Homestuck (página secreta),
TRUE,Cello,misc.external.hsmusic,HSMusic,HSMusic,HSMusic,
FALSE,Cello,misc.external.hsmusic.archive,HSMusic (wiki archive),HSMusic (wiki archive),HSMusic (archivo de la wikia),
TRUE,"Niklink, Cello",misc.external.instagram,Instagram,Instagram,Instagram,
TRUE,Cello,misc.external.internetArchive,Internet Archive,Internet Archive,Internet Archive,
TRUE,Cello,misc.external.itch,itch.io,itch.io,itch.io,
TRUE,Cello,misc.external.kofi,Ko-fi,Ko-fi,Ko-fi,
TRUE,Cello,misc.external.linktree,Linktree,Linktree,Linktree,
TRUE,"Niklink, Cello",misc.external.mastodon,Mastodon,Mastodon,Mastodon,
TRUE,Cello,misc.external.mspfa,MSPFA,MSPFA,MSPFA,
TRUE,Cello,misc.external.neocities,Neocities,Neocities,Neocities,
TRUE,Cello,misc.external.newgrounds,Newgrounds,Newgrounds,Newgrounds,
FALSE,Cello,misc.external.nintendoMusic,Nintendo Music,Nintendo Music,Nintendo Music,
TRUE,"Niklink, Cello",misc.external.patreon,Patreon,Patreon,Patreon,
TRUE,"Niklink, Cello",misc.external.poetryFoundation,Poetry Foundation,Poetry Foundation,Poetry Foundation,
TRUE,Cello,misc.external.reddit,Reddit,Reddit,Reddit,
TRUE,Cello,misc.external.reddit.subreddit,Reddit ({SUBREDDIT}),Reddit ({SUBREDDIT}),Reddit ({SUBREDDIT}),
TRUE,"Niklink, Cello",misc.external.soundcloud,SoundCloud,SoundCloud,SoundCloud,
TRUE,Cello,misc.external.spotify,Spotify,Spotify,Spotify,
TRUE,Cello,misc.external.steam,Steam,Steam,Steam,
TRUE,Cello,misc.external.tiktok,TikTok,TikTok,TikTok,
TRUE,Cello,misc.external.toyhouse,Toyhouse,Toyhouse,Toyhouse,
TRUE,"Niklink, Cello",misc.external.tumblr,Tumblr,Tumblr,Tumblr,
TRUE,Cello,misc.external.twitch,Twitch,Twitch,Twitch,
TRUE,"Niklink, Cello",misc.external.twitter,Twitter,Twitter,Twitter,
TRUE,Cello,misc.external.waybackMachine,Wayback Machine,Wayback Machine,Wayback Machine,
TRUE,"Niklink, Cello",misc.external.wikipedia,Wikipedia,Wikipedia,Wikipedia,
TRUE,"Niklink, Cello",misc.external.youtube,YouTube,YouTube,YouTube,
TRUE,"Niklink, Cello",misc.external.youtube.flash,YouTube (on any device),YouTube (on any device),YouTube (en cualquier dispositivo),
TRUE,"Niklink, Cello",misc.external.youtube.playlist,YouTube (playlist),YouTube (playlist),YouTube (lista de reproducción),
TRUE,"Niklink, Cello",misc.external.youtube.fullAlbum,YouTube (full album),YouTube (full album),YouTube (álbum completo),
TRUE,,misc.external.youtubeMusic,YouTube Music,YouTube Music,YouTube Music,
TRUE,,misc.flashActWithTitle,{ACT}: {TITLE},{ACT}: {TITLE},{ACT}: {TITLE},
FALSE,Cello,misc.lyrics.source,Via {SOURCE},Via {SOURCE},Por {SOURCE},
FALSE,Cello,misc.lyrics.contributors,Contributions from {CONTRIBUTORS},Contributions from {CONTRIBUTORS},Contribuciones de {CONTRIBUTORS},
FALSE,Cello,misc.lyrics.squareBracketAnnotations,Mind parts marked in [square brackets],Mind parts marked in [square brackets],Tenga en mente partes marcadas en [corchetes],
FALSE,Cello,misc.missingImage,(This image file is missing),(This image file is missing),(Falta este archivo de imagen),
FALSE,Cello,misc.missingLinkContent,(Missing link content),(Missing link content),(Falta link al contenido),
TRUE,,misc.linkWithNameDetail.insideLink,{NAME} ({DETAIL}),{NAME} ({DETAIL}),{NAME} ({DETAIL}),
TRUE,,misc.linkWithNameDetail.withAccent,{LINK} {ACCENT},{LINK} {ACCENT},{LINK} {ACCENT},
TRUE,,misc.linkWithNameDetail.accent,({DETAIL}),({DETAIL}),({DETAIL}),
TRUE,Cello,misc.navAccent,({LINKS}),({LINKS}),({LINKS}),
FALSE,Cello,misc.quickDescription.readMore,Read more on {LINKS}.,Read more on {LINKS}.,Lea mas en {LINKS}.,
TRUE,Cello,misc.quickDescription.moreInfo,({LINK}),({LINK}),({LINK}),
FALSE,Cello,misc.quickDescription.moreInfo.link,More info...,More info...,Mas informacion...,
TRUE,Cello,misc.quickDescription.expandDescription,({EXPAND}),({EXPAND}),({EXPAND}),
FALSE,Cello,misc.quickDescription.expandDescription.expand,Expand description...,Expand description...,Expandir descripcion...,
FALSE,Cello,misc.quickDescription.expandDescription.orReadMore,"({EXPAND}, or read more on {LINKS})","({EXPAND}, or read more on {LINKS})","({EXPAND}, o lea mas en {LINKS})",
FALSE,Cello,misc.quickDescription.expandDescription.orReadMore.expand,Expand description,Expand description,Expandir descripcion,
TRUE,Cello,misc.quickDescription.collapseDescription,({COLLAPSE}),({COLLAPSE}),({COLLAPSE}),
FALSE,Cello,misc.quickDescription.collapseDescription.collapse,Collapse description,Collapse description,Colapsar descripcion,
FALSE,Cello,misc.quickDescription.collapseDescription.orReadMore,"({COLLAPSE}, or read more on {LINKS})","({COLLAPSE}, or read more on {LINKS})","({COLLAPSE}, or lea mas en {LINKS})",
FALSE,Cello,misc.quickDescription.collapseDescription.orReadMore.collapse,Collapse description,Collapse description,Colapsar descripcion,
TRUE,"Niklink, Cello",misc.nav.previous,Previous,Previous,Anterior,
TRUE,"Niklink, Cello",misc.nav.next,Next,Next,Siguiente,
TRUE,"Niklink, Cello",misc.nav.info,Info,Info,Info,
TRUE,"Niklink, Cello",misc.nav.gallery,Gallery,Gallery,Galería,
FALSE,Cello,misc.nav.rollingWindow,Rolling Window,Rolling Window,Ventana Enrollable,
TRUE,"Cello, Niklink",misc.pageTitle,{TITLE},{TITLE},{TITLE},
TRUE,,misc.pageTitle.withDetail,{TITLE} ({DETAIL}),{TITLE} ({DETAIL}),{TITLE} ({DETAIL}),
TRUE,Cello,misc.pageTitle.withSubtitle,{TITLE} - {SUBTITLE},{TITLE} - {SUBTITLE},{TITLE} - {SUBTITLE},
TRUE,"Cello, Niklink",misc.pageTitle.withWikiName,{TITLE} | {WIKI_NAME},{TITLE} | {WIKI_NAME},{TITLE} | {WIKI_NAME},
TRUE,,misc.pageTitle.withDetail.withSubtitle,{TITLE} ({DETAIL}) - {SUBTITLE},{TITLE} ({DETAIL}) - {SUBTITLE},{TITLE} ({DETAIL}) - {SUBTITLE},
TRUE,,misc.pageTitle.withDetail.withWikiName,{TITLE} ({DETAIL}) | {WIKI_NAME},{TITLE} ({DETAIL}) | {WIKI_NAME},{TITLE} ({DETAIL}) | {WIKI_NAME},
TRUE,Cello,misc.pageTitle.withSubtitle.withWikiName,{TITLE} - {SUBTITLE} | {WIKI_NAME},{TITLE} - {SUBTITLE} | {WIKI_NAME},{TITLE} - {SUBTITLE} | {WIKI_NAME},
TRUE,,misc.pageTitle.withDetail.withSubtitle.withWikiName,{TITLE} ({DETAIL}) - {SUBTITLE} | {WIKI_NAME},{TITLE} ({DETAIL}) - {SUBTITLE} | {WIKI_NAME},{TITLE} ({DETAIL}) - {SUBTITLE} | {WIKI_NAME},
TRUE,,misc.pageHeading,{TITLE},{TITLE},{TITLE},
TRUE,,misc.pageHeading.withDetail,{TITLE} {DETAIL_ACCENT},{TITLE} {DETAIL_ACCENT},{TITLE} {DETAIL_ACCENT},
TRUE,,misc.pageHeading.withDetail.accent,({DETAIL}),({DETAIL}),({DETAIL}),
FALSE,Cello,misc.search.placeholder,Search for anything,Search for anything,Buscando lo que sea,
FALSE,Cello,misc.search.preparing,Preparing...,Preparing...,Preparando...,
FALSE,Cello,misc.search.loadingData,Loading data...,Loading data...,Cargando data...,
FALSE,Cello,misc.search.searching,Searching...,Searching...,Buscando...,
FALSE,Cello,misc.search.failed,"There was an internal error, and your search couldn't be processed. Reloading this page and trying again may help. Sorry for the trouble!","There was an internal error, and your search couldn't be processed. Reloading this page and trying again may help. Sorry for the trouble!","Hubo un error interno, y tu búsqueda no pudo ser procesada. Recargar la página e intentando de nuevo puede que ayude. ¡Lamentamos el inconveniente!",
FALSE,Cello,misc.search.noResults,"No results for this query, sorry! Check spelling and use complete words.","No results for this query, sorry! Check spelling and use complete words.","¡Disculpa, no hay resultados para esta consulta! Revise ortografía y use palabras completas.",
FALSE,Cello,misc.search.back,Return to: {PAGE},Return to: {PAGE},Volver a: {PAGE},
FALSE,Cello,misc.search.currentResult,(you are here),(you are here),(tu estas aqui),
FALSE,Cello,misc.search.endSearch,"(OK, I'm done searching now.)","(OK, I'm done searching now.)","(Okay, búsqueda terminada por ahora.)",
FALSE,Cello,misc.search.resultKind.album,(album),(album),(album),
FALSE,Cello,misc.search.resultKind.artTag,(art tag),(art tag),(etiqueta de arte),
FALSE,Cello,misc.search.resultKind.artist,(artist),(artist),(artista),
FALSE,,misc.search.resultKind.flash,(flash),(flash),(flash),
FALSE,Cello,misc.search.resultKind.group,(group),(group),(grupo),
FALSE,,misc.search.resultKind.single,(single),(single),(sencillo),
FALSE,Cello,misc.search.resultKind.vgmAlbum,(in-game vgm),(in-game vgm),(musica de videojuego),
TRUE,,misc.search.resultDisambiguator.group,({CATEGORY}),({CATEGORY}),({CATEGORY}),
FALSE,Cello,misc.search.resultDisambiguator.flash,(in {ACT}),(in {ACT}),(en {ACT}),
FALSE,Cello,misc.search.resultDisambiguator.track.album,(from {ALBUM}),(from {ALBUM}),(de {ALBUM}),
FALSE,Cello,misc.search.resultDisambiguator.track.artists,(by {ARTISTS}),(by {ARTISTS}),(por {ARTISTS}),
FALSE,Cello,misc.search.resultFilter.album,Releases,Releases,Lanzamientos,
FALSE,Cello,misc.search.resultFilter.artTag,Art Tags,Art Tags,Tiquetas de Arte,
FALSE,Cello,misc.search.resultFilter.artist,Artists,Artists,Artistas,
FALSE,Cello,misc.search.resultFilter.flash,Flashes,Flashes,Flashes,
FALSE,Cello,misc.search.resultFilter.group,Groups,Groups,Grupos,
FALSE,Cello,misc.search.resultFilter.track,Tracks,Tracks,Pistas,
FALSE,Cello,misc.referencingSources,{CUE} for {THING}:,{CUE} for {THING}:,{CUE} para {THING}:,
TRUE,,misc.referencingSources.withoutName,{CUE}:,{CUE}:,{CUE}:,
FALSE,Cello,misc.referencingSources.collapsed,{CUE} for {THING}…,{CUE} for {THING}…,{CUE} para {THING}…,
TRUE,,misc.referencingSources.withoutName.collapsed,{CUE}…,{CUE}…,{CUE}…,
FALSE,Cello,misc.referencingSources.cue,Referencing sources,Referencing sources,Fuentes referenciadas,
FALSE,Cello,misc.referencingSources.sticky,Referencing sources:,Referencing sources:,Fuentes referenciadas:,
TRUE,"Lanolin, Cello",misc.skippers.skipTo,Skip to:,Skip to:,Saltar:,"These strings used to each include ""Skip to"". They're displayed in a more compact list now. -Lan"
TRUE,"Lanolin, Cello",misc.skippers.content,Content,Content,Contenido,"was ""Saltar al pie de página"", etc -Lan"
FALSE,Cello,misc.skippers.header,Header,Header,Encabezado,
TRUE,"Lanolin, Cello",misc.skippers.footer,Footer,Footer,Pie de página,
TRUE,"Lanolin, Cello",misc.skippers.sidebar,Sidebar,Sidebar,Barra lateral,"was ""Saltar a la barra lateral"", etc -Lan"
TRUE,"Lanolin, Cello",misc.skippers.sidebar.left,Sidebar (left),Sidebar (left),Barra lateral (izquierda),
TRUE,"Lanolin, Cello",misc.skippers.sidebar.right,Sidebar (right),Sidebar (right),Barra lateral (derecha),
FALSE,Cello,misc.skippers.artistCommentary,Artist commentary,Artist commentary,Comentario de artista,
FALSE,Cello,misc.skippers.creditingSources,Crediting sources,Crediting sources,Fuentes de créditos,
FALSE,Cello,misc.skippers.tracks,Tracks,Tracks,Pistas,
FALSE,Cello,misc.skippers.artworks,Artworks,Artworks,Arte,
TRUE,,misc.skippers.flashes,Flashes,Flashes,Flashes,
FALSE,Cello,misc.skippers.commentary,Commentary,Commentary,Comentario,
FALSE,Cello,misc.skippers.contributors,Contributors,Contributors,Colaboradores,
FALSE,Cello,misc.skippers.references,References...,References...,Referencias...,
FALSE,Cello,misc.skippers.referencedBy,Referenced by...,Referenced by...,Referenciado por...,
FALSE,Cello,misc.skippers.samples,Samples...,Samples...,Sampleos...,
FALSE,Cello,misc.skippers.sampledBy,Sampled by...,Sampled by...,Sampleado por...,
FALSE,Cello,misc.skippers.features,Features...,Features...,Apariciones...,
FALSE,Cello,misc.skippers.featuredIn,Featured in...,Featured in...,Aparece en...,
FALSE,Cello,misc.skippers.referencingSources,Referencing sources,Referencing sources,Fuentes referenciadas,
FALSE,Cello,misc.skippers.lyrics,Lyrics,Lyrics,Letras,
FALSE,Cello,misc.skippers.sheetMusicFiles,Sheet music files,Sheet music files,Partituras,
FALSE,Cello,misc.skippers.midiProjectFiles,MIDI/project files,MIDI/project files,MIDI/archivos de proyecto,
FALSE,Cello,misc.skippers.additionalFiles,Additional files,Additional files,Archivos adicionales,
TRUE,Cello,misc.socialEmbed.heading,{WIKI_NAME} | {HEADING},{WIKI_NAME} | {HEADING},{WIKI_NAME} | {HEADING},
TRUE,"Niklink, Cello",misc.jumpTo,Jump to:,Jump to:,Saltar a:,
TRUE,"Niklink, Cello",misc.jumpTo.withLinks,Jump to: {LINKS}.,Jump to: {LINKS}.,Saltar a: {LINKS}.,
TRUE,Cello,misc.contentWarnings.warnings,{WARNINGS},{WARNINGS},{WARNINGS},
TRUE,"Niklink, Cello",misc.contentWarnings.reveal,click to show,click to show,haga clic para mostrar,
FALSE,Cello,misc.coverArtwork.artworkBy,Artwork by {ARTISTS},Artwork by {ARTISTS},Carátula por {ARTISTS},
FALSE,Cello,misc.coverArtwork.artworkBy.customLabel,{LABEL} by {ARTISTS},{LABEL} by {ARTISTS},{LABEL} por {ARTISTS},
FALSE,Cello,misc.coverArtwork.artworkBy.withYear,Artwork ({YEAR}) by {ARTISTS},Artwork ({YEAR}) by {ARTISTS},Arte ({YEAR}) por {ARTISTS},
FALSE,Cello,misc.coverArtwork.artworkBy.customLabel.withYear,{LABEL} ({YEAR}) by {ARTISTS},{LABEL} ({YEAR}) by {ARTISTS},{LABEL} ({YEAR}) por {ARTISTS},
FALSE,Cello,misc.coverArtwork.source,Via {SOURCE},Via {SOURCE},Por {SOURCE},
FALSE,Cello,misc.coverArtwork.source.customLabel,{LABEL} via {SOURCE},{LABEL} via {SOURCE},{LABEL} por {SOURCE},
FALSE,Cello,misc.coverArtwork.source.withYear,Via {SOURCE} ({YEAR}),Via {SOURCE} ({YEAR}),Por {SOURCE} ({YEAR}),
FALSE,Cello,misc.coverArtwork.source.customLabel.withYear,{LABEL} ({YEAR}) via {SOURCE},{LABEL} ({YEAR}) via {SOURCE},{LABEL} ({YEAR}) por {SOURCE},
TRUE,Cello,misc.coverArtwork.customLabel,{LABEL},{LABEL},{LABEL},
TRUE,Cello,misc.coverArtwork.customLabel.withYear,{LABEL} ({YEAR}),{LABEL} ({YEAR}),{LABEL} ({YEAR}),
FALSE,Cello,misc.coverArtwork.year,Released {YEAR},Released {YEAR},Lanzado {YEAR},
FALSE,Cello,misc.coverArtwork.trackArtFromAlbum,Album cover for {ALBUM},Album cover for {ALBUM},Caratula de portada para {ALBUM},
FALSE,Cello,misc.coverArtwork.sameTagsAsMainArtwork,Same tags as main artwork,Same tags as main artwork,Mismas etiquetas para arte principal,
FALSE,Cello,misc.musicVideo.label,Music video!,Music video!,¡Video musical!,
TRUE,,misc.musicVideo.label.customLabel,{LABEL}!,{LABEL}!,¡{LABEL}!,
TRUE,,misc.musicVideo.label.customLabel.title,{TITLE},{TITLE},{TITLE},
TRUE,,misc.musicVideo.label.customLabel.besideTitle,{LABEL},{LABEL},{LABEL},
FALSE,Cello,misc.musicVideo.watchOn,Watch on: {LINKS},Watch on: {LINKS},Vea en: {LINKS},
FALSE,Cello,misc.musicVideo.artistsLine,Music video {CREDIT},Music video {CREDIT},Video musical {CREDIT},
TRUE,,misc.musicVideo.artistsLine.customLabel,{LABEL} {CREDIT},{LABEL} {CREDIT},{LABEL} {CREDIT},
FALSE,Cello,misc.musicVideo.artistsLine.credit,by {ARTISTS},by {ARTISTS},por {ARTISTS},
FALSE,Cello,misc.musicVideo.artistsLine.noLabel,By {ARTISTS},By {ARTISTS},Por {ARTISTS},
FALSE,Cello,misc.musicVideo.date,Released {DATE},Released {DATE},Lanzado el {DATE},
FALSE,Cello,misc.musicVideo.date.sameDayAsTrack,Released alongside this track,Released alongside this track,Lanzado junto a esta pista,
FALSE,Cello,misc.musicVideo.date.sameDayAsAlbum,Released alongside this album,Released alongside this album,Lanzado junto a este album,
FALSE,Cello,misc.musicVideo.date.sameDayAsSingle,Released alongside this single,Released alongside this single,Lanzado junto a este sencillo,
FALSE,Cello,misc.musicVideo.contributorsLine,Contributors: {CREDIT},Contributors: {CREDIT},Contribuyentes: {CREDIT},
FALSE,Cello,misc.musicVideo.contributorsLine.credit,{ARTISTS},{ARTISTS},{ARTISTS},
FALSE,Cello,misc.musicVideo.contributorsList.title,Contributors:,Contributors:,Contribuyentes:,
FALSE,Cello,misc.coverGrid.revealAll.reveal,Reveal all artworks,Reveal all artworks,Revelar todas las artes,
FALSE,Cello,misc.coverGrid.revealAll.conceal,Conceal all artworks,Conceal all artworks,Esconder todas las artes,
FALSE,Cello,misc.coverGrid.revealAll.warnings,In this gallery: {WARNINGS},In this gallery: {WARNINGS},En esta galeria: {WARNINGS},
TRUE,Cello,misc.coverGrid.expandCollapseCue,({CUE}),({CUE}),({CUE}),
FALSE,Cello,misc.coverGrid.expand,Show the rest!,Show the rest!,¡Mostrar el resto!,
FALSE,Cello,misc.coverGrid.collapse,Collapse these,Collapse these,Colapsar estos,
TRUE,Cello,misc.coverGrid.noCoverArt,{ALBUM},{ALBUM},{ALBUM},
TRUE,Cello,misc.coverGrid.tab.groups,{GROUPS},{GROUPS},{GROUPS},
TRUE,Cello,misc.coverGrid.tab.artists,{ARTISTS},{ARTISTS},{ARTISTS},
FALSE,,misc.coverGrid.tab.artists.featuring,{ARTISTS} feat. {FEATURING},{ARTISTS} feat. {FEATURING},{ARTISTS} colaborando con {FEATURING},
TRUE,Cello,misc.coverGrid.details.notFromThisGroup,{NAME}{MARKER},{NAME}{MARKER},{NAME}{MARKER},
TRUE,,misc.coverGrid.details.notFromThisGroup.marker,*,*,*,
TRUE,Cello,misc.coverGrid.details.accent,({DETAILS}),({DETAILS}),({DETAILS}),
TRUE,Cello,misc.coverGrid.details.albumLength,"{TRACKS}, {TIME}","{TRACKS}, {TIME}","{TRACKS}, {TIME}",
FALSE,Cello,misc.coverGrid.details.albumLength.single,"single, {TIME}","single, {TIME}","sencillo, {TIME}",
FALSE,Cello,misc.coverGrid.details.albumLength.single.withMultipleTracks,"single, {TRACKS}, {TIME}+","single, {TRACKS}, {TIME}+","sencillo, {TRACKS}, {TIME}+",
FALSE,Cello,misc.coverGrid.details.albumLength.tracksOnly,{TRACKS},{TRACKS},{TRACKS},
FALSE,Cello,misc.coverGrid.details.coverArtists,Artwork by {ARTISTS},Artwork by {ARTISTS},Arte por {ARTISTS},
FALSE,Cello,misc.coverGrid.details.coverArtists.customLabel,{LABEL} by {ARTISTS},{LABEL} by {ARTISTS},{LABEL} por {ARTISTS},
FALSE,Cello,misc.coverGrid.details.otherCoverArtists,With {ARTISTS},With {ARTISTS},Con {ARTISTS},
TRUE,Cello,misc.albumGalleryGrid.noCoverArt,{NAME},{NAME},{NAME},
TRUE,"Cello, Niklink",misc.uiLanguage,UI Language: {LANGUAGES},UI Language: {LANGUAGES},Interfaz de lenguaje: {LANGUAGES},
FALSE,Cello,homepage.title,{TITLE},{TITLE},{TITLE},
FALSE,Cello,homepage.news.title,News,News,Noticias,
FALSE,Cello,homepage.news.entry.viewRest,(View rest of entry!),(View rest of entry!),(¡Ver resto de la entrada!),
FALSE,Cello,albumSidebar.trackList.item,{TRACK},{TRACK},{TRACK},
TRUE,,albumSidebar.trackList.item.withDetail,{TRACK} {DETAIL_ACCENT},{TRACK} {DETAIL_ACCENT},{TRACK} {DETAIL_ACCENT},
TRUE,,albumSidebar.trackList.item.withDetail.accent,({DETAIL}),({DETAIL}),({DETAIL}),
TRUE,Cello,albumSidebar.trackList.fallbackSectionName,Track list,Track list,Lista de pistas,
TRUE,Cello,albumSidebar.trackList.group,{GROUP},{GROUP},{GROUP},
TRUE,"Cello, Lan",albumSidebar.trackList.group.withRange,{GROUP} {RANGE_PART},{GROUP} {RANGE_PART},{GROUP} {RANGE_PART},
TRUE,"Cello, Lan",albumSidebar.trackList.group.withRange.rangePart,({RANGE}),({RANGE}),({RANGE}),
TRUE,Cello,albumSidebar.groupBox.title,{GROUP},{GROUP},{GROUP},
FALSE,Cello,albumSidebar.groupBox.next,Next: {ALBUM},Next: {ALBUM},Siguiente: {ALBUM},
FALSE,Cello,albumSidebar.groupBox.previous,Previous: {ALBUM},Previous: {ALBUM},Previo: {ALBUM},
TRUE,Cello,albumSidebar.releaseBox.title,{ALBUM},{ALBUM},{ALBUM},
TRUE,Cello,albumSecondaryNav.group,{GROUP},{GROUP},{GROUP},
TRUE,Cello,albumSecondaryNav.group.withPreviousNext,{GROUP} ({PREVIOUS_NEXT}),{GROUP} ({PREVIOUS_NEXT}),{GROUP} ({PREVIOUS_NEXT}),
TRUE,Cello,albumSecondaryNav.series,{SERIES},{SERIES},{SERIES},
TRUE,Cello,albumSecondaryNav.series.withPreviousNext,{SERIES} ({PREVIOUS_NEXT}),{SERIES} ({PREVIOUS_NEXT}),{SERIES} ({PREVIOUS_NEXT}),
TRUE,Cello,albumPage.title,{ALBUM},{ALBUM},{ALBUM},
TRUE,Cello,albumPage.nav.album,{ALBUM},{ALBUM},{ALBUM},
FALSE,Cello,albumPage.nav.backToAlbum,Return to album page,Return to album page,Volver a pagina de album,
TRUE,,albumPage.nav.albumAccent.withNameDetail,{NAME_DETAIL},{NAME_DETAIL},{NAME_DETAIL},
TRUE,,albumPage.nav.albumAccent.withType,{TYPE},{TYPE},{TYPE},
TRUE,,albumPage.nav.albumAccent.withNameDetail.withType,{TYPE}: {NAME_DETAIL},{TYPE}: {NAME_DETAIL},{TYPE}: {NAME_DETAIL},
FALSE,Cello,albumPage.nav.albumAccent.type.single,single,single,sencillo,
FALSE,Cello,albumPage.nav.albumAccent.type.vgm,in-game vgm,in-game vgm,musica de videojuego,
TRUE,,albumPage.nav.albumAccent.withLinks,{ACCENT} - {LINKS},{ACCENT} - {LINKS},{ACCENT} - {LINKS},
FALSE,Cello,albumPage.nav.randomTrack,Random Track,Random Track,Pista Aleatoria,
FALSE,Cello,albumPage.nav.gallery,Gallery,Gallery,Galeria,
FALSE,Cello,albumPage.nav.commentary,Commentary,Commentary,Comentario,
FALSE,Cello,albumPage.socialEmbed.heading,{GROUP},{GROUP},{GROUP},
FALSE,Cello,albumPage.socialEmbed.title,{ALBUM},{ALBUM},{ALBUM},
FALSE,Cello,albumPage.socialEmbed.body.withDuration,{DURATION}.,{DURATION}.,{DURATION}.,
FALSE,Cello,albumPage.socialEmbed.body.withTracks,{TRACKS}.,{TRACKS}.,{TRACKS}.,
FALSE,Cello,albumPage.socialEmbed.body.withDateReleased,Released {DATE}.,Released {DATE}.,Lanzado {DATE}.,
FALSE,Cello,albumPage.socialEmbed.body.withDatePosted,Posted {DATE}.,Posted {DATE}.,Publicado {DATE}.,
TRUE,Cello,albumPage.socialEmbed.body.withDuration.withTracks,"{DURATION}, {TRACKS}.","{DURATION}, {TRACKS}.","{DURATION}, {TRACKS}.",
FALSE,Cello,albumPage.socialEmbed.body.withDuration.withDateReleased,{DURATION}. Released {DATE}.,{DURATION}. Released {DATE}.,{DURATION}. Lanzado {DATE}.,
FALSE,Cello,albumPage.socialEmbed.body.withDuration.withDatePosted,{DURATION}. Posted {DATE}.,{DURATION}. Posted {DATE}.,{DURATION}. Publicado {DATE}.,
FALSE,Cello,albumPage.socialEmbed.body.withTracks.withDateReleased,{TRACKS}. Released {DATE}.,{TRACKS}. Released {DATE}.,{TRACKS}. Lanzado {DATE}.,
FALSE,Cello,albumPage.socialEmbed.body.withTracks.withDatePosted,{DURATION}. Posted {DATE}.,{DURATION}. Posted {DATE}.,{DURATION}. Publicado {DATE}.,
FALSE,Cello,albumPage.socialEmbed.body.withDuration.withTracks.withDateReleased,"{DURATION}, {TRACKS}. Released {DATE}.","{DURATION}, {TRACKS}. Released {DATE}.","{DURATION}, {TRACKS}. Lanzado {DATE}.",
FALSE,Cello,albumPage.socialEmbed.body.withDuration.withTracks.withDatePosted,"{DURATION}, {TRACKS}. Posted {DATE}.","{DURATION}, {TRACKS}. Posted {DATE}.","{DURATION}, {TRACKS}. Publicado {DATE}.",
FALSE,Cello,albumGalleryPage.title,{ALBUM} - Gallery,{ALBUM} - Gallery,{ALBUM} - Galeria,
FALSE,Cello,albumGalleryPage.statsLine,{TRACKS} totaling {DURATION}.,{TRACKS} totaling {DURATION}.,{TRACKS} sumando a {DURATION}.,
FALSE,Cello,albumGalleryPage.statsLine.withDateReleased,{TRACKS} totaling {DURATION}. Released {DATE}.,{TRACKS} totaling {DURATION}. Released {DATE}.,{TRACKS} sumando a {DURATION}. Lanzado {DATE}.,
FALSE,Cello,albumGalleryPage.statsLine.withDatePosted,{TRACKS} totaling {DURATION}. Posted {DATE}.,{TRACKS} totaling {DURATION}. Posted {DATE}.,{TRACKS} sumando a {DURATION}. Publicado {DATE}.,
FALSE,Cello,albumGalleryPage.statsLine.withDateReleased.noDuration,Released {DATE}.,Released {DATE}.,Lanzado {DATE}.,
FALSE,Cello,albumGalleryPage.statsLine.withDatePosted.noDuration,Posted {DATE}.,Posted {DATE}.,Publicado {DATE}.,
FALSE,Cello,albumGalleryPage.coverArtistsLine,All track artwork by {ARTISTS}.,All track artwork by {ARTISTS}.,Todos las artes para pistas por {ARTISTS}.,
FALSE,Cello,albumGalleryPage.noTrackArtworksLine,This album doesn't have any track artwork.,This album doesn't have any track artwork.,Este album no tiene ningun arte de pista.,
FALSE,Cello,albumGalleryPage.setSwitcher,({SETS}),({SETS}),({SETS}),
FALSE,Cello,albumGalleryPage.setSwitcher.unlabeledSet,Main album art,Main album art,Arte principal de album,
FALSE,Cello,albumCommentaryPage.title,{ALBUM} - Commentary,{ALBUM} - Commentary,{ALBUM} - Comentario,
FALSE,Cello,albumCommentaryPage.nav.album,Album: {ALBUM},Album: {ALBUM},Album: {ALBUM},
FALSE,Cello,albumCommentaryPage.sidebar.noTrackCommentary,No track commentary.,No track commentary.,No hay comentario de pista.,
FALSE,Cello,albumCommentaryPage.sidebar.noCommentary,No album or track commentary.,No album or track commentary.,No hay comentario de album o pista.,
FALSE,Cello,albumCommentaryPage.infoLine,{WORDS} across {ENTRIES}.,{WORDS} across {ENTRIES}.,{WORDS} a traves de {ENTRIES}.,
FALSE,Cello,albumCommentaryPage.infoLine.withoutCommentary,This album does not have any commentary.,This album does not have any commentary.,Este album no tiene ningun comentario.,
TRUE,Cello,albumCommentaryPage.entry.title.albumCommentary,{ALBUM},{ALBUM},{ALBUM},
FALSE,Cello,albumCommentaryPage.entry.title.albumCommentary.sticky,{ALBUM} (album commentary),{ALBUM} (album commentary),{ALBUM} (comentario de album),
FALSE,Cello,albumCommentaryPage.entry.title.albumCommentary.accent,Listen on: {LISTENING_LINKS},Listen on: {LISTENING_LINKS},Escucha en: {LISTENING_LINKS},
TRUE,Cello,albumCommentaryPage.entry.title.trackCommentary,{TRACK},{TRACK},{TRACK},
FALSE,Cello,albumCommentaryPage.entry.title.trackCommentary.accent,Listen on: {LISTENING_LINKS},Listen on: {LISTENING_LINKS},Escucha en: {LISTENING_LINKS},
TRUE,Cello,artistPage.title,{ARTIST},{ARTIST},{ARTIST},
FALSE,Cello,artistPage.nav.artist,Artist: {ARTIST},Artist: {ARTIST},Artista: {ARTIST},
FALSE,Cello,artistPage.closelyLinkedGroups.one,This artist has a group page: {GROUP}.,This artist has a group page: {GROUP}.,Este artista tiene una pagina de grupo: {GROUP}.,
FALSE,Cello,artistPage.closelyLinkedGroups.multiple,This artist has group pages: {GROUPS}.,This artist has group pages: {GROUPS}.,Este artista tiene una pagina de grupos: {GROUPS}.,
TRUE,Cello,artistPage.closelyLinkedGroups.group,{GROUP},{GROUP},{GROUP},
TRUE,Cello,artistPage.closelyLinkedGroups.group.withAnnotation,{GROUP} ({ANNOTATION}),{GROUP} ({ANNOTATION}),{GROUP} ({ANNOTATION}),
FALSE,Cello,artistPage.closelyLinkedGroups.alias,This artist is an alias of {GROUPS}.,This artist is an alias of {GROUPS}.,Este artista tiene un alias de {GROUPS}.,
TRUE,Cello,artistPage.creditList.album,{ALBUM},{ALBUM},{ALBUM},
TRUE,Cello,artistPage.creditList.album.withCredit,{ALBUM} {CREDIT},{ALBUM} {CREDIT},{ALBUM} {CREDIT},
FALSE,Cello,artistPage.creditList.album.credit.by,by {ARTISTS},by {ARTISTS},por {ARTISTS},
FALSE,Cello,artistPage.creditList.album.withDate,{ALBUM} ({DATE}),{ALBUM} ({DATE}),{ALBUM} ({DATE}),
FALSE,Cello,artistPage.creditList.album.withDuration,{ALBUM} ({DURATION}),{ALBUM} ({DURATION}),{ALBUM} ({DURATION}),
FALSE,Cello,artistPage.creditList.album.withDateRange,{ALBUM} (tracks {DATE_RANGE}),{ALBUM} (tracks {DATE_RANGE}),{ALBUM} (pistas {DATE_RANGE}),
TRUE,Cello,artistPage.creditList.album.withDate.withDuration,{ALBUM} ({DATE}; {DURATION}),{ALBUM} ({DATE}; {DURATION}),{ALBUM} ({DATE}; {DURATION}),
FALSE,Cello,artistPage.creditList.album.withDateRange.withDuration,{ALBUM} (tracks {DATE_RANGE}; {DURATION}),{ALBUM} (tracks {DATE_RANGE}; {DURATION}),{ALBUM} (pistas {DATE_RANGE}; {DURATION}),
TRUE,Cello,artistPage.creditList.flashAct,{ACT},{ACT},{ACT},
TRUE,Cello,artistPage.creditList.flashAct.withDate,{ACT} ({DATE}),{ACT} ({DATE}),{ACT} ({DATE}),
TRUE,Cello,artistPage.creditList.flashAct.withDateRange,{ACT} ({DATE_RANGE}),{ACT} ({DATE_RANGE}),{ACT} ({DATE_RANGE}),
TRUE,Cello,artistPage.creditList.entry.withAnnotation,{ENTRY} — {ANNOTATION},{ENTRY} — {ANNOTATION},{ENTRY} — {ANNOTATION},
TRUE,Cello,artistPage.creditList.entry.withCitation,{ENTRY} ({CITATION}),{ENTRY} ({CITATION}),{ENTRY} ({CITATION}),
TRUE,Cello,artistPage.creditList.entry.citation,{CITATION},{CITATION},{CITATION},
FALSE,Cello,artistPage.creditList.entry.citation.quoted,quoted: {CITATION},quoted: {CITATION},citado: {CITATION},
FALSE,Cello,artistPage.creditList.entry.quoted,quoted,quoted,citado,
TRUE,"Cello, Lan",artistPage.creditList.entry.rerelease,{ENTRY} ({RERELEASE}),{ENTRY} ({RERELEASE}),{ENTRY} ({RERELEASE}),
TRUE,,artistPage.creditList.entry.rerelease.withAnnotation,{ENTRY} ({RERELEASE}) — {ANNOTATION},{ENTRY} ({RERELEASE}) — {ANNOTATION},{ENTRY} ({RERELEASE}) — {ANNOTATION},
TRUE,"Cello, Lan",artistPage.creditList.entry.rerelease.term,rerelease,rerelease,relanzamiento,
FALSE,Cello,artistPage.creditList.entry.rerelease.firstRelease,First released on {ALBUM},First released on {ALBUM},Lanzado por primera vez en {ALBUM},
FALSE,Cello,artistPage.creditList.entry.rerelease.notCreditedOnFirstRelease,{ARTIST} isn't credited on this track's first release.,{ARTIST} isn't credited on this track's first release.,{ARTIST} no esta creditado en el primer lanzamiento de esta pista,
TRUE,,artistPage.creditList.entry.firstRelease,{ENTRY} ({FIRST_RELEASE}),{ENTRY} ({FIRST_RELEASE}),{ENTRY} ({FIRST_RELEASE}),
TRUE,,artistPage.creditList.entry.firstRelease.withAnnotation,{ENTRY} ({FIRST_RELEASE}) — {ANNOTATION},{ENTRY} ({FIRST_RELEASE}) — {ANNOTATION},{ENTRY} ({FIRST_RELEASE}) — {ANNOTATION},
FALSE,Cello,artistPage.creditList.entry.firstRelease.term,first release,first release,primer lanzamiento,
FALSE,Cello,artistPage.creditList.entry.firstRelease.rerelease,Also released on {ALBUM},Also released on {ALBUM},Tambien lanzado en {ALBUM},
FALSE,Cello,artistPage.creditList.entry.track,{TRACK},{TRACK},{TRACK},
TRUE,,artistPage.creditList.entry.track.musicVideo,{TRACK},{TRACK},{TRACK},
TRUE,,artistPage.creditList.entry.track.musicVideo.withLinks,{TRACK}: {LINKS},{TRACK}: {LINKS},{TRACK}: {LINKS},
TRUE,,artistPage.creditList.entry.track.musicVideo.withTitle,{TRACK} — {TITLE},{TRACK} — {TITLE},{TRACK} — {TITLE},
TRUE,,artistPage.creditList.entry.track.musicVideo.withTitle.withLinks,{TRACK} — {TITLE}: {LINKS},{TRACK} — {TITLE}: {LINKS},{TRACK} — {TITLE}: {LINKS},
TRUE,,artistPage.creditList.entry.track.musicVideo.withLabel,{TRACK} — {LABEL},{TRACK} — {LABEL},{TRACK} — {LABEL},
TRUE,,artistPage.creditList.entry.track.musicVideo.withLabel.withLinks,{TRACK} — {LABEL}: {LINKS},{TRACK} — {LABEL}: {LINKS},{TRACK} — {LABEL}: {LINKS},
TRUE,,artistPage.creditList.entry.track.musicVideo.withCredit,"{TRACK}, {CREDIT}","{TRACK}, {CREDIT}","{TRACK}, {CREDIT}",
TRUE,,artistPage.creditList.entry.track.musicVideo.withCredit.withLinks,"{TRACK}, {CREDIT}: {LINKS}","{TRACK}, {CREDIT}: {LINKS}","{TRACK}, {CREDIT}: {LINKS}",
TRUE,,artistPage.creditList.entry.track.musicVideo.withCredit.withTitle,"{TRACK}, {TITLE} {CREDIT}","{TRACK}, {TITLE} {CREDIT}","{TRACK}, {TITLE} {CREDIT}",
TRUE,,artistPage.creditList.entry.track.musicVideo.withCredit.withTitle.withLinks,"{TRACK}, {TITLE} {CREDIT}: {LINKS}","{TRACK}, {TITLE} {CREDIT}: {LINKS}","{TRACK}, {TITLE} {CREDIT}: {LINKS}",
TRUE,,artistPage.creditList.entry.track.musicVideo.withCredit.withLabel,"{TRACK}, {LABEL} {CREDIT}","{TRACK}, {LABEL} {CREDIT}","{TRACK}, {LABEL} {CREDIT}",
TRUE,,artistPage.creditList.entry.track.musicVideo.withCredit.withLabel.withLinks,"{TRACK}, {LABEL} {CREDIT}: {LINKS}","{TRACK}, {LABEL} {CREDIT}: {LINKS}","{TRACK}, {LABEL} {CREDIT}: {LINKS}",
TRUE,,artistPage.creditList.entry.track.musicVideo.withDate,({DATE}) {TRACK},({DATE}) {TRACK},({DATE}) {TRACK},
TRUE,,artistPage.creditList.entry.track.musicVideo.withDate.withLinks,({DATE}) {TRACK}: {LINKS},({DATE}) {TRACK}: {LINKS},({DATE}) {TRACK}: {LINKS},
TRUE,,artistPage.creditList.entry.track.musicVideo.withDate.withTitle,({DATE}) {TRACK} — {TITLE},({DATE}) {TRACK} — {TITLE},({DATE}) {TRACK} — {TITLE},
TRUE,,artistPage.creditList.entry.track.musicVideo.withDate.withTitle.withLinks,({DATE}) {TRACK} — {TITLE}: {LINKS},({DATE}) {TRACK} — {TITLE}: {LINKS},({DATE}) {TRACK} — {TITLE}: {LINKS},
TRUE,,artistPage.creditList.entry.track.musicVideo.withDate.withLabel,({DATE}) {TRACK} — {LABEL},({DATE}) {TRACK} — {LABEL},({DATE}) {TRACK} — {LABEL},
TRUE,,artistPage.creditList.entry.track.musicVideo.withDate.withLabel.withLinks,({DATE}) {TRACK} — {LABEL}: {LINKS},({DATE}) {TRACK} — {LABEL}: {LINKS},({DATE}) {TRACK} — {LABEL}: {LINKS},
TRUE,,artistPage.creditList.entry.track.musicVideo.withDate.withCredit,"({DATE}) {TRACK}, {CREDIT}","({DATE}) {TRACK}, {CREDIT}","({DATE}) {TRACK}, {CREDIT}",
TRUE,,artistPage.creditList.entry.track.musicVideo.withDate.withCredit.withLinks,"({DATE}) {TRACK}, {CREDIT}: {LINKS}","({DATE}) {TRACK}, {CREDIT}: {LINKS}","({DATE}) {TRACK}, {CREDIT}: {LINKS}",
TRUE,,artistPage.creditList.entry.track.musicVideo.withDate.withCredit.withTitle,"({DATE}) {TRACK}, {TITLE} {CREDIT}","({DATE}) {TRACK}, {TITLE} {CREDIT}","({DATE}) {TRACK}, {TITLE} {CREDIT}",
TRUE,,artistPage.creditList.entry.track.musicVideo.withDate.withCredit.withTitle.withLinks,"({DATE}) {TRACK}, {TITLE} {CREDIT}: {LINKS}","({DATE}) {TRACK}, {TITLE} {CREDIT}: {LINKS}","({DATE}) {TRACK}, {TITLE} {CREDIT}: {LINKS}",
TRUE,,artistPage.creditList.entry.track.musicVideo.withDate.withCredit.withLabel,"({DATE}) {TRACK}, {LABEL} {CREDIT}","({DATE}) {TRACK}, {LABEL} {CREDIT}","({DATE}) {TRACK}, {LABEL} {CREDIT}",
TRUE,,artistPage.creditList.entry.track.musicVideo.withDate.withCredit.withLabel.withLinks,"({DATE}) {TRACK}, {LABEL} {CREDIT}: {LINKS}","({DATE}) {TRACK}, {LABEL} {CREDIT}: {LINKS}","({DATE}) {TRACK}, {LABEL} {CREDIT}: {LINKS}",
FALSE,Cello,artistPage.creditList.entry.track.musicVideo.credit,video by {ARTISTS},video by {ARTISTS},video por {ARTISTS},
FALSE,Cello,artistPage.creditList.entry.track.musicVideo.credit.alongsideLabel,by {ARTISTS},by {ARTISTS},por {ARTISTS},
FALSE,Cello,artistPage.creditList.entry.track.musicVideo.credit.alongsideTitle,by {ARTISTS},by {ARTISTS},por {ARTISTS},
TRUE,,artistPage.creditList.entry.track.miscellaneousAdditionalFile,{TITLE}: {TRACK},{TITLE}: {TRACK},{TITLE}: {TRACK},
TRUE,,artistPage.creditList.entry.track.miscellaneousAdditionalFile.withCredit,{TITLE} ({CREDIT}): {TRACK},{TITLE} ({CREDIT}): {TRACK},{TITLE} ({CREDIT}): {TRACK},
TRUE,,artistPage.creditList.entry.track.miscellaneousAdditionalFile.withMultipleFiles,{TITLE}: {TRACK} ({FILES}),{TITLE}: {TRACK} ({FILES}),{TITLE}: {TRACK} ({FILES}),
FALSE,Cello,artistPage.creditList.entry.track.miscellaneousAdditionalFile.withNoFiles,{TITLE}: {TRACK} (no files),{TITLE}: {TRACK} (no files),{TITLE}: {TRACK} (sin archivos),
TRUE,,artistPage.creditList.entry.track.miscellaneousAdditionalFile.withCredit.withMultipleFiles,{TITLE} ({CREDIT}): {TRACK} ({FILES}),{TITLE} ({CREDIT}): {TRACK} ({FILES}),{TITLE} ({CREDIT}): {TRACK} ({FILES}),
FALSE,Cello,artistPage.creditList.entry.track.miscellaneousAdditionalFile.withCredit.withNoFiles,{TITLE} ({CREDIT}): {TRACK} (no files),{TITLE} ({CREDIT}): {TRACK} (no files),{TITLE} ({CREDIT}): {TRACK} (sin archivos),
FALSE,Cello,artistPage.creditList.entry.track.miscellaneousAdditionalFile.placeholderTitle,Additional file,Additional file,Archivo adicional,
FALSE,Cello,artistPage.creditList.entry.track.miscellaneousAdditionalFile.credit,by {ARTISTS},by {ARTISTS},por {ARTISTS},
TRUE,,artistPage.creditList.entry.track.sheetMusicFile,{TITLE}: {TRACK},{TITLE}: {TRACK},{TITLE}: {TRACK},
TRUE,,artistPage.creditList.entry.track.sheetMusicFile.withCredit,{TITLE} ({CREDIT}): {TRACK},{TITLE} ({CREDIT}): {TRACK},{TITLE} ({CREDIT}): {TRACK},
TRUE,,artistPage.creditList.entry.track.sheetMusicFile.withMultipleFiles,{TITLE}: {TRACK} ({FILES}),{TITLE}: {TRACK} ({FILES}),{TITLE}: {TRACK} ({FILES}),
FALSE,Cello,artistPage.creditList.entry.track.sheetMusicFile.withNoFiles,{TITLE}: {TRACK} (no files),{TITLE}: {TRACK} (no files),{TITLE}: {TRACK} (sin archivos),
TRUE,,artistPage.creditList.entry.track.sheetMusicFile.withCredit.withMultipleFiles,{TITLE} ({CREDIT}): {TRACK} ({FILES}),{TITLE} ({CREDIT}): {TRACK} ({FILES}),{TITLE} ({CREDIT}): {TRACK} ({FILES}),
FALSE,Cello,artistPage.creditList.entry.track.sheetMusicFile.withCredit.withNoFiles,{TITLE} ({CREDIT}): {TRACK} (no files),{TITLE} ({CREDIT}): {TRACK} (no files),{TITLE} ({CREDIT}): {TRACK} (sin archivos),
FALSE,Cello,artistPage.creditList.entry.track.sheetMusicFile.placeholderTitle,Sheet music,Sheet music,Partitura,
FALSE,Cello,artistPage.creditList.entry.track.sheetMusicFile.credit,by {ARTISTS},by {ARTISTS},por {ARTISTS},
TRUE,,artistPage.creditList.entry.track.midiProjectFile,{TITLE}: {TRACK},{TITLE}: {TRACK},{TITLE}: {TRACK},
TRUE,,artistPage.creditList.entry.track.midiProjectFile.withCredit,{TITLE} ({CREDIT}): {TRACK},{TITLE} ({CREDIT}): {TRACK},{TITLE} ({CREDIT}): {TRACK},
TRUE,,artistPage.creditList.entry.track.midiProjectFile.withMultipleFiles,{TITLE}: {TRACK} ({FILES}),{TITLE}: {TRACK} ({FILES}),{TITLE}: {TRACK} ({FILES}),
FALSE,Cello,artistPage.creditList.entry.track.midiProjectFile.withNoFiles,{TITLE}: {TRACK} (no files),{TITLE}: {TRACK} (no files),{TITLE}: {TRACK} (sin archivos),
TRUE,,artistPage.creditList.entry.track.midiProjectFile.withCredit.withMultipleFiles,{TITLE} ({CREDIT}): {TRACK} ({FILES}),{TITLE} ({CREDIT}): {TRACK} ({FILES}),{TITLE} ({CREDIT}): {TRACK} ({FILES}),
FALSE,Cello,artistPage.creditList.entry.track.midiProjectFile.withCredit.withNoFiles,{TITLE} ({CREDIT}): {TRACK} (no files),{TITLE} ({CREDIT}): {TRACK} (no files),{TITLE} ({CREDIT}): {TRACK} (sin archivos),
FALSE,Cello,artistPage.creditList.entry.track.midiProjectFile.placeholderTitle,MIDI or project music,MIDI or project music,MIDI o archivo de proyecto,
FALSE,Cello,artistPage.creditList.entry.track.midiProjectFile.credit,by {ARTISTS},by {ARTISTS},por {ARTISTS},
FALSE,Cello,artistPage.creditList.entry.album.albumArtistOnly,Credited as album artist only—track credits vary,Credited as album artist only—track credits vary,Creditado solo como artista de album—creditos por pistas varian,
FALSE,Cello,artistPage.creditList.entry.album.coverArt,(cover art),(cover art),(arte de portada),
FALSE,Cello,artistPage.creditList.entry.album.wallpaperArt,(wallpaper art),(wallpaper art),(arte de wallpaper),
FALSE,Cello,artistPage.creditList.entry.album.bannerArt,(banner art),(banner art),(arte de banner),
FALSE,Cello,artistPage.creditList.entry.album.commentary,(album commentary),(album commentary),(comentario de album),
FALSE,,artistPage.creditList.entry.album.musicVideo,(album music video),(album music video),,
FALSE,,artistPage.creditList.entry.album.musicVideo.withLinks,(album music video: {LINKS}),(album music video: {LINKS}),,
FALSE,,artistPage.creditList.entry.album.musicVideo.withTitle,(for album: {TITLE}),(for album: {TITLE}),,
FALSE,,artistPage.creditList.entry.album.musicVideo.withTitle.withLinks,(for album: {TITLE} - {LINKS}),(for album: {TITLE} - {LINKS}),,
FALSE,,artistPage.creditList.entry.album.musicVideo.withLabel,(for album: {LABEL}),(for album: {LABEL}),,
FALSE,,artistPage.creditList.entry.album.musicVideo.withLabel.withLinks,(for album: {LABEL} - {LINKS}),(for album: {LABEL} - {LINKS}),,
FALSE,,artistPage.creditList.entry.album.musicVideo.withCredit,(album music video {CREDIT}),(album music video {CREDIT}),,
FALSE,,artistPage.creditList.entry.album.musicVideo.withCredit.withLinks,(album music video {CREDIT} - {LINKS}),(album music video {CREDIT} - {LINKS}),,
FALSE,,artistPage.creditList.entry.album.musicVideo.withCredit.withTitle,(for album: {TITLE} {CREDIT}),(for album: {TITLE} {CREDIT}),,
FALSE,,artistPage.creditList.entry.album.musicVideo.withCredit.withTitle.withLinks,(for album: {TITLE} {CREDIT} - {LINKS}),(for album: {TITLE} {CREDIT} - {LINKS}),,
FALSE,,artistPage.creditList.entry.album.musicVideo.withCredit.withLabel,(for album: {LABEL} {CREDIT}),(for album: {LABEL} {CREDIT}),,
FALSE,,artistPage.creditList.entry.album.musicVideo.withCredit.withLabel.withLinks,(for album: {LABEL} {CREDIT} - {LINKS}),(for album: {LABEL} {CREDIT} - {LINKS}),,
FALSE,,artistPage.creditList.entry.album.musicVideo.withDate,({DATE}: album music video),({DATE}: album music video),,
FALSE,,artistPage.creditList.entry.album.musicVideo.withDate.withLinks,"({DATE}, album music video: {LINKS})","({DATE}, album music video: {LINKS})",,
FALSE,,artistPage.creditList.entry.album.musicVideo.withDate.withTitle,"({DATE}, for album: {TITLE})","({DATE}, for album: {TITLE})",,
FALSE,,artistPage.creditList.entry.album.musicVideo.withDate.withTitle.withLinks,"({DATE}, for album: {TITLE} - {LINKS})","({DATE}, for album: {TITLE} - {LINKS})",,
FALSE,,artistPage.creditList.entry.album.musicVideo.withDate.withLabel,"({DATE}, for album: {LABEL})","({DATE}, for album: {LABEL})",,
FALSE,,artistPage.creditList.entry.album.musicVideo.withDate.withLabel.withLinks,"({DATE}, for album: {LABEL} - {LINKS})","({DATE}, for album: {LABEL} - {LINKS})",,
FALSE,,artistPage.creditList.entry.album.musicVideo.withDate.withCredit,({DATE}: album music video {CREDIT}),({DATE}: album music video {CREDIT}),,
FALSE,,artistPage.creditList.entry.album.musicVideo.withDate.withCredit.withLinks,"({DATE}, album music video {CREDIT} - {LINKS})","({DATE}, album music video {CREDIT} - {LINKS})",,
FALSE,,artistPage.creditList.entry.album.musicVideo.withDate.withCredit.withTitle,"({DATE}, for album: {TITLE} {CREDIT})","({DATE}, for album: {TITLE} {CREDIT})",,
FALSE,,artistPage.creditList.entry.album.musicVideo.withDate.withCredit.withTitle.withLinks,"({DATE}, for album: {TITLE} {CREDIT} - {LINKS})","({DATE}, for album: {TITLE} {CREDIT} - {LINKS})",,
FALSE,,artistPage.creditList.entry.album.musicVideo.withDate.withCredit.withLabel,"({DATE}, for album: {LABEL} {CREDIT})","({DATE}, for album: {LABEL} {CREDIT})",,
FALSE,,artistPage.creditList.entry.album.musicVideo.withDate.withCredit.withLabel.withLinks,"({DATE}, for album: {LABEL} {CREDIT} - {LINKS})","({DATE}, for album: {LABEL} {CREDIT} - {LINKS})",,
FALSE,,artistPage.creditList.entry.album.musicVideo.credit,by {ARTISTS},by {ARTISTS},,
FALSE,,artistPage.creditList.entry.album.musicVideo.credit.alongsideLabel,by {ARTISTS},by {ARTISTS},,
FALSE,,artistPage.creditList.entry.album.musicVideo.credit.alongsideTitle,by {ARTISTS},by {ARTISTS},,
FALSE,,artistPage.creditList.entry.album.miscellaneousAdditionalFile,(album additional files),(album additional files),,
FALSE,,artistPage.creditList.entry.album.miscellaneousAdditionalFile.withTitle,(for album: {TITLE}),(for album: {TITLE}),,
FALSE,,artistPage.creditList.entry.album.miscellaneousAdditionalFile.withCredit,(for album: {CREDIT}),(for album: {CREDIT}),,
FALSE,,artistPage.creditList.entry.album.miscellaneousAdditionalFile.withCredit.withTitle,(for album: {TITLE} {CREDIT}),(for album: {TITLE} {CREDIT}),,
FALSE,,artistPage.creditList.entry.album.miscellaneousAdditionalFile.credit,files by {ARTISTS},files by {ARTISTS},,
FALSE,,artistPage.creditList.entry.album.miscellaneousAdditionalFile.credit.standaloneWithFiles,{FILES} by {ARTISTS},{FILES} by {ARTISTS},,
FALSE,,artistPage.creditList.entry.album.miscellaneousAdditionalFile.credit.alongsideTitle,by {ARTISTS},by {ARTISTS},,
FALSE,Cello,artistPage.creditList.entry.flash,{FLASH},{FLASH},{FLASH},
FALSE,Cello,artistPage.creditList.entry.artwork.accent.withLabel,{LABEL},{LABEL},{LABEL},
FALSE,Cello,artistPage.creditList.entry.artwork.accent.withAnnotation,{ANNOTATION},{ANNOTATION},{ANNOTATION},
FALSE,Cello,artistPage.creditList.entry.artwork.accent.withLabel.withAnnotation,{LABEL}: {ANNOTATION},{LABEL}: {ANNOTATION},{LABEL}: {ANNOTATION},
FALSE,Cello,artistPage.contributedDurationLine,{ARTIST} has contributed {DURATION} of music shared on this wiki.,{ARTIST} has contributed {DURATION} of music shared on this wiki.,{ARTIST} ha contribuido {DURATION} de musica a traves de esta wiki.,
FALSE,,artistPage.groupContributions.title.tracks,Contributed music to group…,Contributed music to group…,,
FALSE,Cello,artistPage.groupContributions.title.artworks,Contributed art to group…,Contributed artworks to groups:,Contribuo arte a grupos:,
FALSE,,artistPage.groupContributions.title.musicVideos,Contributed to music videos in group…,Contributed to music videos in group…,,
FALSE,,artistPage.groupContributions.column.count.tracks,Tracks,Tracks,,
FALSE,,artistPage.groupContributions.column.count.artworks,Artworks,Artworks,,
FALSE,,artistPage.groupContributions.column.count.musicVideos,Music Videos,Music Videos,,
FALSE,,artistPage.groupContributions.column.duration,Duration,Duration,,
FALSE,,artistPage.filterNotice,(The list above is filtered. {CLEAR}),(The list above is filtered. {CLEAR}),,
FALSE,,artistPage.filterNotice.clear,Click to stop filtering.,Click to stop filtering.,,
FALSE,Cello,artistPage.trackList.title,Tracks,Tracks,Pistas,
FALSE,Cello,artistPage.artList.title,Artworks,Artworks,Artes,
FALSE,,artistPage.musicVideoList.title,Music Videos,Music Videos,,
FALSE,,artistPage.sheetMusicFileList.title,Sheet Music Files,Sheet Music Files,,
FALSE,,artistPage.midiProjectFileList.title,MIDI & Project Files,MIDI & Project Files,,
FALSE,,artistPage.miscellaneousAdditionalFileList.title,Additional Files,Additional Files,,
FALSE,Cello,artistPage.flashList.title,Flashes,Flashes & Games,Flashes & Juegos,
FALSE,Cello,artistPage.commentaryList.title,Commentary,Commentary,Comentario,
FALSE,Cello,artistPage.viewArtGallery,View {LINK}!,View {LINK}!,¡Vea {LINK}!,
FALSE,Cello,artistPage.viewArtGallery.orBrowseList,View {LINK}! Or browse the list:,View {LINK}! Or browse the list:,¡Vea {LINK}! O busque la lista:,
FALSE,Cello,artistPage.viewArtGallery.link,art gallery,art gallery,galeria de arte,
FALSE,Cello,artistPage.wikiEditArtworks,{ARTIST} has edited these artworks for this wiki:,{ARTIST} has edited these artworks for this wiki:,{ARTIST} ha editado estas artes por esta wikia:,
FALSE,Cello,artistPage.wikiEditArtworks.sticky,Artworks — edited for this wiki,Artworks — edited for this wiki,Artes — editados por esta wikia,
FALSE,Cello,artistPage.wikiEditorCommentary,{ARTIST} has written these commentary entries as an editor of this wiki:,{ARTIST} has written these commentary entries as an editor of this wiki:,{ARTIST} ha escrito estas entradas de comentario como un editor de esta wikia:,
FALSE,Cello,artistPage.wikiEditorCommentary.sticky,Commentary — written for this wiki,Commentary — written for this wiki,Comentario — escrito por esta wiki,
FALSE,Cello,artistGalleryPage.title,{ARTIST} - Gallery,{ARTIST} - Gallery,{ARTIST} - Galeria,
FALSE,Cello,artistGalleryPage.infoLine,Contributed to {COVER_ARTS}.,Contributed to {COVER_ARTS}.,Contribuyo a {COVER_ARTS}.,
FALSE,Cello,artistRollingWindowPage.title,{ARTIST} - Rolling Window,{ARTIST} - Rolling Window,{ARTIST} - Ventana Enrollable,
FALSE,,artistRollingWindowPage.windowConfigurationLine,"With a rolling window of {TIME_BEFORE} before a given date, and {TIME_AFTER} after, peeking ahead {PEEK}...","With a rolling window of {TIME_BEFORE} before a given date, and {TIME_AFTER} after, peeking ahead {PEEK}...",,
FALSE,,artistRollingWindowPage.contributionConfigurationLine,Selecting {KIND} contributions from group {GROUP}...,Selecting {KIND} contributions from group {GROUP}...,,
FALSE,,artistRollingWindowPage.timeframeSelectionLine,"There are {CONTRIBUTIONS} contributions, making {TIMEFRAMES} timeframes between {FIRST_DATE} and {LAST_DATE}.","There are {CONTRIBUTIONS} contributions, making {TIMEFRAMES} timeframes between {FIRST_DATE} and {LAST_DATE}.",,
FALSE,,artistRollingWindowPage.timeframeSelectionLine.none,"There aren't any matching contributions, or those which do aren't dated, so there are no timeframes.","There aren't any matching contributions, or those which do aren't dated, so there are no timeframes.",,
FALSE,,artistRollingWindowPage.emptyTimeframeLine,"This timeframe is empty, since no contributions are in range.","This timeframe is empty, since no contributions are in range.",,
FALSE,Cello,artistRollingWindowPage.timeframeSelectionControl,{PREVIOUS} {TIMEFRAMES} {NEXT},{PREVIOUS} {TIMEFRAMES} {NEXT},{PREVIOUS} {TIMEFRAMES} {NEXT},
FALSE,Cello,artistRollingWindowPage.timeframeSelectionControl.previous,← Previous,← Previous,← Previo,
FALSE,Cello,artistRollingWindowPage.timeframeSelectionControl.next,Next →,Next →,Siguiente →,
FALSE,Cello,artistRollingWindowPage.contributionKind.artwork,Artwork,Artwork,Arte,
FALSE,Cello,artistRollingWindowPage.contributionKind.music,Music,Music,Musica,
FALSE,Cello,artistRollingWindowPage.contributionKind.flash,Flash,Flash,Flash,
FALSE,Cello,artistRollingWindowPage.contributionGroup.all,All groups,All groups,Todos los grupos,
FALSE,Cello,artistRollingWindowPage.contributionGroup.group,{GROUP},{GROUP},{GROUP},
FALSE,Cello,artistRollingWindowPage.timeframe.months,{INPUT} months,{INPUT} months,{INPUT} meses,
FALSE,Cello,artTagPage.nav.tag,Tag: {TAG},Tag: {TAG},Etiqueta: {TAG},
TRUE,"Niklink, Cello",artTagPage.nav.tag,Tag: {TAG},Tag: {TAG},Etiqueta: {TAG},
FALSE,Cello,artTagPage.sidebar.otherTagsExempt,(…another {TAGS}…),(…another {TAGS}…),(…otra {TAGS}…),
FALSE,Cello,artTagInfoPage.title,{TAG},{TAG},{TAG},
FALSE,Cello,artTagInfoPage.viewArtGallery,View this tag's {LINK}!,View this tag's {LINK}!,¡Vea el {LINK} de este tag!,
FALSE,Cello,artTagInfoPage.viewArtGallery.link,art gallery,art gallery,galeria de arte,
FALSE,Cello,artTagInfoPage.readMoreOn,Read more about '{TAG}' on {LINKS}.,Read more about '{TAG}' on {LINKS}.,Lea mas sobre '{TAG}' en {LINKS}.,
FALSE,Cello,artTagInfoPage.seeAlso,See also: {TAGS},See also: {TAGS},Vea tambien: {TAGS},
FALSE,Cello,artTagInfoPage.seeAlso.tagWithAnnotation,{TAG} ({ANNOTATION}),{TAG} ({ANNOTATION}),{TAG} ({ANNOTATION}),
FALSE,Cello,artTagInfoPage.featuredIn.notFeatured,This tag hasn't been featured in any artworks yet.,This tag hasn't been featured in any artworks yet.,Esta etiqueta no ha aparecido en ninguna arte aun.,
FALSE,Cello,artTagInfoPage.featuredIn.directlyOnly,This tag is featured in {ARTWORKS}.,This tag is featured in {ARTWORKS}.,Esta etiqueta aparece en {ARTWORKS}.,
FALSE,Cello,artTagInfoPage.featuredIn.indirectlyOnly,"This tag is featured in {ARTWORKS}, but only indirectly.","This tag is featured in {ARTWORKS}, but only indirectly.","Esta etiqueta aparece en {ARTWORKS}, pero solo indirectamente.",
FALSE,Cello,artTagInfoPage.featuredIn.directlyAndIndirectly,"This tag is directly featured in {ARTWORKS_DIRECTLY} and indirectly in {ARTWORKS_INDIRECTLY}, for a total of {ARTWORKS_TOTAL}.","This tag is directly featured in {ARTWORKS_DIRECTLY}, and indirectly in {ARTWORKS_INDIRECTLY} more, for a total of {ARTWORKS_TOTAL}.","Esta etiqueta aparece directamente en {ARTWORKS_DIRECTLY}, e mas indirectamente en {ARTWORKS_INDIRECTLY}, para un total de {ARTWORKS_TOTAL}.",
FALSE,Cello,artTagInfoPage.descendsFromTags,Tags which '{TAG}' falls under:,Tags which '{TAG}' falls under:,Etiquetas en las que '{TAG}' cae:,
FALSE,,artTagInfoPage.descendsFromTags.sticky,Tags which this one falls under:,Tags which this one falls under:,,
FALSE,Cello,artTagInfoPage.descendsFromTags.item,{TAG},{TAG},{TAG},
FALSE,Cello,artTagInfoPage.descendantTags,Tags which fall under '{TAG}':,Tags which fall under '{TAG}':,Etiquetas en las que '{TAG}' cae:,
FALSE,,artTagInfoPage.descendantTags.withShowMoreLessSwitcher,Tags which fall under '{TAG}': {SHOW_MORE_LESS_SWITCHER},Tags which fall under '{TAG}': {SHOW_MORE_LESS_SWITCHER},,
FALSE,,artTagInfoPage.descendantTags.showMoreLessSwitcher,({SHOW_MORE_LESS}),({SHOW_MORE_LESS}),,
FALSE,,artTagInfoPage.descendantTags.showMoreLessSwitcher.showMore,show more,show more,,
FALSE,,artTagInfoPage.descendantTags.showMoreLessSwitcher.showLess,show less,show less,,
FALSE,,artTagInfoPage.descendantTags.sticky,Tags which fall under this one:,Tags which fall under this one:,,
FALSE,Cello,artTagInfoPage.descendantTags.item,{TAG},{TAG},{TAG},
FALSE,Cello,artTagInfoPage.descendantTags.item.withGallery,{TAG} ({GALLERY}),{TAG} ({GALLERY}),{TAG} ({GALLERY}),
FALSE,Cello,artTagInfoPage.descendantTags.item.withGallery.gallery,view gallery,view gallery,vea galeria,
FALSE,Cello,artTagInfoPage.descendantTags.item.withTimesUsed,{TAG} ({TIMES_USED}),{TAG} ({TIMES_USED}),{TAG} ({TIMES_USED}),
FALSE,Cello,artTagInfoPage.descendantTags.item.withGallery.withTimesUsed,{TAG} ({GALLERY}; {TIMES_USED}),{TAG} ({GALLERY}; {TIMES_USED}),{TAG} ({GALLERY}; {TIMES_USED}),
FALSE,Cello,artTagGalleryPage.title,{TAG},{TAG},{TAG},
FALSE,Cello,artTagGalleryPage.descendsFrom,Up: {TAGS}.,Up: {TAGS}.,Arriba: {TAGS}.,
FALSE,Cello,artTagGalleryPage.descendants,Down: {TAGS}.,Down: {TAGS}.,Abajo: {TAGS}.,
FALSE,,artTagGalleryPage.featuredLine.simple,Featured in {COVER_ARTS}.,Featured in {COVER_ARTS}.,,
FALSE,,artTagGalleryPage.featuredLine.altogether,"Altogether, featured in {COVER_ARTS}.","Altogether, featured in {COVER_ARTS}.",,
FALSE,Cello,artTagGalleryPage.featuredLine.direct,Featured directly in {COVER_ARTS}.,Featured directly in {COVER_ARTS}.,Aparece directamente en {COVER_ARTS}.,
FALSE,Cello,artTagGalleryPage.featuredLine.indirect,Featured indirectly in {COVER_ARTS}.,Featured indirectly in {COVER_ARTS}.,Aparece indirectamente en {COVER_ARTS}.,
FALSE,Cello,artTagGalleryPage.featuredLine.notFeatured,This tag hasn't been featured in any artworks yet.,This tag hasn't been featured in any artworks yet.,Esta etiqueta no ha aparecido en ninguna arte aun.,
FALSE,Cello,artTagGalleryPage.featuredLine.notFeatured.callToAction,Maybe your track will be the first!,Maybe your track will be the first!,¡Tal ves tu pista pueda ser la primera!,
FALSE,Cello,artTagGalleryPage.showingLine,Showing: {SHOWING}.,({SHOWING}),({SHOWING}),
FALSE,Cello,artTagGalleryPage.showingLine.all,all artworks featuring this tag,Showing all artworks.,Mostrando todas las artes.,
FALSE,Cello,artTagGalleryPage.showingLine.indirect,artworks indirectly featuring this tag,Showing artworks where this tag is only featured indirectly.,Mostrando artes donde esta etiqueta aparece solo indirectamente.,
FALSE,Cello,artTagGalleryPage.showingLine.direct,artworks directly featuring this tag,Showing artworks where this tag is featured directly.,Mostrando artes donde esta etiqueta aparece directamente.,
FALSE,Cello,commentaryIndex.title,Commentary,Commentary,Comentario,
FALSE,Cello,commentaryIndex.infoLine,"{WORDS} across {ENTRIES}, in all.","{WORDS} across {ENTRIES}, in all.","{WORDS} a traves de {ENTRIES}, en total.",
FALSE,Cello,commentaryIndex.albumList.title,Choose an album:,Choose an album:,Elige un album:,
FALSE,Cello,commentaryIndex.albumList.item,{ALBUM} ({WORDS} across {ENTRIES}),{ALBUM} ({WORDS} across {ENTRIES}),{ALBUM} ({WORDS} a traves de {ENTRIES}),
FALSE,Cello,flashIndex.title,Flashes,Flashes & Games,Flashes & Juegos,
FALSE,Cello,flashSidebar.flashList.entriesInThisSection,Entries in this section,Entries in this section,Entradas en esta seccion,
FALSE,,flashActPage.title,{ACT},{ACT},,
FALSE,,flashActPage.title.withTitle,{ACT}: {TITLE},{ACT}: {TITLE},,
FALSE,Cello,flashPage.title,{FLASH},{FLASH},{FLASH},
FALSE,Cello,flashPage.nav.flash,{FLASH},{FLASH},{FLASH},
FALSE,Cello,groupSidebar.title,Groups,Groups,Grupos,
FALSE,Cello,groupSidebar.groupList.category,{CATEGORY},{CATEGORY},{CATEGORY},
FALSE,Cello,groupSidebar.groupList.item,{GROUP},{GROUP},{GROUP},
FALSE,Cello,groupPage.nav.group,Group: {GROUP},Group: {GROUP},Grupo: {GROUP},
FALSE,Cello,groupPage.secondaryNav.category,{CATEGORY},{CATEGORY},{CATEGORY},
FALSE,Cello,groupPage.secondaryNav.category.withPreviousNext,{CATEGORY} ({PREVIOUS_NEXT}),{CATEGORY} ({PREVIOUS_NEXT}),{CATEGORY} ({PREVIOUS_NEXT}),
FALSE,Cello,groupInfoPage.title,{GROUP},{GROUP},{GROUP},
FALSE,Cello,groupInfoPage.closelyLinkedArtists.one,View artist page: {ARTIST}.,View artist page: {ARTIST}.,Ver pagina de artista: {ARTIST}.,
FALSE,Cello,groupInfoPage.closelyLinkedArtists.multiple,View artist pages: {ARTISTS}.,View artist pages: {ARTISTS}.,Ver paginas de artista: {ARTISTS}.,
FALSE,Cello,groupInfoPage.closelyLinkedArtists.aliases,View alias pages: {ALIASES}.,View alias pages: {ALIASES}.,Ver paginas de alias: {ALIASES}.,
FALSE,Cello,groupInfoPage.closelyLinkedArtists.artist,{ARTIST},{ARTIST},{ARTIST},
FALSE,Cello,groupInfoPage.closelyLinkedArtists.artist.withAnnotation,{ARTIST} ({ANNOTATION}),{ARTIST} ({ANNOTATION}),{ARTIST} ({ANNOTATION}),
FALSE,Cello,groupInfoPage.viewAlbumGallery,View {LINK}! Or browse the list:,View {LINK}! Or browse the list:,¡Vea {LINK}! O busque la lista:,
FALSE,Cello,groupInfoPage.viewAlbumGallery.link,album gallery,album gallery,galeria de albumes,
FALSE,Cello,groupInfoPage.viewAlbumGallery.withViewSwitcher,View {LINK}! Or browse the list: {VIEW_SWITCHER},View {LINK}! Or browse the list: {VIEW_SWITCHER},¡Vea {LINK}! O busque la lista: {VIEW_SWITCHER},
FALSE,Cello,groupInfoPage.viewSwitcher,({OPTIONS}),({OPTIONS}),({OPTIONS}),
FALSE,Cello,groupInfoPage.viewSwitcher.bySeries,By series,By series,Por series,
FALSE,Cello,groupInfoPage.viewSwitcher.byDate,By date,By date,Por fechas,
FALSE,Cello,groupInfoPage.albumList.title,Albums,Albums,Albumes,
FALSE,Cello,groupInfoPage.albumList.series,{SERIES}:,{SERIES}:,{SERIES}:,
FALSE,Cello,groupInfoPage.albumList.item,{ALBUM},{ALBUM},{ALBUM},
FALSE,Cello,groupInfoPage.albumList.item.withYear,{YEAR_ACCENT} {ALBUM},{YEAR_ACCENT} {ALBUM},{YEAR_ACCENT} {ALBUM},
FALSE,Cello,groupInfoPage.albumList.item.withYear.accent,({YEAR}),({YEAR}),({YEAR}),
FALSE,Cello,groupInfoPage.albumList.item.withOtherGroup,{ALBUM} {OTHER_GROUP_ACCENT},{ALBUM} {OTHER_GROUP_ACCENT},{ALBUM} {OTHER_GROUP_ACCENT},
FALSE,Cello,groupInfoPage.albumList.item.withOtherGroup.accent,(from {GROUPS}),(from {GROUPS}),(por {GROUPS}),
FALSE,Cello,groupInfoPage.albumList.item.withOtherGroup.notFromThisGroup,(not from {GROUP}),(not from {GROUP}),(no por {GROUP}),
FALSE,Cello,groupInfoPage.albumList.item.withArtists,{ALBUM} {BY},{ALBUM} {BY},{ALBUM} {BY},
FALSE,Cello,groupInfoPage.albumList.item.withArtists.by,by {ARTISTS},by {ARTISTS},por {ARTISTS},
FALSE,Cello,groupInfoPage.albumList.item.withArtists.featuring,feat. {ARTISTS},feat. {ARTISTS},colaborando {ARTISTS},
FALSE,Cello,groupInfoPage.albumList.item.withArtists.by.featuring,by {ARTISTS} feat. {FEATURING},by {ARTISTS} feat. {FEATURING},por {ARTISTS} colaborando {FEATURING},
FALSE,Cello,groupInfoPage.albumList.item.withYear.withOtherGroup,{YEAR_ACCENT} {ALBUM} {OTHER_GROUP_ACCENT},{YEAR_ACCENT} {ALBUM} {OTHER_GROUP_ACCENT},{YEAR_ACCENT} {ALBUM} {OTHER_GROUP_ACCENT},
FALSE,Cello,groupInfoPage.albumList.item.withYear.withArtists,{YEAR_ACCENT} {ALBUM} {BY},{YEAR_ACCENT} {ALBUM} {BY},{YEAR_ACCENT} {ALBUM} {BY},
FALSE,Cello,groupGalleryPage.title,{GROUP} - Gallery,{GROUP} - Gallery,{GROUP} - Galeria,
FALSE,Cello,groupGalleryPage.infoLine,"{TRACKS} across {ALBUMS}, totaling {TIME}.","{TRACKS} across {ALBUMS}, totaling {TIME}.","{TRACKS} a traves de {ALBUMS}, en total {TIME}.",
FALSE,Cello,groupGalleryPage.albumViewSwitcher,Showing albums:,Showing albums:,Monstrando albumes:,
FALSE,Cello,groupGalleryPage.albumViewSwitcher.bySeries,By series,By series,Por series,
FALSE,Cello,groupGalleryPage.albumViewSwitcher.byDate,By date,By date,Por fechas,
FALSE,Cello,groupGalleryPage.albumStyleSwitcher,Showing these releases:,Showing these releases:,Mostrando estos lanzamientos:,
FALSE,Cello,groupGalleryPage.albumStyleSwitcher.album,Albums,Albums,Albumes,
FALSE,Cello,groupGalleryPage.albumStyleSwitcher.single,Singles,Singles,Sencillos,
FALSE,Cello,groupGalleryPage.albumStyleSwitcher.count.all,all {TOTAL},all {TOTAL},todo {TOTAL},
FALSE,Cello,groupGalleryPage.albumStyleSwitcher.count.filtered,{COUNT} of {TOTAL},{COUNT} of {TOTAL},{COUNT} de {TOTAL},
FALSE,Cello,groupGalleryPage.albumStyleSwitcher.count.none,none at all,none at all,ninguno de ellos,
FALSE,Cello,groupGalleryPage.albumsByDate.title,All albums,All albums,Todos los albumes,
FALSE,Cello,groupGalleryPage.albumSection.caption,{TRACKS} across {ALBUMS}.,{TRACKS} across {ALBUMS}.,{TRACKS} a traves de {ALBUMS}.,
FALSE,Cello,groupGalleryPage.albumSection.caption.withDate,"{TRACKS} across {ALBUMS}, released {DATE}.","{TRACKS} across {ALBUMS}, released {DATE}.","{TRACKS} a traves de {ALBUMS}, lanzados {DATE}.",
FALSE,Cello,groupGalleryPage.albumSection.caption.withYear,"{TRACKS} across {ALBUMS}, released during {YEAR}.","{TRACKS} across {ALBUMS}, released during {YEAR}.","{TRACKS} a traves de {ALBUMS}, lanzados durante {YEAR}.",
FALSE,Cello,groupGalleryPage.albumSection.caption.withYearRange,"{TRACKS} across {ALBUMS}, released {YEAR_RANGE}.","{TRACKS} across {ALBUMS}, released {YEAR_RANGE}.","{TRACKS} a traves de {ALBUMS}, lanzados {YEAR_RANGE}.",
FALSE,Cello,groupGalleryPage.albumSection.caption.seriesAlbumsNotFromGroup,"Albums marked {MARKER} are part of {SERIES}, but not from {GROUP}.","Albums marked {MARKER} are part of {SERIES}, but not from {GROUP}.","Albumess marcados {MARKER} son parte de {SERIES}, pero no de {GROUP}.",
FALSE,Cello,listingIndex.title,Listings,Listings,Listas,
FALSE,Cello,listingIndex.infoLine,"{WIKI}: {TRACKS} across {ALBUMS}, totaling {DURATION}.","{WIKI}: {TRACKS} across {ALBUMS}, totaling {DURATION}.","{WIKI}: {TRACKS} a traves de {ALBUMS}, en total {DURATION}.",
FALSE,Cello,listingIndex.exploreList,Feel free to explore any of the listings linked below and in the sidebar!,Feel free to explore any of the listings linked below and in the sidebar!,¡Sientete libre de explorar cualquiera de las listas vinculadas abajo y en la barra lateral!,
FALSE,Cello,listingPage.target.album,Albums,Albums,Albumes,
FALSE,Cello,listingPage.target.artist,Artists,Artists,Artistas,
FALSE,Cello,listingPage.target.group,Groups,Groups,Grupos,
FALSE,Cello,listingPage.target.track,Tracks,Tracks,Pistas,
FALSE,Cello,listingPage.target.tag,Tags,Tags,Etiquetas,
FALSE,,listingPage.target.motif,Motifs,Motifs,,
FALSE,Cello,listingPage.target.other,Other,Other,Otros,
TRUE,"Niklink, Cello",listingPage.misc.trackContributors,Track Contributors,Track Contributors,Contribuidores de pistas,
TRUE,"Niklink, Cello",listingPage.misc.artContributors,Art Contributors,Art Contributors,Contribuidores de arte,
FALSE,Cello,listingPage.misc.flashContributors,Flash & Game Contributors,Flash & Game Contributors,Contribuidores de flash & juegos,
TRUE,"Niklink, Cello",listingPage.misc.artAndFlashContributors,Art & Flash Contributors,Art & Flash Contributors,Contribuidores de arte & flash,
FALSE,Cello,listingPage.listingsFor,Listings for {TARGET}: {LISTINGS},Listings for {TARGET}: {LISTINGS},Listas para {TARGET}: {LISTINGS},
FALSE,Cello,listingPage.seeAlso,Also check out: {LISTINGS},Also check out: {LISTINGS},Tambien mira a: {LISTINGS},
FALSE,Cello,listingPage.skipToSection,Skip to a section:,Skip to a section:,Saltar a una sección:,
FALSE,Cello,listingPage.listAlbums.byName.title,Albums - by Name,Albums - by Name,Albumes - por Nombre,
FALSE,Cello,listingPage.listAlbums.byName.title.short,...by Name,...by Name,...por Nombre,
FALSE,Cello,listingPage.listAlbums.byName.item,{ALBUM} ({TRACKS}),{ALBUM} ({TRACKS}),{ALBUM} ({TRACKS}),
FALSE,Cello,listingPage.listAlbums.byTracks.title,Albums - by Tracks,Albums - by Tracks,Albumes - por Pistas,
FALSE,Cello,listingPage.listAlbums.byTracks.title.short,...by Tracks,...by Tracks,...por Pistas,
FALSE,Cello,listingPage.listAlbums.byTracks.item,{ALBUM} ({TRACKS}),{ALBUM} ({TRACKS}),{ALBUM} ({TRACKS}),
FALSE,,listingPage.listAlbums.byTracks.item.single,{ALBUM} ({TRACKS}—single),{ALBUM} ({TRACKS}—single),{ALBUM} ({TRACKS}—sencillo),
FALSE,Cello,listingPage.listAlbums.byDuration.title,Albums - by Duration,Albums - by Duration,Albums - por Duracion,
FALSE,Cello,listingPage.listAlbums.byDuration.title.short,...by Duration,...by Duration,...por Duracion,
FALSE,Cello,listingPage.listAlbums.byDuration.item,{ALBUM} ({DURATION}),{ALBUM} ({DURATION}),{ALBUM} ({DURATION}),
FALSE,Cello,listingPage.listAlbums.byDate.title,Albums - by Date,Albums - by Date,Albumes - por Fecha,
FALSE,Cello,listingPage.listAlbums.byDate.title.short,...by Date,...by Date,...por Fecha,
FALSE,Cello,listingPage.listAlbums.byDate.item,{ALBUM} ({DATE}),{ALBUM} ({DATE}),{ALBUM} ({DATE}),
FALSE,Cello,listingPage.listAlbums.byDateAdded.title,Albums - by Date Added to Wiki,Albums - by Date Added to Wiki,Albumes - por Fecha Agregada a la Wiki,
FALSE,Cello,listingPage.listAlbums.byDateAdded.title.short,...by Date Added to Wiki,...by Date Added to Wiki,...por Fecha Agregada a la Wiki,
FALSE,Cello,listingPage.listAlbums.byDateAdded.chunk.title,{DATE},{DATE},{DATE},
FALSE,Cello,listingPage.listAlbums.byDateAdded.chunk.item,{ALBUM},{ALBUM},{ALBUM},
TRUE,"Niklink, Cello",listingPage.listArtTags.byName.title,Tags - by Name,Tags - by Name,Etiquetas - por Nombre,
FALSE,Cello,listingPage.listArtTags.byName.title.short,...by Name,...by Name,...por Nombre,
TRUE,"Niklink, Cello",listingPage.listArtTags.byName.item,{TAG} ({TIMES_USED}),{TAG} ({TIMES_USED}),{TAG} ({TIMES_USED}),
TRUE,"Niklink, Cello",listingPage.listArtTags.byUses.title,Tags - by Uses,Tags - by Uses,Etiquetas - por Veces usado,
FALSE,Cello,listingPage.listArtTags.byUses.title.short,...by Uses,...by Uses,...por Veces usado,
TRUE,"Niklink, Cello",listingPage.listArtTags.byUses.item,{TAG} ({TIMES_USED}),{TAG} ({TIMES_USED}),{TAG} ({TIMES_USED}),
FALSE,Cello,listingPage.listArtTags.network.title,Art Tag Network,Art Tag Network,Red de Etiqueta de Arte,
FALSE,Cello,listingPage.listArtTags.network.title.short,Art Tag Network,Art Tag Network,Red de Etiqueta de Arte,
FALSE,Cello,listingPage.listArtTags.network.jumpToRoot.title,Jump to one of the upper-most tags:,Jump to one of the upper-most tags:,Saltar a una de las etiquetas mas altas:,
FALSE,Cello,listingPage.listArtTags.network.jumpToRoot.item,{TAG},{TAG},{TAG},
FALSE,Cello,listingPage.listArtTags.network.statLine,Displaying tag info: {STAT},Displaying tag info: {STAT},Mostrando informacion de etiqueta: {STAT},
FALSE,Cello,listingPage.listArtTags.network.statLine.none,name only,name only,solo nombre,
FALSE,Cello,listingPage.listArtTags.network.statLine.totalUses,uses (total),uses (total),usos (totales),
FALSE,Cello,listingPage.listArtTags.network.statLine.directUses,uses (direct only),uses (direct only),usos (solo directamente),
FALSE,Cello,listingPage.listArtTags.network.statLine.descendants,descendants (total),descendants (total),descendientes (totales),
FALSE,Cello,listingPage.listArtTags.network.statLine.leaves,descendants (leaves only),descendants (leaves only),descendientes (solo hojas),
FALSE,Cello,listingPage.listArtTags.network.root,{TAG},{TAG},{TAG},
FALSE,Cello,listingPage.listArtTags.network.root.jumpToTop,{TAG} ({LINK}),{TAG} ({LINK}),{TAG} ({LINK}),
FALSE,Cello,listingPage.listArtTags.network.root.jumpToTop.link,Jump back to top,Jump back to top,Saltar a la cima:,
FALSE,Cello,listingPage.listArtTags.network.root.withAncestors,{TAG} (descends from {ANCESTORS}),{TAG} (descends from {ANCESTORS}),{TAG} (desciende de {ANCESTORS}),
FALSE,Cello,listingPage.listArtTags.network.tag,{TAG},{TAG},{TAG},
FALSE,Cello,listingPage.listArtTags.network.tag.jumpToRoot,Jump to: {TAG},Jump to: {TAG},Saltar a: {TAG},
FALSE,Cello,listingPage.listArtTags.network.tag.withStat,{STAT} {TAG},{STAT} {TAG},{STAT} {TAG},
FALSE,Cello,listingPage.listArtTags.network.tag.withStat.stat,({STAT}),({STAT}),({STAT}),
FALSE,Cello,listingPage.listArtTags.network.tag.withStat.notApplicable,-,-,-,
FALSE,Cello,listingPage.listArtTags.network.orphanArtTags.title,These tags don't have any descendants or ancestors:,These tags don't have any descendants or ancestors:,Estas etiquetas no tienen ni descendientes o ancestros:,
FALSE,Cello,listingPage.listArtTags.network.orphanArtTags.item,{TAG},{TAG},{TAG},
TRUE,"Niklink, Cello",listingPage.listArtists.byName.title,Artists - by Name,Artists - by Name,Artistas - por Nombre,
FALSE,Cello,listingPage.listArtists.byName.title.short,...by Name,...by Name,...por Nombre,
TRUE,"Niklink, Cello",listingPage.listArtists.byName.item,{ARTIST} ({CONTRIBUTIONS}),{ARTIST} ({CONTRIBUTIONS}),{ARTIST} ({CONTRIBUTIONS}),
FALSE,Cello,listingPage.listArtists.byContribs.title,Artists - by Contributions,Artists - by Contributions,Artistas - por Contribuciones,
FALSE,Cello,listingPage.listArtists.byContribs.title.short,...by Contributions,...by Contributions,...por Contribuciones,
FALSE,Cello,listingPage.listArtists.byContribs.chunk.item,{ARTIST} ({CONTRIBUTIONS}),{ARTIST} ({CONTRIBUTIONS}),{ARTIST} ({CONTRIBUTIONS}),
FALSE,Cello,listingPage.listArtists.byContribs.chunk.title.trackContributors,Contributed tracks:,Contributed tracks:,Pistas contribuidas:,
FALSE,Cello,listingPage.listArtists.byContribs.chunk.title.artContributors,Contributed artworks:,Contributed artworks:,Artes contribuidas:,
FALSE,Cello,listingPage.listArtists.byContribs.chunk.title.flashContributors,Contributed to flashes:,Contributed to flashes & games:,Flashes & juegos contribuidos:,
FALSE,Cello,listingPage.listArtists.byCommentary.title,Artists - by Commentary Entries,Artists - by Commentary Entries,Artistas - por Entradas de Comentario,
FALSE,Cello,listingPage.listArtists.byCommentary.title.short,...by Commentary Entries,...by Commentary Entries,...por Entradas de Comentario,
FALSE,Cello,listingPage.listArtists.byCommentary.item,{ARTIST} ({ENTRIES}),{ARTIST} ({ENTRIES}),{ARTIST} ({ENTRIES}),
FALSE,Cello,listingPage.listArtists.byDuration.title,Artists - by Duration,Artists - by Duration,Artistas - por Duracion,
FALSE,Cello,listingPage.listArtists.byDuration.title.short,...by Duration,...by Duration,...por Duracion,
FALSE,Cello,listingPage.listArtists.byDuration.item,{ARTIST} ({DURATION}),{ARTIST} ({DURATION}),{ARTIST} ({DURATION}),
FALSE,Cello,listingPage.listArtists.byGroup.title,Artists - by Group,Artists - by Group,Artistas - por Grupos,
FALSE,Cello,listingPage.listArtists.byGroup.title.short,...by Group,...by Group,...por Grupos,
FALSE,Cello,listingPage.listArtists.byGroup.item,{ARTIST} ({CONTRIBUTIONS}),{ARTIST} ({CONTRIBUTIONS}),{ARTIST} ({CONTRIBUTIONS}),
FALSE,Cello,listingPage.listArtists.byGroup.chunk.title,Contributed to {GROUP}:,Contributed to {GROUP}:,Contribuyo a {GROUP},
FALSE,Cello,listingPage.listArtists.byGroup.chunk.item,{ARTIST} ({CONTRIBUTIONS}),{ARTIST} ({CONTRIBUTIONS}),{ARTIST} ({CONTRIBUTIONS}),
TRUE,"Niklink, Cello",listingPage.listArtists.byLatest.title,Artists - by Latest Contribution,Artists - by Latest Contribution,Artistas - por Última Contribución,
FALSE,Cello,listingPage.listArtists.byLatest.title.short,...by Latest Contribution,...by Latest Contribution,...por Última Contribución,
FALSE,,listingPage.listArtists.byLatest.chunk.title.album,{ALBUM} ({DATE}),{ALBUM} ({DATE}),{ALBUM} ({DATE}),
TRUE,Cello,listingPage.listArtists.byLatest.chunk.title.flash,{FLASH} ({DATE}),{FLASH} ({DATE}),{FLASH} ({DATE}),
FALSE,Cello,listingPage.listArtists.byLatest.chunk.title.dateless,These artists' contributions aren't dated:,These artists' contributions aren't dated:,Estas contribuciones de artistas no han sido fechadas:,
FALSE,Cello,listingPage.listArtists.byLatest.chunk.item,{ARTIST},{ARTIST},{ARTIST},
FALSE,Cello,listingPage.listArtists.byLatest.chunk.item.tracks,{ARTIST} (tracks),{ARTIST} (tracks),{ARTIST} (pistas),
FALSE,Cello,listingPage.listArtists.byLatest.chunk.item.tracksAndArt,"{ARTIST} (tracks, art)","{ARTIST} (tracks, art)","{ARTIST} (pistas, arte)",
FALSE,Cello,listingPage.listArtists.byLatest.chunk.item.art,{ARTIST} (art),{ARTIST} (art),{ARTIST} (arte),
TRUE,"Niklink, Cello",listingPage.listGroups.byName.title,Groups - by Name,Groups - by Name,Grupos - por Nombre,
FALSE,Cello,listingPage.listGroups.byName.title.short,...by Name,...by Name,...por Nombre,
TRUE,Cello,listingPage.listGroups.byName.item,{GROUP} ({GALLERY}),{GROUP} ({GALLERY}),{GROUP} ({GALLERY}),
TRUE,"Niklink, Cello",listingPage.listGroups.byName.item.gallery,Gallery,Gallery,Galería,
TRUE,"Niklink, Cello",listingPage.listGroups.byCategory.title,Groups - by Category,Groups - by Category,Grupos - por Categoría,
FALSE,Cello,listingPage.listGroups.byCategory.title.short,...by Category,...by Category,...por Categoría,
FALSE,Cello,listingPage.listGroups.byCategory.chunk.title,{CATEGORY},{CATEGORY},{CATEGORY},
FALSE,Cello,listingPage.listGroups.byCategory.chunk.item,{GROUP} ({GALLERY}),{GROUP} ({GALLERY}),{GROUP} ({GALLERY}),
TRUE,"Niklink, Cello",listingPage.listGroups.byCategory.chunk.item.gallery,Gallery,Gallery,Galería,
TRUE,"Niklink, Cello",listingPage.listGroups.byAlbums.title,Groups - by Albums,Groups - by Albums,Grupos - por Álbumes,
FALSE,Cello,listingPage.listGroups.byAlbums.title.short,...by Albums,...by Albums,...por Álbumes,
TRUE,"Niklink, Cello",listingPage.listGroups.byAlbums.item,{GROUP} ({ALBUMS}),{GROUP} ({ALBUMS}),{GROUP} ({ALBUMS}),
TRUE,"Niklink, Cello",listingPage.listGroups.byTracks.title,Groups - by Tracks,Groups - by Tracks,Grupos - por Pistas,
FALSE,Cello,listingPage.listGroups.byTracks.title.short,...by Tracks,...by Tracks,...por Pistas,
TRUE,"Niklink, Cello",listingPage.listGroups.byTracks.item,{GROUP} ({TRACKS}),{GROUP} ({TRACKS}),{GROUP} ({TRACKS}),
TRUE,"Niklink, Cello",listingPage.listGroups.byDuration.title,Groups - by Duration,Groups - by Duration,Grupos - por Duración,
FALSE,Cello,listingPage.listGroups.byDuration.title.short,...by Duration,...by Duration,...por Duración,
TRUE,"Niklink, Cello",listingPage.listGroups.byDuration.item,{GROUP} ({DURATION}),{GROUP} ({DURATION}),{GROUP} ({DURATION}),
TRUE,"Niklink, Cello",listingPage.listGroups.byLatest.title,Groups - by Latest Album,Groups - by Latest Album,Grupos - por Último álbum,
FALSE,Cello,listingPage.listGroups.byLatest.title.short,...by Latest Album,...by Latest Album,...por Último álbum,
TRUE,"Niklink, Cello",listingPage.listGroups.byLatest.item,{GROUP} ({DATE}),{GROUP} ({DATE}),{GROUP} ({DATE}),
TRUE,"Niklink, Cello",listingPage.listTracks.byName.title,Tracks - by Name,Tracks - by Name,Pistas - por Nombre,
FALSE,Cello,listingPage.listTracks.byName.title.short,...by Name,...by Name,...por Nombre,
TRUE,"Niklink, Cello",listingPage.listTracks.byName.item,{TRACK},{TRACK},{TRACK},
TRUE,"Niklink, Cello",listingPage.listTracks.byAlbum.title,Tracks - by Album,Tracks - by Album,Pistas - por Álbum,
FALSE,Cello,listingPage.listTracks.byAlbum.title.short,...by Album,...by Album,...por Álbumes,
TRUE,Cello,listingPage.listTracks.byAlbum.chunk.title,{ALBUM},{ALBUM},{ALBUM},
TRUE,Cello,listingPage.listTracks.byAlbum.chunk.item,{TRACK},{TRACK},{TRACK},
TRUE,"Niklink, Cello",listingPage.listTracks.byDate.title,Tracks - by Date,Tracks - by Date,Pistas - por Fecha,
FALSE,Cello,listingPage.listTracks.byDate.title.short,...by Date,...by Date,...por Fecha,
TRUE,Cello,listingPage.listTracks.byDate.chunk.title,{ALBUM} ({DATE}),{ALBUM} ({DATE}),{ALBUM} ({DATE}),
TRUE,Cello,listingPage.listTracks.byDate.chunk.item,{TRACK},{TRACK},{TRACK},
TRUE,"Niklink, Cello",listingPage.listTracks.byDate.chunk.item.rerelease,{TRACK} (rerelease),{TRACK} (rerelease),{TRACK} (relanzamiento),
TRUE,"Niklink, Cello",listingPage.listTracks.byDuration.title,Tracks - by Duration,Tracks - by Duration,Pistas - por Duración,
FALSE,Cello,listingPage.listTracks.byDuration.title.short,...by Duration,...by Duration,...por Duración,
TRUE,"Niklink, Cello",listingPage.listTracks.byDuration.item,{TRACK} ({DURATION}),{TRACK} ({DURATION}),{TRACK} ({DURATION}),
TRUE,"Niklink, Cello",listingPage.listTracks.byDurationInAlbum.title,Tracks - by Duration (in Album),Tracks - by Duration (in Album),Pistas - por Duración (en Álbum),
FALSE,Cello,listingPage.listTracks.byDurationInAlbum.title.short,...by Duration (in Album),...by Duration (in Album),...por Duración (en Álbum),
TRUE,Cello,listingPage.listTracks.byDurationInAlbum.chunk.title,{ALBUM},{ALBUM},{ALBUM},
TRUE,Cello,listingPage.listTracks.byDurationInAlbum.chunk.item,{TRACK} ({DURATION}),{TRACK} ({DURATION}),{TRACK} ({DURATION}),
TRUE,"Niklink, Cello",listingPage.listTracks.byTimesReferenced.title,Tracks - by Times Referenced,Tracks - by Times Referenced,Pistas - por Veces Referenciado,
FALSE,Cello,listingPage.listTracks.byTimesReferenced.title.short,...by Times Referenced,...by Times Referenced,...por Veces Referenciado,
TRUE,"Niklink, Cello",listingPage.listTracks.byTimesReferenced.item,{TRACK} ({TIMES_REFERENCED}),{TRACK} ({TIMES_REFERENCED}),{TRACK} ({TIMES_REFERENCED}),
TRUE,"Niklink, Cello",listingPage.listTracks.inFlashes.byAlbum.title,Tracks - in Flashes (by Album),Tracks - in Flashes & Games (by Album),Pistas - en Flashes & juegos (por Álbum),
FALSE,Cello,listingPage.listTracks.inFlashes.byAlbum.title.short,...in Flashes (by Album),...in Flashes & Games (by Album),...en Flashes & Juegos (por Álbum),
TRUE,Cello,listingPage.listTracks.inFlashes.byAlbum.chunk.title,{ALBUM},{ALBUM},{ALBUM},
TRUE,"Niklink, Cello",listingPage.listTracks.inFlashes.byAlbum.chunk.item,{TRACK} (in {FLASHES}),{TRACK} (in {FLASHES}),{TRACK} (en {FLASHES}),
TRUE,"Niklink, Cello",listingPage.listTracks.inFlashes.byFlash.title,Tracks - in Flashes (by Flash),Tracks - in Flashes & Games (by Flash),Pistas - en Flashes & Juegos (por Flash),
FALSE,Cello,listingPage.listTracks.inFlashes.byFlash.title.short,...in Flashes (by Flash),...in Flashes & Games (by Flash),...en Flashes & Juegos (por Flash),
TRUE,Cello,listingPage.listTracks.inFlashes.byFlash.chunk.title,{FLASH},{FLASH},{FLASH},
TRUE,"Niklink, Cello",listingPage.listTracks.inFlashes.byFlash.chunk.item,{TRACK} (from {ALBUM}),{TRACK} (from {ALBUM}),{TRACK} (de {ALBUM}),
TRUE,"Niklink, Cello",listingPage.listTracks.withLyrics.title,Tracks - with Lyrics,Tracks - with Lyrics,Pistas - con Letra,
FALSE,Cello,listingPage.listTracks.withLyrics.title.short,...with Lyrics,...with Lyrics,...con Letra,
TRUE,Cello,listingPage.listTracks.withLyrics.chunk.title,{ALBUM},{ALBUM},{ALBUM},
TRUE,Cello,listingPage.listTracks.withLyrics.chunk.title.withDate,{ALBUM} ({DATE}),{ALBUM} ({DATE}),{ALBUM} ({DATE}),
TRUE,Cello,listingPage.listTracks.withLyrics.chunk.item,{TRACK},{TRACK},{TRACK},
FALSE,,listingPage.listTracks.withMusicVideos.title,Tracks - with Music Videos,Tracks - with Music Videos,,
FALSE,,listingPage.listTracks.withMusicVideos.title.short,...with Music Videos,...with Music Videos,,
FALSE,,listingPage.listTracks.withMusicVideos.chunk.title,{ALBUM},{ALBUM},,
FALSE,,listingPage.listTracks.withMusicVideos.chunk.title.withDate,{ALBUM} ({DATE}),{ALBUM} ({DATE}),,
FALSE,,listingPage.listTracks.withMusicVideos.chunk.item,{TRACK},{TRACK},,
FALSE,Cello,listingPage.listTracks.withSheetMusicFiles.title,Tracks - with Sheet Music Files,Tracks - with Sheet Music Files,Pistas - con Partituras,
FALSE,Cello,listingPage.listTracks.withSheetMusicFiles.title.short,...with Sheet Music Files,...with Sheet Music Files,...con Partituras,
TRUE,Cello,listingPage.listTracks.withSheetMusicFiles.chunk.title,{ALBUM},{ALBUM},{ALBUM},
TRUE,Cello,listingPage.listTracks.withSheetMusicFiles.chunk.title.withDate,{ALBUM} ({DATE}),{ALBUM} ({DATE}),{ALBUM} ({DATE}),
TRUE,Cello,listingPage.listTracks.withSheetMusicFiles.chunk.item,{TRACK},{TRACK},{TRACK},
FALSE,Cello,listingPage.listTracks.withMidiProjectFiles.title,Tracks - with MIDI & Project Files,Tracks - with MIDI & Project Files,Pistas - con MIDI & Archivos de Proyectos,
FALSE,Cello,listingPage.listTracks.withMidiProjectFiles.title.short,...with MIDI & Project Files,...with MIDI & Project Files,...con MIDI & Archivos de Proyectos,
TRUE,Cello,listingPage.listTracks.withMidiProjectFiles.chunk.title,{ALBUM},{ALBUM},{ALBUM},
TRUE,Cello,listingPage.listTracks.withMidiProjectFiles.chunk.title.withDate,{ALBUM} ({DATE}),{ALBUM} ({DATE}),{ALBUM} ({DATE}),
TRUE,Cello,listingPage.listTracks.withMidiProjectFiles.chunk.item,{TRACK},{TRACK},{TRACK},
FALSE,Cello,listingPage.listTracks.needingLyrics.title,Tracks - which need Lyrics,Tracks - which need Lyrics,Pistas - que necesitan Letras,
FALSE,Cello,listingPage.listTracks.needingLyrics.title.short,...which need Lyrics,...which need Lyrics,...que necesitan Letras,
FALSE,Cello,listingPage.listTracks.needingLyrics.chunk.title,{ALBUM},{ALBUM},{ALBUM},
FALSE,Cello,listingPage.listTracks.needingLyrics.chunk.title.withDate,{ALBUM} ({DATE}),{ALBUM} ({DATE}),{ALBUM} ({DATE}),
FALSE,Cello,listingPage.listTracks.needingLyrics.chunk.item,{TRACK},{TRACK},{TRACK},
FALSE,,listingPage.listMotifs.byName.title,Motifs - by Name,Motifs - by Name,,
FALSE,,listingPage.listMotifs.byName.title.short,...by Name,...by Name,,
FALSE,,listingPage.listMotifs.byName.item,{MOTIF},{MOTIF},,
FALSE,,listingPage.listMotifs.byUses.title,Motifs - by Uses,Motifs - by Uses,,
FALSE,,listingPage.listMotifs.byUses.title.short,...by Uses,...by Uses,,
FALSE,,listingPage.listMotifs.byUses.item,{MOTIF} ({TIMES_USED}),{MOTIF} ({TIMES_USED}),,
FALSE,,listingPage.listMotifs.byGroup.title,Motifs - by Group,Motifs - by Group,,
FALSE,,listingPage.listMotifs.byGroup.title.short,...by Group,...by Group,,
FALSE,,listingPage.listMotifs.byGroup.chunk.title,{GROUP},{GROUP},,
FALSE,,listingPage.listMotifs.byGroup.chunk.item,{MOTIF},{MOTIF},,
FALSE,Cello,listingPage.other.allSheetMusic.title,All Sheet Music,All Sheet Music,Toda las Partituras,
FALSE,Cello,listingPage.other.allSheetMusic.title.short,All Sheet Music,All Sheet Music,Toda las Partituras,
FALSE,Cello,listingPage.other.allSheetMusic.albumFiles,Album sheet music:,Album sheet music:,Partitura de album:,
TRUE,Cello,listingPage.other.allSheetMusic.file,{TITLE},{TITLE},{TITLE},
FALSE,,listingPage.other.allSheetMusic.file.placeholderTitle,Sheet music,Sheet music,,
FALSE,,listingPage.other.allSheetMusic.file.withCredit,{TITLE} {CREDIT},{TITLE} {CREDIT},,
TRUE,Cello,listingPage.other.allSheetMusic.file.withMultipleFiles,{TITLE} ({FILES}),{TITLE} ({FILES}),{TITLE} ({FILES}),
FALSE,Cello,listingPage.other.allSheetMusic.file.withNoFiles,{TITLE} (no files),{TITLE} (no files),{TITLE} (sin archivos),
FALSE,,listingPage.other.allSheetMusic.file.withCredit.withMultipleFiles,{TITLE} {CREDIT} ({FILES}),{TITLE} {CREDIT} ({FILES}),,
FALSE,,listingPage.other.allSheetMusic.file.withCredit.withNoFiles,{TITLE} {CREDIT} (no files),{TITLE} {CREDIT} (no files),,
FALSE,,listingPage.other.allSheetMusic.file.credit,by {ARTISTS},by {ARTISTS},,
FALSE,Cello,listingPage.other.allMidiProjectFiles.title,All MIDI / Project Files,All MIDI/Project Files,Todos los MIDI/Archivos de Proyecto,
FALSE,Cello,listingPage.other.allMidiProjectFiles.title.short,All MIDI & Project Files,All MIDI/Project Files,Todos los MIDI/Archivos de Proyecto,
FALSE,Cello,listingPage.other.allMidiProjectFiles.albumFiles,Album MIDI & project files:,Album MIDI/project files:,MIDI/Archivos de Proyecto del Album:,"should this be lowercase? also, missing 'album'? -whis"
TRUE,Cello,listingPage.other.allMidiProjectFiles.file,{TITLE},{TITLE},{TITLE},
FALSE,,listingPage.other.allMidiProjectFiles.file.placeholderTitle,MIDI or project file,MIDI or project file,,
FALSE,,listingPage.other.allMidiProjectFiles.file.withCredit,{TITLE} {CREDIT},{TITLE} {CREDIT},,
TRUE,Cello,listingPage.other.allMidiProjectFiles.file.withMultipleFiles,{TITLE} ({FILES}),{TITLE} ({FILES}),{TITLE} ({FILES}),
FALSE,Cello,listingPage.other.allMidiProjectFiles.file.withNoFiles,{TITLE} (no files),{TITLE} (no files),{TITLE} (sin archivos),
FALSE,,listingPage.other.allMidiProjectFiles.file.withCredit.withMultipleFiles,{TITLE} {CREDIT} ({FILES}),{TITLE} {CREDIT} ({FILES}),,
FALSE,,listingPage.other.allMidiProjectFiles.file.withCredit.withNoFiles,{TITLE} {CREDIT} (no files),{TITLE} {CREDIT} (no files),,
FALSE,,listingPage.other.allMidiProjectFiles.file.credit,by {ARTISTS},by {ARTISTS},,
FALSE,Cello,listingPage.other.allAdditionalFiles.title,All Additional Files,All Additional Files,Todos los Archivos Adicionales,
FALSE,Cello,listingPage.other.allAdditionalFiles.title.short,All Additional Files,All Additional Files,Todos los Archivos Adicionales,
FALSE,Cello,listingPage.other.allAdditionalFiles.albumFiles,Album additional files:,Album additional files:,Archivos adicionales del álbum:,
TRUE,Cello,listingPage.other.allAdditionalFiles.file,{TITLE},{TITLE},{TITLE},
FALSE,,listingPage.other.allAdditionalFiles.file.placeholderTitle,Additional file,Additional file,,
FALSE,,listingPage.other.allAdditionalFiles.file.withCredit,{TITLE} {CREDIT},{TITLE} {CREDIT},,
TRUE,Cello,listingPage.other.allAdditionalFiles.file.withMultipleFiles,{TITLE} ({FILES}),{TITLE} ({FILES}),{TITLE} ({FILES}),
FALSE,Cello,listingPage.other.allAdditionalFiles.file.withNoFiles,{TITLE} (no files),{TITLE} (no files available),{TITLE} (sin archivos disponibles),
FALSE,,listingPage.other.allAdditionalFiles.file.withCredit.withMultipleFiles,{TITLE} {CREDIT} ({FILES}),{TITLE} {CREDIT} ({FILES}),,
FALSE,,listingPage.other.allAdditionalFiles.file.withCredit.withNoFiles,{TITLE} {CREDIT} (no files),{TITLE} {CREDIT} (no files),,
FALSE,,listingPage.other.allAdditionalFiles.file.credit,by {ARTISTS},by {ARTISTS},,
FALSE,Cello,listingPage.other.randomPages.title,Random Pages,Random Pages,Páginas Aleatorias,
FALSE,Cello,listingPage.other.randomPages.title.short,Random Pages,Random Pages,Páginas Aleatorias,
FALSE,,listingPage.other.randomPages.chooseLinkLine,{FROM_PART} {BROWSER_SUPPORT_PART},{FROM_PART} {BROWSER_SUPPORT_PART},{FROM_PART} {BROWSER_SUPPORT_PART},
FALSE,Cello,listingPage.other.randomPages.chooseLinkLine.fromPart.dividedByGroups,Choose a link to go to a random page in that group or album!,Choose a link to go to a random page in that group or album!,¡Elige un link para ir a una página aleatoria en ese grupo o álbum!,
FALSE,Cello,listingPage.other.randomPages.chooseLinkLine.fromPart.notDividedByGroups,Choose a link to go to a random page in that album!,Choose a link to go to a random page in that album!,¡Elige un link para ir a una página aleatoria en ese álbum!,
FALSE,Cello,listingPage.other.randomPages.chooseLinkLine.browserSupportPart,"If your browser doesn't support relatively modern JavaScript or you've disabled it, these links won't work - sorry.","If your browser doesn't support relatively modern JavaScript or you've disabled it, these links won't work - sorry.","Si tu buscador no es compatible con JavaScript relativamente modern, o lo has deshabilitado, estos link no funcionaran - lo sentimos.",
FALSE,Cello,listingPage.other.randomPages.dataLoadingLine,(Data files are downloading in the background! Please wait for data to load.),(Data files are downloading in the background! Please wait for data to load.),(¡Archivos de datos se están descargando en el fondo! Por favor esperar para que se carguen.),
FALSE,Cello,listingPage.other.randomPages.dataLoadedLine,(Data files have finished being downloaded. The links should work!),(Data files have finished being downloaded. The links should work!),(Ya se ha terminado la descarga de archivos de datos. ¡Los links deberían funcionar!),
FALSE,Cello,listingPage.other.randomPages.dataErrorLine,"(Data files failed to download. Sorry, some of these links won't work right now!)","(Data files failed to download. Sorry, some of these links won't work right now!)","(Descarga de archivos de datos ha fallado. ¡Lo sentimos, algunos de estos link no funcionaran ahora mismo!)",
FALSE,Cello,listingPage.other.randomPages.chunk.title.misc,Miscellaneous:,Miscellaneous:,Miscelaneos:,
FALSE,Cello,listingPage.other.randomPages.chunk.title.fromAlbum,From an album:,From an album:,De un album:,
FALSE,Cello,listingPage.other.randomPages.chunk.title.fromGroup,From {GROUP}:,From {GROUP}:,De {GROUP},
TRUE,Cello,listingPage.other.randomPages.chunk.title.fromGroup.accent,"({RANDOM_ALBUM}, {RANDOM_TRACK})","({RANDOM_ALBUM}, {RANDOM_TRACK})","({RANDOM_ALBUM}, {RANDOM_TRACK})",
FALSE,Cello,listingPage.other.randomPages.chunk.title.fromGroup.accent.randomAlbum,Random Album,Random Album,Album Aleatorio,
FALSE,Cello,listingPage.other.randomPages.chunk.title.fromGroup.accent.randomTrack,Random Track,Random Track,Pista Aleatoria,
TRUE,Cello,listingPage.other.randomPages.chunk.item.album,{ALBUM},{ALBUM},{ALBUM},
TRUE,Cello,listingPage.other.randomPages.chunk.item.randomArtist,{MAIN_LINK} ({AT_LEAST_TWO_CONTRIBUTIONS}),{MAIN_LINK} ({AT_LEAST_TWO_CONTRIBUTIONS}),{MAIN_LINK} ({AT_LEAST_TWO_CONTRIBUTIONS}),
FALSE,Cello,listingPage.other.randomPages.chunk.item.randomArtist.mainLink,Random Artist,Random Artist,Artista Aleatorio,
FALSE,Cello,listingPage.other.randomPages.chunk.item.randomArtist.atLeastTwoContributions,at least 2 contributions,at least 2 contributions,al menos 2 contribuciones,
FALSE,Cello,listingPage.other.randomPages.chunk.item.randomAlbumWholeSite,Random Album (whole site),Random Album (whole site),Album Aleatorio (en toda la página),
FALSE,Cello,listingPage.other.randomPages.chunk.item.randomTrackWholeSite,Random Track (whole site),Random Track (whole site),Pista Aleatoria (en toda la página),
FALSE,,motifInfoPage.title,{MOTIF},{MOTIF},,
FALSE,,motifInfoPage.nav.motif,Motif: {MOTIF},Motif: {MOTIF},,
TRUE,"Niklink, Cello",newsIndex.title,News,News,Noticias,
TRUE,"Niklink, Cello",newsIndex.entry.viewRest,(View rest of entry!),(View rest of entry!),¡Vea el resto del artículo!,
TRUE,"Niklink, Cello",newsEntryPage.title,{ENTRY},{ENTRY},{ENTRY},
TRUE,"Niklink, Cello",newsEntryPage.published,(Published {DATE}.),(Published {DATE}.),(Publicado el {DATE}.),
FALSE,Cello,newsEntryPage.readAnother.previous,(← {ENTRY}),(← {ENTRY}),(← {ENTRY}),
FALSE,Cello,newsEntryPage.readAnother.previous.withDate,(← {DATE} {ENTRY}),(← {DATE} {ENTRY}),(← {DATE} {ENTRY}),
FALSE,Cello,newsEntryPage.readAnother.next,(→ {ENTRY}),(→ {ENTRY}),(→ {ENTRY}),
FALSE,Cello,newsEntryPage.readAnother.next.withDate,(→ {DATE} {ENTRY}),(→ {DATE} {ENTRY}),(→ {DATE} {ENTRY}),
TRUE,"Niklink, Cello",redirectPage.title,Moved to {TITLE},Moved to {TITLE},Trasladado a {TITLE},
TRUE,"Niklink, Cello",redirectPage.infoLine,This page has been moved to {TARGET}.,This page has been moved to {TARGET}.,Esta página ha sido trasladada a {TARGET},
FALSE,Cello,referencedArtworksPage.subtitle,Referenced Artworks,Referenced Artworks,Arte Referenciado,
FALSE,Cello,referencedArtworksPage.statsLine,References {ARTWORKS}.,References {ARTWORKS}.,Hace Referencia a {ARTWORKS}.,"this is a (part of) sentence, not a title - capitalization? -whis"
FALSE,Cello,referencingArtworksPage.subtitle,Referencing Artworks,Referencing Artworks,Artes de Referencia,
FALSE,Cello,referencingArtworksPage.statsLine,Referenced by {ARTWORKS}.,Referenced by {ARTWORKS}.,Referenciado por {ARTWORKS}.,
TRUE,"Niklink, Cello",trackPage.title,{TRACK},{TRACK},{TRACK},
TRUE,"Niklink, Cello",trackPage.nav.random,Random,Random,Aleatorio,
FALSE,Cello,trackPage.nav.backToTrack,Return to track page,Return to track page,Volver a la página de pista,
FALSE,,trackPage.nav.albumAccent.withNameDetail,{NAME_DETAIL},{NAME_DETAIL},,
FALSE,,trackPage.nav.albumAccent.withType,{TYPE},{TYPE},,
FALSE,,trackPage.nav.albumAccent.withNameDetail.withType,{TYPE}: {NAME_DETAIL},{TYPE}: {NAME_DETAIL},,
FALSE,,trackPage.nav.albumAccent.type.single,single,single,,
FALSE,,trackPage.nav.albumAccent.type.vgm,vgm,vgm,,
TRUE,"Niklink, Cello",trackPage.nav.track,{TRACK},{TRACK},{TRACK},
TRUE,"Niklink, Cello",trackPage.nav.track.withNumber,{NUMBER}. {TRACK},{NUMBER}. {TRACK},{NUMBER}. {TRACK},
FALSE,Cello,trackPage.needsLyrics,"This track has vocals, but there aren't lyrics available for it on this wiki, yet!","This track has vocals, but there aren't lyrics available for it on this wiki, yet!","Esta pista tiene vocales, ¡pero esta wiki no tiene las letras disponibles aun!",
FALSE,Cello,trackPage.socialEmbed.heading,{ALBUM},{ALBUM},{ALBUM},
FALSE,Cello,trackPage.socialEmbed.title,{TRACK},{TRACK},{TRACK},
FALSE,Cello,trackPage.socialEmbed.body.withArtists.withCoverArtists,By {ARTISTS}; art by {COVER_ARTISTS}.,By {ARTISTS}; art by {COVER_ARTISTS}.,Por {ARTISTS}; arte por {COVER_ARTISTS}.,
FALSE,Cello,trackPage.socialEmbed.body.withArtists,By {ARTISTS}.,By {ARTISTS}.,Por {ARTISTS}.,
FALSE,Cello,trackPage.socialEmbed.body.withCoverArtists,Art by {COVER_ARTISTS}.,Art by {COVER_ARTISTS}.,Arte por {COVER_ARTISTS}.,
FALSE,Cello,albumGalleryPage.statsLine.withDate,--outdated or unused string key--,{TRACKS} totaling {DURATION}. Released {DATE}.,"{TRACKS} sumando a {DURATION}. Lanzado el {DATE}.
",
FALSE,Cello,albumGalleryPage.statsLine.withDate.noDuration,--outdated or unused string key--,Released {DATE}.,Lanzado el {DATE}.,
FALSE,Cello,albumPage.socialEmbed.body.withDuration.withReleaseDate,--outdated or unused string key--,{DURATION}. Released {DATE}.,{DURATION}. Lanzado el {DATE}.,
FALSE,Cello,albumPage.socialEmbed.body.withDuration.withTracks.withReleaseDate,--outdated or unused string key--,"{DURATION}, {TRACKS}. Released {DATE}.","{DURATION}, {TRACKS}. Lanzado el {DATE}.",
FALSE,Cello,albumPage.socialEmbed.body.withReleaseDate,--outdated or unused string key--,Released {DATE}.,Lanzado el {DATE}.,
FALSE,Cello,albumPage.socialEmbed.body.withTracks.withReleaseDate,--outdated or unused string key--,{TRACKS}. Released {DATE}.,{TRACKS}. Lanzado el {DATE}.,
FALSE,Cello,artTagGalleryPage.featuredLine.all,--outdated or unused string key--,Featured in {COVER_ARTS}.,Aparece en {COVER_ARTS}.,
FALSE,Cello,artistPage.creditList.entry.track.withDuration,--outdated or unused string key--,({DURATION}) {TRACK},({DURATION}) {TRACK},
FALSE,Cello,artistPage.creditList.entry.withArtists,--outdated or unused string key--,{ENTRY} (with {ARTISTS}),{ENTRY} (con {ARTISTS}),
FALSE,Cello,artistPage.creditList.entry.withArtists.withAnnotation,--outdated or unused string key--,{ENTRY} ({ANNOTATION}; with {ARTISTS}),{ENTRY} ({ANNOTATION}; con {ARTISTS}),
TRUE,Cello,count.additionalFiles,--outdated or unused string key--,{FILES},{FILES},
FALSE,Cello,count.additionalFiles.withUnit.one,--outdated or unused string key--,{FILES} file,{FILES} archivo,
FALSE,Cello,count.additionalFiles.withUnit.other,--outdated or unused string key--,{FILES} files,{FILES} archivos,
TRUE,Cello,misc.artistCommentary.entry.title,--outdated or unused string key--,{ARTISTS}:,{ARTISTS}:,
FALSE,Cello,misc.artistCommentary.entry.title.noArtists,--outdated or unused string key--,Unknown artist,Artista desconocido,
TRUE,Cello,misc.artistCommentary.entry.title.withAccent,--outdated or unused string key--,{ARTISTS}: {ACCENT},{ARTISTS}: {ACCENT},
FALSE,Cello,misc.external.bandcamp.composerRelease,--outdated or unused string key--,Bandcamp (composer's release),Bandcamp (lanzamiento del compositor),
TRUE,Cello,misc.external.withDomain,--outdated or unused string key--,{PLATFORM} ({DOMAIN}),{PLATFORM} ({DOMAIN}),
FALSE,Cello,misc.search.resultDisambiguator.track,--outdated or unused string key--,(from {DISAMBIGUATOR}),(desde {DISAMBIGUATOR}),
FALSE,Cello,releaseInfo.additionalFiles.heading,--outdated or unused string key--,View or download additional files:,Véase o descarge archivos adicionales:,
FALSE,Cello,releaseInfo.additionalFiles.shortcut,--outdated or unused string key--,View {LINK}.,Véase {LINK}.,
FALSE,Cello,releaseInfo.additionalFiles.shortcut.link,--outdated or unused string key--,additional files,archivos adicionales,
FALSE,Cello,releaseInfo.alsoReleased.single,--outdated or unused string key--,as a single,como un sencillo,
TRUE,"Niklink, Cello",releaseInfo.flashesThatFeature.item,--outdated or unused string key--,{FLASH},{FLASH},
TRUE,"Niklink, Cello",releaseInfo.flashesThatFeature.item.asDifferentRelease,--outdated or unused string key--,{FLASH} (as {TRACK}),{FLASH} (como {TRACK}),
TRUE,"Niklink, Cello",trackList.item.withArtists.by,--outdated or unused string key--,by {ARTISTS},por {ARTISTS},
FALSE,Cello,trackList.item.withArtists.by.featuring,--outdated or unused string key--,by {ARTISTS} feat. {FEATURING},por {ARTISTS} colaborando con {FEATURING},see releaseInfo.by.featuring -whis
FALSE,Cello,trackList.item.withArtists.featuring,--outdated or unused string key--,feat. {ARTISTS},colaborando con {ARTISTS},see releaseInfo.by.featuring -whis
TRUE,Lanolin. Cello,trackList.item.withDuration,--outdated or unused string key--,{DURATION} {TRACK},{DURATION} {TRACK},
TRUE,Cello,trackList.item.withDuration.duration,--outdated or unused string key--,({DURATION}),({DURATION}),
TRUE,Cello,trackList.item.withDuration.duration.missing,--outdated or unused string key--,_:__,_:__,
FALSE,Cello,trackList.item.withDuration.duration.missing.info,--outdated or unused string key--,no duration provided; treated as zero seconds long,ninguna duración presentada: tratado con duración de cero segundos,
TRUE,"Lanolin, Cello",trackList.item.withDuration.withArtists,--outdated or unused string key--,{DURATION} {TRACK} {BY},{DURATION} {TRACK} {BY},
FALSE,Cello,trackPage.nav.singleAccent,--outdated or unused string key--,single,sencillo,