"Reviewed?","Sign-off","String Key","Reference (English)","Used Reference (English)","String Value","Comments"
"FALSE","","meta.languageCode","en","en","",""
"FALSE","","meta.languageName","English","English","",""
"FALSE","","count.albums","{ALBUMS}","{ALBUMS}","",""
"FALSE","","count.albums.withUnit.zero","","","",""
"FALSE","","count.albums.withUnit.one","{ALBUMS} album","{ALBUMS} album","",""
"FALSE","","count.albums.withUnit.two","","","",""
"FALSE","","count.albums.withUnit.few","","","",""
"FALSE","","count.albums.withUnit.many","","","",""
"FALSE","","count.albums.withUnit.other","{ALBUMS} albums","{ALBUMS} albums","",""
"FALSE","","count.artTags","{TAGS}","{TAGS}","",""
"FALSE","","count.artTags.withUnit.zero","","","",""
"FALSE","","count.artTags.withUnit.one","{TAGS} tag","{TAGS} tag","",""
"FALSE","","count.artTags.withUnit.two","","","",""
"FALSE","","count.artTags.withUnit.few","","","",""
"FALSE","","count.artTags.withUnit.many","","","",""
"FALSE","","count.artTags.withUnit.other","{TAGS} tags","{TAGS} tags","",""
"FALSE","","count.artworks","{ARTWORKS}","{ARTWORKS}","",""
"FALSE","","count.artworks.withUnit.zero","","","",""
"FALSE","","count.artworks.withUnit.one","{ARTWORKS} artwork","{ARTWORKS} artwork","",""
"FALSE","","count.artworks.withUnit.two","","","",""
"FALSE","","count.artworks.withUnit.few","","","",""
"FALSE","","count.artworks.withUnit.many","","","",""
"FALSE","","count.artworks.withUnit.other","{ARTWORKS} artworks","{ARTWORKS} artworks","",""
"FALSE","","count.commentaryEntries","{ENTRIES}","{ENTRIES}","",""
"FALSE","","count.commentaryEntries.withUnit.zero","","","",""
"FALSE","","count.commentaryEntries.withUnit.one","{ENTRIES} entry","{ENTRIES} entry","",""
"FALSE","","count.commentaryEntries.withUnit.two","","","",""
"FALSE","","count.commentaryEntries.withUnit.few","","","",""
"FALSE","","count.commentaryEntries.withUnit.many","","","",""
"FALSE","","count.commentaryEntries.withUnit.other","{ENTRIES} entries","{ENTRIES} entries","",""
"FALSE","","count.contributions","{CONTRIBUTIONS}","{CONTRIBUTIONS}","",""
"FALSE","","count.contributions.withUnit.zero","","","",""
"FALSE","","count.contributions.withUnit.one","{CONTRIBUTIONS} contribution","{CONTRIBUTIONS} contribution","",""
"FALSE","","count.contributions.withUnit.two","","","",""
"FALSE","","count.contributions.withUnit.few","","","",""
"FALSE","","count.contributions.withUnit.many","","","",""
"FALSE","","count.contributions.withUnit.other","{CONTRIBUTIONS} contributions","{CONTRIBUTIONS} contributions","",""
"FALSE","","count.files","{FILES}","{FILES}","",""
"FALSE","","count.files.withUnit.zero","","","",""
"FALSE","","count.files.withUnit.one","{FILES} file","{FILES} file","",""
"FALSE","","count.files.withUnit.two","","","",""
"FALSE","","count.files.withUnit.few","","","",""
"FALSE","","count.files.withUnit.many","","","",""
"FALSE","","count.files.withUnit.other","{FILES} files","{FILES} files","",""
"FALSE","","count.flashes","{FLASHES}","{FLASHES}","",""
"FALSE","","count.flashes.withUnit.zero","","","",""
"FALSE","","count.flashes.withUnit.one","{FLASHES} flash","{FLASHES} flash","",""
"FALSE","","count.flashes.withUnit.two","","","",""
"FALSE","","count.flashes.withUnit.few","","","",""
"FALSE","","count.flashes.withUnit.many","","","",""
"FALSE","","count.flashes.withUnit.other","{FLASHES} flashes","{FLASHES} flashes","",""
"FALSE","","count.tracks","{TRACKS}","{TRACKS}","",""
"FALSE","","count.tracks.withUnit.zero","","","",""
"FALSE","","count.tracks.withUnit.one","{TRACKS} track","{TRACKS} track","",""
"FALSE","","count.tracks.withUnit.two","","","",""
"FALSE","","count.tracks.withUnit.few","","","",""
"FALSE","","count.tracks.withUnit.many","","","",""
"FALSE","","count.tracks.withUnit.other","{TRACKS} tracks","{TRACKS} tracks","",""
"FALSE","","count.days","{DAYS}","{DAYS}","",""
"FALSE","","count.days.withUnit.zero","","","",""
"FALSE","","count.days.withUnit.one","{DAYS} day","{DAYS} day","",""
"FALSE","","count.days.withUnit.two","","","",""
"FALSE","","count.days.withUnit.few","","","",""
"FALSE","","count.days.withUnit.many","","","",""
"FALSE","","count.days.withUnit.other","{DAYS} days","{DAYS} days","",""
"FALSE","","count.months","{MONTHS}","{MONTHS}","",""
"FALSE","","count.months.withUnit.zero","","","",""
"FALSE","","count.months.withUnit.one","{MONTHS} month","{MONTHS} month","",""
"FALSE","","count.months.withUnit.two","","","",""
"FALSE","","count.months.withUnit.few","","","",""
"FALSE","","count.months.withUnit.many","","","",""
"FALSE","","count.months.withUnit.other","{MONTHS} months","{MONTHS} months","",""
"FALSE","","count.timesFeatured","{TIMES_FEATURED}","{TIMES_FEATURED}","",""
"FALSE","","count.timesFeatured.withUnit.zero","","","",""
"FALSE","","count.timesFeatured.withUnit.one","featured {TIMES_FEATURED} time","featured {TIMES_FEATURED} time","",""
"FALSE","","count.timesFeatured.withUnit.two","","","",""
"FALSE","","count.timesFeatured.withUnit.few","","","",""
"FALSE","","count.timesFeatured.withUnit.many","","","",""
"FALSE","","count.timesFeatured.withUnit.other","featured {TIMES_FEATURED} times","featured {TIMES_FEATURED} times","",""
"FALSE","","count.timesReferenced","{TIMES_REFERENCED}","{TIMES_REFERENCED}","",""
"FALSE","","count.timesReferenced.withUnit.zero","","","",""
"FALSE","","count.timesReferenced.withUnit.one","{TIMES_REFERENCED} time referenced","{TIMES_REFERENCED} time referenced","",""
"FALSE","","count.timesReferenced.withUnit.two","","","",""
"FALSE","","count.timesReferenced.withUnit.few","","","",""
"FALSE","","count.timesReferenced.withUnit.many","","","",""
"FALSE","","count.timesReferenced.withUnit.other","{TIMES_REFERENCED} times referenced","{TIMES_REFERENCED} times referenced","",""
"FALSE","","count.timesUsed","{TIMES_USED}","{TIMES_USED}","",""
"FALSE","","count.timesUsed.withUnit.zero","","","",""
"FALSE","","count.timesUsed.withUnit.one","used {TIMES_USED} time","used {TIMES_USED} time","",""
"FALSE","","count.timesUsed.withUnit.two","","","",""
"FALSE","","count.timesUsed.withUnit.few","","","",""
"FALSE","","count.timesUsed.withUnit.many","","","",""
"FALSE","","count.timesUsed.withUnit.other","used {TIMES_USED} times","used {TIMES_USED} times","",""
"FALSE","","count.weeks","{WEEKS}","{WEEKS}","",""
"FALSE","","count.weeks.withUnit.zero","","","",""
"FALSE","","count.weeks.withUnit.one","{WEEKS} week","{WEEKS} week","",""
"FALSE","","count.weeks.withUnit.two","","","",""
"FALSE","","count.weeks.withUnit.few","","","",""
"FALSE","","count.weeks.withUnit.many","","","",""
"FALSE","","count.weeks.withUnit.other","{WEEKS} weeks","{WEEKS} weeks","",""
"FALSE","","count.words","{WORDS}","{WORDS}","",""
"FALSE","","count.words.thousand","{WORDS}k","{WORDS}k","",""
"FALSE","","count.words.withUnit.zero","","","",""
"FALSE","","count.words.withUnit.one","{WORDS} word","{WORDS} word","",""
"FALSE","","count.words.withUnit.two","","","",""
"FALSE","","count.words.withUnit.few","","","",""
"FALSE","","count.words.withUnit.many","","","",""
"FALSE","","count.words.withUnit.other","{WORDS} words","{WORDS} words","",""
"FALSE","","count.years","{YEARS}","{YEARS}","",""
"FALSE","","count.years.withUnit.zero","","","",""
"FALSE","","count.years.withUnit.one","{YEARS} year","{YEARS} year","",""
"FALSE","","count.years.withUnit.two","","","",""
"FALSE","","count.years.withUnit.few","","","",""
"FALSE","","count.years.withUnit.many","","","",""
"FALSE","","count.years.withUnit.other","{YEARS} years","{YEARS} years","",""
"FALSE","","count.duration.missing","_:__","_:__","",""
"FALSE","","count.duration.approximate","~{DURATION}","~{DURATION}","",""
"FALSE","","count.duration.hours","{HOURS}:{MINUTES}:{SECONDS}","{HOURS}:{MINUTES}:{SECONDS}","",""
"FALSE","","count.duration.hours.withUnit","{HOURS}:{MINUTES}:{SECONDS} hours","{HOURS}:{MINUTES}:{SECONDS} hours","",""
"FALSE","","count.duration.minutes","{MINUTES}:{SECONDS}","{MINUTES}:{SECONDS}","",""
"FALSE","","count.duration.minutes.withUnit","{MINUTES}:{SECONDS} minutes","{MINUTES}:{SECONDS} minutes","",""
"FALSE","","count.dateDuration.earlier","{DURATION} earlier","{DURATION} earlier","",""
"FALSE","","count.dateDuration.later","{DURATION} later","{DURATION} later","",""
"FALSE","","count.dateDuration.same","on the same date","on the same date","",""
"FALSE","","count.dateDuration.zero","at most one day","at most one day","",""
"FALSE","","count.dateDuration.approximate","about {DURATION}","about {DURATION}","",""
"FALSE","","count.dateDuration.approximateEarlier","about {DURATION} earlier","about {DURATION} earlier","",""
"FALSE","","count.dateDuration.approximateLater","about {DURATION} later","about {DURATION} later","",""
"FALSE","","count.dateDuration.relativeAbsolute","{ABSOLUTE}; {RELATIVE}","{ABSOLUTE}; {RELATIVE}","",""
"FALSE","","count.dateDuration.years","{YEARS}","{YEARS}","",""
"FALSE","","count.dateDuration.months","{MONTHS}","{MONTHS}","",""
"FALSE","","count.dateDuration.days","{DAYS}","{DAYS}","",""
"FALSE","","count.dateDuration.yearsMonthsDays","{YEARS}, {MONTHS}, {DAYS}","{YEARS}, {MONTHS}, {DAYS}","",""
"FALSE","","count.dateDuration.yearsMonths","{YEARS}, {MONTHS}","{YEARS}, {MONTHS}","",""
"FALSE","","count.dateDuration.yearsDays","{YEARS}, {DAYS}","{YEARS}, {DAYS}","",""
"FALSE","","count.dateDuration.monthsDays","{MONTHS}, {DAYS}","{MONTHS}, {DAYS}","",""
"FALSE","","count.fileSize.terabytes","{TERABYTES} TB","{TERABYTES} TB","",""
"FALSE","","count.fileSize.gigabytes","{GIGABYTES} GB","{GIGABYTES} GB","",""
"FALSE","","count.fileSize.megabytes","{MEGABYTES} MB","{MEGABYTES} MB","",""
"FALSE","","count.fileSize.kilobytes","{KILOBYTES} kB","{KILOBYTES} kB","",""
"FALSE","","count.fileSize.bytes","{BYTES} bytes","{BYTES} bytes","",""
"FALSE","","count.index.zero","","","",""
"FALSE","","count.index.one","{INDEX}st","{INDEX}st","",""
"FALSE","","count.index.two","{INDEX}nd","{INDEX}nd","",""
"FALSE","","count.index.few","{INDEX}rd","{INDEX}rd","",""
"FALSE","","count.index.many","","","",""
"FALSE","","count.index.other","{INDEX}th","{INDEX}th","",""
"FALSE","","releaseInfo.by","By {ARTISTS}.","By {ARTISTS}.","",""
"FALSE","","releaseInfo.by.featuring","By {ARTISTS}, featuring {FEATURING}.","By {ARTISTS}, featuring {FEATURING}.","",""
"FALSE","","releaseInfo.by.withAlbum","From {ALBUM}, by {ARTISTS}.","From {ALBUM}, by {ARTISTS}.","",""
"FALSE","","releaseInfo.by.featuring.withAlbum","From {ALBUM}, by {ARTISTS} feat. {FEATURING}.","From {ALBUM}, by {ARTISTS} feat. {FEATURING}.","",""
"FALSE","","releaseInfo.by.withAlbum.albumLast","By {ARTISTS}, from {ALBUM}.","By {ARTISTS}, from {ALBUM}.","",""
"FALSE","","releaseInfo.by.featuring.withAlbum.albumLast","By {ARTISTS}, featuring {FEATURING}. From {ALBUM}.","By {ARTISTS}, featuring {FEATURING}. From {ALBUM}.","",""
"FALSE","","releaseInfo.from","From {ALBUM}.","From {ALBUM}.","",""
"FALSE","","releaseInfo.musicBy","Music by {ARTISTS}.","Music by {ARTISTS}.","",""
"FALSE","","releaseInfo.musicBy.featuring","Music by {ARTISTS}, featuring {FEATURING}.","Music by {ARTISTS}, featuring {FEATURING}.","",""
"FALSE","","releaseInfo.wallpaperArtBy","Wallpaper by {ARTISTS}","Wallpaper by {ARTISTS}","",""
"FALSE","","releaseInfo.bannerArtBy","Banner by {ARTISTS}","Banner by {ARTISTS}","",""
"FALSE","","releaseInfo.released","Released {DATE}.","Released {DATE}.","",""
"FALSE","","releaseInfo.albumReleased","Album released {DATE}.","Album released {DATE}.","",""
"FALSE","","releaseInfo.trackReleased","Track released {DATE}.","Track released {DATE}.","",""
"FALSE","","releaseInfo.released.withAlbum","From {ALBUM}, released {DATE}.","From {ALBUM}, released {DATE}.","",""
"FALSE","","releaseInfo.posted","Posted {DATE}.","Posted {DATE}.","",""
"FALSE","","releaseInfo.albumPosted","Album posted {DATE}.","Album posted {DATE}.","",""
"FALSE","","releaseInfo.trackPosted","Track posted {DATE}.","Track posted {DATE}.","",""
"FALSE","","releaseInfo.posted.withAlbum","From {ALBUM}, posted {DATE}.","From {ALBUM}, posted {DATE}.","",""
"FALSE","","releaseInfo.released.vgm.withAlbum","From {ALBUM} ({DATE}).","From {ALBUM} ({DATE}).","",""
"FALSE","","releaseInfo.addedToWiki","Added to wiki {DATE}.","Added to wiki {DATE}.","",""
"FALSE","","releaseInfo.unofficialName","""{NAME}"" is marked, on this wiki, as an unofficial name.","""{NAME}"" is marked, on this wiki, as an unofficial name.","",""
"FALSE","","releaseInfo.unofficialLocalization","""{NAME}"" is marked, on this wiki, as an unofficial localization.","""{NAME}"" is marked, on this wiki, as an unofficial localization.","",""
"FALSE","","releaseInfo.duration","Duration: {DURATION}.","Duration: {DURATION}.","",""
"FALSE","","releaseInfo.contributors","Contributors:","Contributors:","",""
"FALSE","","releaseInfo.lyrics","Lyrics:","Lyrics:","",""
"FALSE","","releaseInfo.lyrics.switcher","({ENTRIES})","({ENTRIES})","",""
"FALSE","","releaseInfo.note","Notes:","Notes:","",""
"FALSE","","releaseInfo.alsoReleased.alsoReleased","Also released","Also released","",""
"FALSE","","releaseInfo.alsoReleased.released","Released","Released","",""
"FALSE","","releaseInfo.alsoReleased.included","Included","Included","",""
"FALSE","","releaseInfo.alsoReleased.onAlbums","{ALSO_RELEASED} on {ALBUMS}.","{ALSO_RELEASED} on {ALBUMS}.","",""
"FALSE","","releaseInfo.alsoReleased.asSingle","{ALSO_RELEASED} {SINGLE}.","{ALSO_RELEASED} {SINGLE}.","",""
"FALSE","","releaseInfo.alsoReleased.onSingle","{ALSO_RELEASED} {SINGLE}.","{ALSO_RELEASED} {SINGLE}.","",""
"FALSE","","releaseInfo.alsoReleased.onAlbums.asSingle","{ALSO_RELEASED} on {ALBUMS}, and {SINGLE}.","{ALSO_RELEASED} on {ALBUMS}, and {SINGLE}.","",""
"FALSE","","releaseInfo.alsoReleased.onAlbums.onSingle","{ALSO_RELEASED} on {ALBUMS}, and {SINGLE}.","{ALSO_RELEASED} on {ALBUMS}, and {SINGLE}.","",""
"FALSE","","releaseInfo.alsoReleased.asSingle.link","as a single","as a single","",""
"FALSE","","releaseInfo.alsoReleased.onSingle.link","on a single","on a single","",""
"FALSE","","releaseInfo.alsoReleased.tooltip.differentName","as {NAME}","as {NAME}","",""
"FALSE","","releaseInfo.alsoReleased.tooltip.differentName.onSingle","{NAME}","{NAME}","",""
"FALSE","","releaseInfo.tracksReferenced","Tracks that {TRACK} references:","Tracks that {TRACK} references:","",""
"FALSE","","releaseInfo.tracksReferenced.withoutName","Tracks that this one references:","Tracks that this one references:","",""
"FALSE","","releaseInfo.tracksReferenced.sticky","Tracks that this one references:","Tracks that this one references:","",""
"FALSE","","releaseInfo.tracksSampled","Tracks that {TRACK} samples:","Tracks that {TRACK} samples:","",""
"FALSE","","releaseInfo.tracksSampled.withoutName","Tracks that this one samples:","Tracks that this one samples:","",""
"FALSE","","releaseInfo.tracksSampled.sticky","Tracks that this one samples:","Tracks that this one samples:","",""
"FALSE","","releaseInfo.tracksThatReference","Tracks that reference {TRACK}:","Tracks that reference {TRACK}:","",""
"FALSE","","releaseInfo.tracksThatReference.withoutName","Tracks that reference this one:","Tracks that reference this one:","",""
"FALSE","","releaseInfo.tracksThatReference.sticky","Tracks that reference this one:","Tracks that reference this one:","",""
"FALSE","","releaseInfo.tracksThatReference.sticky.fromGroup","Tracks that reference this one — from {GROUP}:","Tracks that reference this one — from {GROUP}:","",""
"FALSE","","releaseInfo.tracksThatReference.sticky.fromOther","Tracks that reference this one — from somewhere else:","Tracks that reference this one — from somewhere else:","",""
"FALSE","","releaseInfo.tracksThatSample","Tracks that sample {TRACK}:","Tracks that sample {TRACK}:","",""
"FALSE","","releaseInfo.tracksThatSample.withoutName","Tracks that sample this one:","Tracks that sample this one:","",""
"FALSE","","releaseInfo.tracksThatSample.sticky","Tracks that sample this one:","Tracks that sample this one:","",""
"FALSE","","releaseInfo.tracksThatSample.sticky.fromGroup","Tracks that sample this one — from {GROUP}:","Tracks that sample this one — from {GROUP}:","",""
"FALSE","","releaseInfo.tracksThatSample.sticky.fromOther","Tracks that sample this one — from somewhere else:","Tracks that sample this one — from somewhere else:","",""
"FALSE","","releaseInfo.flashesThatFeature","Flashes that feature {TRACK}:","Flashes that feature {TRACK}:","",""
"FALSE","","releaseInfo.flashesThatFeature.withoutName","Flashes that feature this track:","Flashes that feature this track:","",""
"FALSE","","releaseInfo.flashesThatFeature.sticky","Flashes that feature this track:","Flashes that feature this track:","",""
"FALSE","","releaseInfo.referencesArtworks","References {ARTWORKS}.","References {ARTWORKS}.","",""
"FALSE","","releaseInfo.referencedByArtworks","Referenced by {ARTWORKS}.","Referenced by {ARTWORKS}.","",""
"FALSE","","releaseInfo.tracksFeatured","Tracks that {FLASH} features:","Tracks that {FLASH} features:","",""
"FALSE","","releaseInfo.viewCommentary","View {LINK}!","View {LINK}!","",""
"FALSE","","releaseInfo.viewCommentary.link","commentary page","commentary page","",""
"FALSE","","releaseInfo.viewGallery","View {LINK}!","View {LINK}!","",""
"FALSE","","releaseInfo.viewGallery.link","gallery page","gallery page","",""
"FALSE","","releaseInfo.viewGalleryOrCommentary","View {GALLERY} or {COMMENTARY}!","View {GALLERY} or {COMMENTARY}!","",""
"FALSE","","releaseInfo.viewGalleryOrCommentary.gallery","gallery page","gallery page","",""
"FALSE","","releaseInfo.viewGalleryOrCommentary.commentary","commentary page","commentary page","",""
"FALSE","","releaseInfo.viewOriginalFile","View {LINK}.","View {LINK}.","",""
"FALSE","","releaseInfo.viewOriginalFile.withSize","View {LINK} ({SIZE}).","View {LINK} ({SIZE}).","",""
"FALSE","","releaseInfo.viewOriginalFile.link","original file","original file","",""
"FALSE","","releaseInfo.viewOriginalFile.sizeWarning","(Heads up! If you're on a mobile plan, this is a large download.)","(Heads up! If you're on a mobile plan, this is a large download.)","",""
"FALSE","","releaseInfo.listenOn","Listen on {LINKS}.","Listen on {LINKS}.","",""
"FALSE","","releaseInfo.listenOn.title","Listen on:","Listen on:","",""
"FALSE","","releaseInfo.listenOn.noLinks","This wiki doesn't have any listening links for {TRACK}.","This wiki doesn't have any listening links for {TRACK}.","",""
"FALSE","","releaseInfo.listenOn.excludingLinks","This wiki is excluding listening links for {TRACK}.","This wiki is excluding listening links for {TRACK}.","",""
"FALSE","","releaseInfo.listenOn.excludingLinks.notClearlyPublic","This wiki is excluding listening links here, since it's not clear {TRACK} has been shared publicly.","This wiki is excluding listening links here, since it's not clear {TRACK} has been shared publicly.","",""
"FALSE","","releaseInfo.listenOn.excludingLinks.paidBonusTrack","On {ALBUM}, the bonus track {TRACK} is only available with the album purchase, so this wiki is excluding listening links here.","On {ALBUM}, the bonus track {TRACK} is only available with the album purchase, so this wiki is excluding listening links here.","",""
"FALSE","","releaseInfo.visitOn","Visit on {LINKS}.","Visit on {LINKS}.","",""
"FALSE","","releaseInfo.visitOn.title","Visit on:","Visit on:","",""
"FALSE","","releaseInfo.playOn","Play on {LINKS}.","Play on {LINKS}.","",""
"FALSE","","releaseInfo.playOn.title","Play on:","Play on:","",""
"FALSE","","releaseInfo.watchOn","Watch on {LINKS}.","Watch on {LINKS}.","",""
"FALSE","","releaseInfo.watchOn.title","Watch on:","Watch on:","",""
"FALSE","","releaseInfo.readCommentary","Read {LINK}.","Read {LINK}.","",""
"FALSE","","releaseInfo.readCommentary.link","artist commentary","artist commentary","",""
"FALSE","","releaseInfo.readCommentary.link.withWikiCommentary","artist and wiki commentary","artist and wiki commentary","",""
"FALSE","","releaseInfo.readCommentary.link.onlyWikiCommentary","wiki commentary","wiki commentary","",""
"FALSE","","releaseInfo.readCreditingSources","Read {LINK}.","Read {LINK}.","",""
"FALSE","","releaseInfo.readCreditingSources.link","crediting sources","crediting sources","",""
"FALSE","","releaseInfo.readReferencingSources","Read {LINK}.","Read {LINK}.","",""
"FALSE","","releaseInfo.readReferencingSources.link","referencing sources","referencing sources","",""
"FALSE","","releaseInfo.additionalFiles.entry","{TITLE}","{TITLE}","",""
"FALSE","","releaseInfo.additionalFiles.entry.withCredit","{TITLE} {CREDIT}","{TITLE} {CREDIT}","",""
"FALSE","","releaseInfo.additionalFiles.entry.credit","by {ARTISTS}","by {ARTISTS}","",""
"FALSE","","releaseInfo.additionalFiles.entry.noFilesAvailable","There are no files available or listed for this entry.","There are no files available or listed for this entry.","",""
"FALSE","","releaseInfo.additionalFiles.file","{FILE}","{FILE}","",""
"FALSE","","releaseInfo.additionalFiles.file.withSize","{FILE} ({SIZE})","{FILE} ({SIZE})","",""
"FALSE","","releaseInfo.miscellaneousAdditionalFiles.heading","View or download additional files:","View or download additional files:","",""
"FALSE","","releaseInfo.miscellaneousAdditionalFiles.entry.placeholderTitle","Additional file","Additional file","",""
"FALSE","","releaseInfo.miscellaneousAdditionalFiles.shortcut","View {LINK}.","View {LINK}.","",""
"FALSE","","releaseInfo.miscellaneousAdditionalFiles.shortcut.link","additional files","additional files","",""
"FALSE","","releaseInfo.sheetMusicFiles.heading","Print or download sheet music files:","Print or download sheet music files:","",""
"FALSE","","releaseInfo.sheetMusicFiles.entry.placeholderTitle","Sheet music","Sheet music","",""
"FALSE","","releaseInfo.sheetMusicFiles.shortcut","Download {LINK}.","Download {LINK}.","",""
"FALSE","","releaseInfo.sheetMusicFiles.shortcut.link","sheet music files","sheet music files","",""
"FALSE","","releaseInfo.midiProjectFiles.heading","Download MIDI & project files:","Download MIDI & project files:","",""
"FALSE","","releaseInfo.midiProjectFiles.entry.placeholderTitle","MIDI or project file","MIDI or project file","",""
"FALSE","","releaseInfo.midiProjectFiles.shortcut","Download {LINK}.","Download {LINK}.","",""
"FALSE","","releaseInfo.midiProjectFiles.shortcut.link","MIDI & project files","MIDI & project files","",""
"FALSE","","trackList.section","{SECTION}:","{SECTION}:","",""
"FALSE","","trackList.section.withDuration","{SECTION}: ({DURATION})","{SECTION}: ({DURATION})","",""
"FALSE","","trackList.section.sticky","{SECTION}:","{SECTION}:","",""
"FALSE","","trackList.fromGroup","from {GROUP}:","from {GROUP}:","",""
"FALSE","","trackList.fromOther","from somewhere else:","from somewhere else:","",""
"FALSE","","trackList.item","{TRACK}","{TRACK}","",""
"FALSE","","trackList.item.withAccent","{ACCENT} {TRACK}","{ACCENT} {TRACK}","",""
"FALSE","","trackList.item.accent.withDate","({DATE})","({DATE})","",""
"FALSE","","trackList.item.accent.withDate.withDuration","({DURATION}; {DATE})","({DURATION}; {DATE})","",""
"FALSE","","trackList.item.accent.withDuration","({DURATION})","({DURATION})","",""
"FALSE","","trackList.item.accent.date","{DATE}","{DATE}","",""
"FALSE","","trackList.item.accent.duration","{DURATION}","{DURATION}","",""
"FALSE","","trackList.item.accent.duration.missing","_:__","_:__","",""
"FALSE","","trackList.item.accent.duration.missing.info","no duration provided; treated as zero seconds long","no duration provided; treated as zero seconds long","",""
"FALSE","","trackList.item.withDetail","{TRACK} {DETAIL_ACCENT}","{TRACK} {DETAIL_ACCENT}","",""
"FALSE","","trackList.item.withDetail.accent","({DETAIL})","({DETAIL})","",""
"FALSE","","trackList.item.withArtists","{TRACK} {ARTISTS}","{TRACK} {ARTISTS}","",""
"FALSE","","trackList.item.artists.by","by {ARTISTS}","by {ARTISTS}","",""
"FALSE","","trackList.item.artists.featuring","feat. {ARTISTS}","feat. {ARTISTS}","",""
"FALSE","","trackList.item.artists.by.featuring","by {ARTISTS} feat. {FEATURING}","by {ARTISTS} feat. {FEATURING}","",""
"FALSE","","trackList.item.withAccent.withDetail","{ACCENT} {TRACK} {DETAIL_ACCENT}","{ACCENT} {TRACK} {DETAIL_ACCENT}","",""
"FALSE","","trackList.item.withAccent.withArtists","{ACCENT} {TRACK} {ARTISTS}","{ACCENT} {TRACK} {ARTISTS}","",""
"FALSE","","trackList.item.withDetail.withArtists","{TRACK} {DETAIL_ACCENT} {ARTISTS}","{TRACK} {DETAIL_ACCENT} {ARTISTS}","",""
"FALSE","","trackList.item.withAccent.withDetail.withArtists","{ACCENT} {TRACK} {DETAIL_ACCENT} {ARTISTS}","{ACCENT} {TRACK} {DETAIL_ACCENT} {ARTISTS}","",""
"FALSE","","trackList.item.rerelease","{TRACK} (rerelease)","{TRACK} (rerelease)","",""
"FALSE","","flashList.underSide","under {SIDE}:","under {SIDE}:","",""
"FALSE","","flashList.underOther","other flashes:","other flashes:","",""
"FALSE","","flashList.item","{FLASH}","{FLASH}","",""
"FALSE","","flashList.item.asDifferentRelease","{FLASH} (as {TRACK})","{FLASH} (as {TRACK})","",""
"FALSE","","misc.additionalNames.title","Additional or alternate names:","Additional or alternate names:","",""
"FALSE","","misc.additionalNames.tooltip","Click to view additional or alternate names","Click to view additional or alternate names","",""
"FALSE","","misc.additionalNames.item","{NAME}","{NAME}","",""
"FALSE","","misc.additionalNames.item.withAccent","{NAME} {ACCENT}","{NAME} {ACCENT}","",""
"FALSE","","misc.additionalNames.item.accent.withAnnotation","({ANNOTATION})","({ANNOTATION})","",""
"FALSE","","misc.alt.albumCover","album cover","album cover","",""
"FALSE","","misc.alt.albumBanner","album banner","album banner","",""
"FALSE","","misc.alt.trackCover","track cover","track cover","",""
"FALSE","","misc.alt.artistAvatar","artist avatar","artist avatar","",""
"FALSE","","misc.alt.flashArt","flash art","flash art","",""
"FALSE","","misc.artistCommentary","Artist commentary for {THING}:","Artist commentary for {THING}:","",""
"FALSE","","misc.artistCommentary.withoutName","Artist commentary:","Artist commentary:","",""
"FALSE","","misc.artistCommentary.sticky","Artist commentary:","Artist commentary:","",""
"FALSE","","misc.artistCommentary.withWikiCommentary","Artist and wiki commentary for {THING}:","Artist and wiki commentary for {THING}:","",""
"FALSE","","misc.artistCommentary.withWikiCommentary.withoutName","Artist and wiki commentary:","Artist and wiki commentary:","",""
"FALSE","","misc.artistCommentary.withWikiCommentary.sticky","Artist and wiki commentary:","Artist and wiki commentary:","",""
"FALSE","","misc.artistCommentary.onlyWikiCommentary","Wiki commentary for {THING}:","Wiki commentary for {THING}:","",""
"FALSE","","misc.artistCommentary.onlyWikiCommentary.withoutName","Wiki commentary:","Wiki commentary:","",""
"FALSE","","misc.artistCommentary.onlyWikiCommentary.sticky","Wiki commentary:","Wiki commentary:","",""
"FALSE","","misc.artistCommentary.entry.title.withArtists","{ARTISTS} ✑","{ARTISTS} ✑","",""
"FALSE","","misc.artistCommentary.entry.title.withArtists.withAccent","{ARTISTS} ✑ {ACCENT}","{ARTISTS} ✑ {ACCENT}","",""
"FALSE","","misc.artistCommentary.entry.title.withArtists.withAccent.wikiEditor","{ARTISTS}: {ACCENT}","{ARTISTS}: {ACCENT}","",""
"FALSE","","misc.artistCommentary.entry.title.accent.withAnnotation","{ANNOTATION}","{ANNOTATION}","",""
"FALSE","","misc.artistCommentary.entry.title.withAnnotation","{ANNOTATION}","{ANNOTATION}","",""
"FALSE","","misc.artistCommentary.entry.title.date","{DATE}","{DATE}","",""
"FALSE","","misc.artistCommentary.entry.title.date.range","{DATE_RANGE}","{DATE_RANGE}","",""
"FALSE","","misc.artistCommentary.entry.title.date.accessed","accessed {DATE}","accessed {DATE}","",""
"FALSE","","misc.artistCommentary.entry.title.date.captured","captured {DATE}","captured {DATE}","",""
"FALSE","","misc.artistCommentary.entry.title.date.around","around {DATE}","around {DATE}","",""
"FALSE","","misc.artistCommentary.entry.title.date.around.range","around {DATE_RANGE}","around {DATE_RANGE}","",""
"FALSE","","misc.artistCommentary.entry.title.date.sometime.range","sometime {DATE_RANGE}","sometime {DATE_RANGE}","",""
"FALSE","","misc.artistCommentary.entry.title.date.throughout.range","throughout {DATE_RANGE}","throughout {DATE_RANGE}","",""
"FALSE","","misc.artistCommentary.entry.title.date.sameDayAsAlbum","same date as this album","same date as this album","",""
"FALSE","","misc.artistCommentary.entry.title.date.sameDayAsSingle","same date as this single","same date as this single","",""
"FALSE","","misc.artistCommentary.entry.title.date.sameDayAsTrack","same date as this track","same date as this track","",""
"FALSE","","misc.artistCommentary.entry.title.date.sameDayAsFlash","same date as this flash","same date as this flash","",""
"FALSE","","misc.artistCommentary.entry.title.date.relativeTo","with respect to {THING} —","with respect to {THING} —","",""
"FALSE","","misc.artistCommentary.entry.title.date.relativeTo.album","this album","this album","",""
"FALSE","","misc.artistCommentary.entry.title.date.relativeTo.single","this single","this single","",""
"FALSE","","misc.artistCommentary.entry.title.date.relativeTo.track","this track","this track","",""
"FALSE","","misc.artistCommentary.entry.title.date.relativeTo.flash","this flash","this flash","",""
"FALSE","","misc.artistCommentary.info.fromMainRelease","The following commentary is properly placed on this track's main release, {ALBUM}.","The following commentary is properly placed on this track's main release, {ALBUM}.","",""
"FALSE","","misc.artistCommentary.info.fromMainRelease.namedDifferently","The following commentary is properly placed on this track's main release, {ALBUM}, where it's named {NAME}.","The following commentary is properly placed on this track's main release, {ALBUM}, where it's named {NAME}.","",""
"FALSE","","misc.artistCommentary.info.seeSpecificReleases","For release-specific commentary, check out: {ALBUMS}.","For release-specific commentary, check out: {ALBUMS}.","",""
"FALSE","","misc.artistCommentary.info.seeSpecificReleases.withMainCommentary","For release-specific commentary, see also: {ALBUMS}.","For release-specific commentary, see also: {ALBUMS}.","",""
"FALSE","","misc.artistCredit.withNormalArtists","{NORMAL}","{NORMAL}","",""
"FALSE","","misc.artistCredit.withFeaturingArtists","feat. {FEATURING}","feat. {FEATURING}","",""
"FALSE","","misc.artistCredit.withNormalArtists.withFeaturingArtists","{NORMAL} feat. {FEATURING}","{NORMAL} feat. {FEATURING}","",""
"FALSE","","misc.artistLink","{ARTIST}","{ARTIST}","",""
"FALSE","","misc.artistLink.withContribution","{ARTIST} ({CONTRIB})","{ARTIST} ({CONTRIB})","",""
"FALSE","","misc.artistLink.withEditsForWiki","{ARTISTS} ({EDITS})","{ARTISTS} ({EDITS})","",""
"FALSE","","misc.artistLink.withEditsForWiki.edits","+ edits","+ edits","",""
"FALSE","","misc.artistLink.withEditsForWiki.editsLine","Edits for wiki by {ARTISTS}","Edits for wiki by {ARTISTS}","",""
"FALSE","","misc.artistLink.noExternalLinkPlatformName","Other","Other","",""
"FALSE","","misc.artistLink.chronology.heading.artistReleases","Releases by {ARTIST}:","Releases by {ARTIST}:","",""
"FALSE","","misc.artistLink.chronology.heading.artistTracks","Tracks by {ARTIST}:","Tracks by {ARTIST}:","",""
"FALSE","","misc.artistLink.chronology.previous.symbol","←","←","",""
"FALSE","","misc.artistLink.chronology.previous.info","Previous by this artist","Previous by this artist","",""
"FALSE","","misc.artistLink.chronology.previous.info.withKind","Previous {KIND} by this artist","Previous {KIND} by this artist","",""
"FALSE","","misc.artistLink.chronology.next.symbol","→","→","",""
"FALSE","","misc.artistLink.chronology.next.info","Next by this artist","Next by this artist","",""
"FALSE","","misc.artistLink.chronology.next.info.withKind","Next {KIND} by this artist","Next {KIND} by this artist","",""
"FALSE","","misc.artistLink.chronology.kind.album","album","album","",""
"FALSE","","misc.artistLink.chronology.kind.bannerArt","banner art","banner art","",""
"FALSE","","misc.artistLink.chronology.kind.coverArt","cover art","cover art","",""
"FALSE","","misc.artistLink.chronology.kind.flash","flash","flash","",""
"FALSE","","misc.artistLink.chronology.kind.midiProjectFile","midi / project file","midi / project file","",""
"FALSE","","misc.artistLink.chronology.kind.miscellaneousAdditionalFile","additional file","additional file","",""
"FALSE","","misc.artistLink.chronology.kind.musicVideo","music video","music video","",""
"FALSE","","misc.artistLink.chronology.kind.musicVideoContribution","video contribution","video contribution","",""
"FALSE","","misc.artistLink.chronology.kind.release","release","release","",""
"FALSE","","misc.artistLink.chronology.kind.sheetMusicFile","sheet music file","sheet music file","",""
"FALSE","","misc.artistLink.chronology.kind.track","track","track","",""
"FALSE","","misc.artistLink.chronology.kind.trackArt","track art","track art","",""
"FALSE","","misc.artistLink.chronology.kind.trackContribution","track contribution","track contribution","",""
"FALSE","","misc.artistLink.chronology.kind.wallpaperArt","wallpaper art","wallpaper art","",""
"FALSE","","misc.creditingSources","{CUE} for {THING}:","{CUE} for {THING}:","",""
"FALSE","","misc.creditingSources.withoutName","{CUE}:","{CUE}:","",""
"FALSE","","misc.creditingSources.collapsed","{CUE} for {THING}…","{CUE} for {THING}…","",""
"FALSE","","misc.creditingSources.withoutName.collapsed","{CUE}…","{CUE}…","",""
"FALSE","","misc.creditingSources.cue","Crediting sources","Crediting sources","",""
"FALSE","","misc.creditingSources.sticky","Crediting sources:","Crediting sources:","",""
"FALSE","","misc.downloadLayoutMedia.withWallpaper","Wiki files: {WALLPAPER}","Wiki files: {WALLPAPER}","",""
"FALSE","","misc.downloadLayoutMedia.withBanner","Wiki files: {BANNER}","Wiki files: {BANNER}","",""
"FALSE","","misc.downloadLayoutMedia.withWallpaper.withBanner","Wiki files: {WALLPAPER}, {BANNER}","Wiki files: {WALLPAPER}, {BANNER}","",""
"FALSE","","misc.downloadLayoutMedia.withWallpaperParts","Wallpaper: {PARTS}","Wallpaper: {PARTS}","",""
"FALSE","","misc.downloadLayoutMedia.wallpaper","Wallpaper","Wallpaper","",""
"FALSE","","misc.downloadLayoutMedia.banner","Banner","Banner","",""
"FALSE","","misc.external.external","External","External","",""
"FALSE","","misc.external.withUnusualDomain","{PLATFORM} ({DOMAIN})","{PLATFORM} ({DOMAIN})","",""
"FALSE","","misc.external.withHandle","{PLATFORM} ({HANDLE})","{PLATFORM} ({HANDLE})","",""
"FALSE","","misc.external.withAnnotation","{LINK} ({ANNOTATION})","{LINK} ({ANNOTATION})","",""
"FALSE","","misc.external.withAutomaticAndCustomAnnotations","{LINK} ({AUTOMATIC}, {CUSTOM})","{LINK} ({AUTOMATIC}, {CUSTOM})","",""
"FALSE","","misc.external.opensInNewTab","{PLATFORM} (opens in new tab)","{PLATFORM} (opens in new tab)","",""
"FALSE","","misc.external.opensInNewTab.annotation","opens in new tab","opens in new tab","",""
"FALSE","","misc.external.invalidURL","invalid URL","invalid URL","",""
"FALSE","","misc.external.invalidURL.annotation","invalid URL","invalid URL","",""
"FALSE","","misc.external.amazonMusic","Amazon Music","Amazon Music","",""
"FALSE","","misc.external.appleMusic","Apple Music","Apple Music","",""
"FALSE","","misc.external.artstation","ArtStation","ArtStation","",""
"FALSE","","misc.external.bandcamp","Bandcamp","Bandcamp","",""
"FALSE","","misc.external.bandcamp.artistRelease","Bandcamp (artist's release)","Bandcamp (artist's release)","",""
"FALSE","","misc.external.bandcamp.officialRelease","Bandcamp (official release)","Bandcamp (official release)","",""
"FALSE","","misc.external.bgreco","bgreco.net","bgreco.net","",""
"FALSE","","misc.external.bgreco.flash","bgreco.net (high quality audio)","bgreco.net (high quality audio)","",""
"FALSE","","misc.external.bluesky","Bluesky","Bluesky","",""
"FALSE","","misc.external.carrd","Carrd","Carrd","",""
"FALSE","","misc.external.cohost","Cohost","Cohost","",""
"FALSE","","misc.external.deconreconstruction","Deconreconstruction","Deconreconstruction","",""
"FALSE","","misc.external.deconreconstruction.music","MUSIC@DCRC","MUSIC@DCRC","",""
"FALSE","","misc.external.deviantart","DeviantArt","DeviantArt","",""
"FALSE","","misc.external.facebook","Facebook","Facebook","",""
"FALSE","","misc.external.fandom","Fandom","Fandom","",""
"FALSE","","misc.external.fandom.mspaintadventures","MSPA Wiki","MSPA Wiki","",""
"FALSE","","misc.external.fandom.mspaintadventures.page","MSPA Wiki ({PAGE})","MSPA Wiki ({PAGE})","",""
"FALSE","","misc.external.gamebanana","GameBanana","GameBanana","",""
"FALSE","","misc.external.homestuck","Homestuck","Homestuck","",""
"FALSE","","misc.external.homestuck.page","Homestuck (page {PAGE})","Homestuck (page {PAGE})","",""
"FALSE","","misc.external.homestuck.secretPage","Homestuck (secret page)","Homestuck (secret page)","",""
"FALSE","","misc.external.hsmusic","HSMusic","HSMusic","",""
"FALSE","","misc.external.hsmusic.archive","HSMusic (wiki archive)","HSMusic (wiki archive)","",""
"FALSE","","misc.external.instagram","Instagram","Instagram","",""
"FALSE","","misc.external.internetArchive","Internet Archive","Internet Archive","",""
"FALSE","","misc.external.itch","itch.io","itch.io","",""
"FALSE","","misc.external.kofi","Ko-fi","Ko-fi","",""
"FALSE","","misc.external.linktree","Linktree","Linktree","",""
"FALSE","","misc.external.mastodon","Mastodon","Mastodon","",""
"FALSE","","misc.external.mspfa","MSPFA","MSPFA","",""
"FALSE","","misc.external.neocities","Neocities","Neocities","",""
"FALSE","","misc.external.newgrounds","Newgrounds","Newgrounds","",""
"FALSE","","misc.external.nintendoMusic","Nintendo Music","Nintendo Music","",""
"FALSE","","misc.external.patreon","Patreon","Patreon","",""
"FALSE","","misc.external.poetryFoundation","Poetry Foundation","Poetry Foundation","",""
"FALSE","","misc.external.reddit","Reddit","Reddit","",""
"FALSE","","misc.external.reddit.subreddit","Reddit ({SUBREDDIT})","Reddit ({SUBREDDIT})","",""
"FALSE","","misc.external.soundcloud","SoundCloud","SoundCloud","",""
"FALSE","","misc.external.spotify","Spotify","Spotify","",""
"FALSE","","misc.external.steam","Steam","Steam","",""
"FALSE","","misc.external.tiktok","TikTok","TikTok","",""
"FALSE","","misc.external.toyhouse","Toyhouse","Toyhouse","",""
"FALSE","","misc.external.tumblr","Tumblr","Tumblr","",""
"FALSE","","misc.external.twitch","Twitch","Twitch","",""
"FALSE","","misc.external.twitter","Twitter","Twitter","",""
"FALSE","","misc.external.waybackMachine","Wayback Machine","Wayback Machine","",""
"FALSE","","misc.external.wikipedia","Wikipedia","Wikipedia","",""
"FALSE","","misc.external.youtube","YouTube","YouTube","",""
"FALSE","","misc.external.youtube.flash","YouTube (on any device)","YouTube (on any device)","",""
"FALSE","","misc.external.youtube.playlist","YouTube (playlist)","YouTube (playlist)","",""
"FALSE","","misc.external.youtube.fullAlbum","YouTube (full album)","YouTube (full album)","",""
"FALSE","","misc.external.youtubeMusic","YouTube Music","YouTube Music","",""
"FALSE","","misc.flashActWithTitle","{ACT}: {TITLE}","{ACT}: {TITLE}","",""
"FALSE","","misc.lyrics.source","Via {SOURCE}","Via {SOURCE}","",""
"FALSE","","misc.lyrics.contributors","Contributions from {CONTRIBUTORS}","Contributions from {CONTRIBUTORS}","",""
"FALSE","","misc.lyrics.squareBracketAnnotations","Mind parts marked in [square brackets]","Mind parts marked in [square brackets]","",""
"FALSE","","misc.missingImage","(This image file is missing)","(This image file is missing)","",""
"FALSE","","misc.missingLinkContent","(Missing link content)","(Missing link content)","",""
"FALSE","","misc.linkWithNameDetail.insideLink","{NAME} ({DETAIL})","{NAME} ({DETAIL})","",""
"FALSE","","misc.linkWithNameDetail.withAccent","{LINK} {ACCENT}","{LINK} {ACCENT}","",""
"FALSE","","misc.linkWithNameDetail.accent","({DETAIL})","({DETAIL})","",""
"FALSE","","misc.navAccent","({LINKS})","({LINKS})","",""
"FALSE","","misc.quickDescription.readMore","Read more on {LINKS}.","Read more on {LINKS}.","",""
"FALSE","","misc.quickDescription.moreInfo","({LINK})","({LINK})","",""
"FALSE","","misc.quickDescription.moreInfo.link","More info...","More info...","",""
"FALSE","","misc.quickDescription.expandDescription","({EXPAND})","({EXPAND})","",""
"FALSE","","misc.quickDescription.expandDescription.expand","Expand description...","Expand description...","",""
"FALSE","","misc.quickDescription.expandDescription.orReadMore","({EXPAND}, or read more on {LINKS})","({EXPAND}, or read more on {LINKS})","",""
"FALSE","","misc.quickDescription.expandDescription.orReadMore.expand","Expand description","Expand description","",""
"FALSE","","misc.quickDescription.collapseDescription","({COLLAPSE})","({COLLAPSE})","",""
"FALSE","","misc.quickDescription.collapseDescription.collapse","Collapse description","Collapse description","",""
"FALSE","","misc.quickDescription.collapseDescription.orReadMore","({COLLAPSE}, or read more on {LINKS})","({COLLAPSE}, or read more on {LINKS})","",""
"FALSE","","misc.quickDescription.collapseDescription.orReadMore.collapse","Collapse description","Collapse description","",""
"FALSE","","misc.nav.previous","Previous","Previous","",""
"FALSE","","misc.nav.next","Next","Next","",""
"FALSE","","misc.nav.info","Info","Info","",""
"FALSE","","misc.nav.gallery","Gallery","Gallery","",""
"FALSE","","misc.nav.rollingWindow","Rolling Window","Rolling Window","",""
"FALSE","","misc.pageTitle","{TITLE}","{TITLE}","",""
"FALSE","","misc.pageTitle.withDetail","{TITLE} ({DETAIL})","{TITLE} ({DETAIL})","",""
"FALSE","","misc.pageTitle.withSubtitle","{TITLE} - {SUBTITLE}","{TITLE} - {SUBTITLE}","",""
"FALSE","","misc.pageTitle.withWikiName","{TITLE} | {WIKI_NAME}","{TITLE} | {WIKI_NAME}","",""
"FALSE","","misc.pageTitle.withDetail.withSubtitle","{TITLE} ({DETAIL}) - {SUBTITLE}","{TITLE} ({DETAIL}) - {SUBTITLE}","",""
"FALSE","","misc.pageTitle.withDetail.withWikiName","{TITLE} ({DETAIL}) | {WIKI_NAME}","{TITLE} ({DETAIL}) | {WIKI_NAME}","",""
"FALSE","","misc.pageTitle.withSubtitle.withWikiName","{TITLE} - {SUBTITLE} | {WIKI_NAME}","{TITLE} - {SUBTITLE} | {WIKI_NAME}","",""
"FALSE","","misc.pageTitle.withDetail.withSubtitle.withWikiName","{TITLE} ({DETAIL}) - {SUBTITLE} | {WIKI_NAME}","{TITLE} ({DETAIL}) - {SUBTITLE} | {WIKI_NAME}","",""
"FALSE","","misc.pageHeading","{TITLE}","{TITLE}","",""
"FALSE","","misc.pageHeading.withDetail","{TITLE} {DETAIL_ACCENT}","{TITLE} {DETAIL_ACCENT}","",""
"FALSE","","misc.pageHeading.withDetail.accent","({DETAIL})","({DETAIL})","",""
"FALSE","","misc.search.placeholder","Search for anything","Search for anything","",""
"FALSE","","misc.search.preparing","Preparing...","Preparing...","",""
"FALSE","","misc.search.loadingData","Loading data...","Loading data...","",""
"FALSE","","misc.search.searching","Searching...","Searching...","",""
"FALSE","","misc.search.failed","There was an internal error, and your search couldn't be processed. Reloading this page and trying again may help. Sorry for the trouble!","There was an internal error, and your search couldn't be processed. Reloading this page and trying again may help. Sorry for the trouble!","",""
"FALSE","","misc.search.noResults","No results for this query, sorry! Check spelling and use complete words.","No results for this query, sorry! Check spelling and use complete words.","",""
"FALSE","","misc.search.back","Return to: {PAGE}","Return to: {PAGE}","",""
"FALSE","","misc.search.currentResult","(you are here)","(you are here)","",""
"FALSE","","misc.search.endSearch","(OK, I'm done searching now.)","(OK, I'm done searching now.)","",""
"FALSE","","misc.search.resultKind.album","(album)","(album)","",""
"FALSE","","misc.search.resultKind.artTag","(art tag)","(art tag)","",""
"FALSE","","misc.search.resultKind.artist","(artist)","(artist)","",""
"FALSE","","misc.search.resultKind.flash","(flash)","(flash)","",""
"FALSE","","misc.search.resultKind.group","(group)","(group)","",""
"FALSE","","misc.search.resultKind.single","(single)","(single)","",""
"FALSE","","misc.search.resultKind.vgmAlbum","(in-game vgm)","(in-game vgm)","",""
"FALSE","","misc.search.resultDisambiguator.group","({CATEGORY})","({CATEGORY})","",""
"FALSE","","misc.search.resultDisambiguator.flash","(in {ACT})","(in {ACT})","",""
"FALSE","","misc.search.resultDisambiguator.track.album","(from {ALBUM})","(from {ALBUM})","",""
"FALSE","","misc.search.resultDisambiguator.track.artists","(by {ARTISTS})","(by {ARTISTS})","",""
"FALSE","","misc.search.resultFilter.album","Releases","Releases","",""
"FALSE","","misc.search.resultFilter.artTag","Art Tags","Art Tags","",""
"FALSE","","misc.search.resultFilter.artist","Artists","Artists","",""
"FALSE","","misc.search.resultFilter.flash","Flashes","Flashes","",""
"FALSE","","misc.search.resultFilter.group","Groups","Groups","",""
"FALSE","","misc.search.resultFilter.track","Tracks","Tracks","",""
"FALSE","","misc.referencingSources","{CUE} for {THING}:","{CUE} for {THING}:","",""
"FALSE","","misc.referencingSources.withoutName","{CUE}:","{CUE}:","",""
"FALSE","","misc.referencingSources.collapsed","{CUE} for {THING}…","{CUE} for {THING}…","",""
"FALSE","","misc.referencingSources.withoutName.collapsed","{CUE}…","{CUE}…","",""
"FALSE","","misc.referencingSources.cue","Referencing sources","Referencing sources","",""
"FALSE","","misc.referencingSources.sticky","Referencing sources:","Referencing sources:","",""
"FALSE","","misc.skippers.skipTo","Skip to:","Skip to:","",""
"FALSE","","misc.skippers.content","Content","Content","",""
"FALSE","","misc.skippers.header","Header","Header","",""
"FALSE","","misc.skippers.footer","Footer","Footer","",""
"FALSE","","misc.skippers.sidebar","Sidebar","Sidebar","",""
"FALSE","","misc.skippers.sidebar.left","Sidebar (left)","Sidebar (left)","",""
"FALSE","","misc.skippers.sidebar.right","Sidebar (right)","Sidebar (right)","",""
"FALSE","","misc.skippers.artistCommentary","Artist commentary","Artist commentary","",""
"FALSE","","misc.skippers.creditingSources","Crediting sources","Crediting sources","",""
"FALSE","","misc.skippers.tracks","Tracks","Tracks","",""
"FALSE","","misc.skippers.artworks","Artworks","Artworks","",""
"FALSE","","misc.skippers.flashes","Flashes","Flashes","",""
"FALSE","","misc.skippers.commentary","Commentary","Commentary","",""
"FALSE","","misc.skippers.contributors","Contributors","Contributors","",""
"FALSE","","misc.skippers.references","References...","References...","",""
"FALSE","","misc.skippers.referencedBy","Referenced by...","Referenced by...","",""
"FALSE","","misc.skippers.samples","Samples...","Samples...","",""
"FALSE","","misc.skippers.sampledBy","Sampled by...","Sampled by...","",""
"FALSE","","misc.skippers.features","Features...","Features...","",""
"FALSE","","misc.skippers.featuredIn","Featured in...","Featured in...","",""
"FALSE","","misc.skippers.referencingSources","Referencing sources","Referencing sources","",""
"FALSE","","misc.skippers.lyrics","Lyrics","Lyrics","",""
"FALSE","","misc.skippers.sheetMusicFiles","Sheet music files","Sheet music files","",""
"FALSE","","misc.skippers.midiProjectFiles","MIDI/project files","MIDI/project files","",""
"FALSE","","misc.skippers.additionalFiles","Additional files","Additional files","",""
"FALSE","","misc.socialEmbed.heading","{WIKI_NAME} | {HEADING}","{WIKI_NAME} | {HEADING}","",""
"FALSE","","misc.jumpTo","Jump to:","Jump to:","",""
"FALSE","","misc.jumpTo.withLinks","Jump to: {LINKS}.","Jump to: {LINKS}.","",""
"FALSE","","misc.contentWarnings.warnings","{WARNINGS}","{WARNINGS}","",""
"FALSE","","misc.contentWarnings.reveal","click to show","click to show","",""
"FALSE","","misc.coverArtwork.artworkBy","Artwork by {ARTISTS}","Artwork by {ARTISTS}","",""
"FALSE","","misc.coverArtwork.artworkBy.customLabel","{LABEL} by {ARTISTS}","{LABEL} by {ARTISTS}","",""
"FALSE","","misc.coverArtwork.artworkBy.withYear","Artwork ({YEAR}) by {ARTISTS}","Artwork ({YEAR}) by {ARTISTS}","",""
"FALSE","","misc.coverArtwork.artworkBy.customLabel.withYear","{LABEL} ({YEAR}) by {ARTISTS}","{LABEL} ({YEAR}) by {ARTISTS}","",""
"FALSE","","misc.coverArtwork.source","Via {SOURCE}","Via {SOURCE}","",""
"FALSE","","misc.coverArtwork.source.customLabel","{LABEL} via {SOURCE}","{LABEL} via {SOURCE}","",""
"FALSE","","misc.coverArtwork.source.withYear","Via {SOURCE} ({YEAR})","Via {SOURCE} ({YEAR})","",""
"FALSE","","misc.coverArtwork.source.customLabel.withYear","{LABEL} ({YEAR}) via {SOURCE}","{LABEL} ({YEAR}) via {SOURCE}","",""
"FALSE","","misc.coverArtwork.customLabel","{LABEL}","{LABEL}","",""
"FALSE","","misc.coverArtwork.customLabel.withYear","{LABEL} ({YEAR})","{LABEL} ({YEAR})","",""
"FALSE","","misc.coverArtwork.year","Released {YEAR}","Released {YEAR}","",""
"FALSE","","misc.coverArtwork.trackArtFromAlbum","Album cover for {ALBUM}","Album cover for {ALBUM}","",""
"FALSE","","misc.coverArtwork.sameTagsAsMainArtwork","Same tags as main artwork","Same tags as main artwork","",""
"FALSE","","misc.musicVideo.label","Music video!","Music video!","",""
"FALSE","","misc.musicVideo.label.customLabel","{LABEL}!","{LABEL}!","",""
"FALSE","","misc.musicVideo.label.customLabel.title","{TITLE}","{TITLE}","",""
"FALSE","","misc.musicVideo.label.customLabel.besideTitle","{LABEL}","{LABEL}","",""
"FALSE","","misc.musicVideo.watchOn","Watch on: {LINKS}","Watch on: {LINKS}","",""
"FALSE","","misc.musicVideo.artistsLine","Music video {CREDIT}","Music video {CREDIT}","",""
"FALSE","","misc.musicVideo.artistsLine.customLabel","{LABEL} {CREDIT}","{LABEL} {CREDIT}","",""
"FALSE","","misc.musicVideo.artistsLine.credit","by {ARTISTS}","by {ARTISTS}","",""
"FALSE","","misc.musicVideo.artistsLine.noLabel","By {ARTISTS}","By {ARTISTS}","",""
"FALSE","","misc.musicVideo.date","Released {DATE}","Released {DATE}","",""
"FALSE","","misc.musicVideo.date.sameDayAsTrack","Released alongside this track","Released alongside this track","",""
"FALSE","","misc.musicVideo.date.sameDayAsAlbum","Released alongside this album","Released alongside this album","",""
"FALSE","","misc.musicVideo.date.sameDayAsSingle","Released alongside this single","Released alongside this single","",""
"FALSE","","misc.musicVideo.contributorsLine","Contributors: {CREDIT}","Contributors: {CREDIT}","",""
"FALSE","","misc.musicVideo.contributorsLine.credit","{ARTISTS}","{ARTISTS}","",""
"FALSE","","misc.musicVideo.contributorsList.title","Contributors:","Contributors:","",""
"FALSE","","misc.coverGrid.revealAll.reveal","Reveal all artworks","Reveal all artworks","",""
"FALSE","","misc.coverGrid.revealAll.conceal","Conceal all artworks","Conceal all artworks","",""
"FALSE","","misc.coverGrid.revealAll.warnings","In this gallery: {WARNINGS}","In this gallery: {WARNINGS}","",""
"FALSE","","misc.coverGrid.expandCollapseCue","({CUE})","({CUE})","",""
"FALSE","","misc.coverGrid.expand","Show the rest!","Show the rest!","",""
"FALSE","","misc.coverGrid.collapse","Collapse these","Collapse these","",""
"FALSE","","misc.coverGrid.noCoverArt","{ALBUM}","{ALBUM}","",""
"FALSE","","misc.coverGrid.tab.groups","{GROUPS}","{GROUPS}","",""
"FALSE","","misc.coverGrid.tab.artists","{ARTISTS}","{ARTISTS}","",""
"FALSE","","misc.coverGrid.tab.artists.featuring","{ARTISTS} feat. {FEATURING}","{ARTISTS} feat. {FEATURING}","",""
"FALSE","","misc.coverGrid.details.notFromThisGroup","{NAME}{MARKER}","{NAME}{MARKER}","",""
"FALSE","","misc.coverGrid.details.notFromThisGroup.marker","*","*","",""
"FALSE","","misc.coverGrid.details.accent","({DETAILS})","({DETAILS})","",""
"FALSE","","misc.coverGrid.details.albumLength","{TRACKS}, {TIME}","{TRACKS}, {TIME}","",""
"FALSE","","misc.coverGrid.details.albumLength.single","single, {TIME}","single, {TIME}","",""
"FALSE","","misc.coverGrid.details.albumLength.single.withMultipleTracks","single, {TRACKS}, {TIME}+","single, {TRACKS}, {TIME}+","",""
"FALSE","","misc.coverGrid.details.albumLength.tracksOnly","{TRACKS}","{TRACKS}","",""
"FALSE","","misc.coverGrid.details.coverArtists","Artwork by {ARTISTS}","Artwork by {ARTISTS}","",""
"FALSE","","misc.coverGrid.details.coverArtists.customLabel","{LABEL} by {ARTISTS}","{LABEL} by {ARTISTS}","",""
"FALSE","","misc.coverGrid.details.otherCoverArtists","With {ARTISTS}","With {ARTISTS}","",""
"FALSE","","misc.albumGalleryGrid.noCoverArt","{NAME}","{NAME}","",""
"FALSE","","misc.uiLanguage","UI Language: {LANGUAGES}","UI Language: {LANGUAGES}","",""
"FALSE","","homepage.title","{TITLE}","{TITLE}","",""
"FALSE","","homepage.news.title","News","News","",""
"FALSE","","homepage.news.entry.viewRest","(View rest of entry!)","(View rest of entry!)","",""
"FALSE","","albumSidebar.trackList.item","{TRACK}","{TRACK}","",""
"FALSE","","albumSidebar.trackList.item.withDetail","{TRACK} {DETAIL_ACCENT}","{TRACK} {DETAIL_ACCENT}","",""
"FALSE","","albumSidebar.trackList.item.withDetail.accent","({DETAIL})","({DETAIL})","",""
"FALSE","","albumSidebar.trackList.fallbackSectionName","Track list","Track list","",""
"FALSE","","albumSidebar.trackList.group","{GROUP}","{GROUP}","",""
"FALSE","","albumSidebar.trackList.group.withRange","{GROUP} {RANGE_PART}","{GROUP} {RANGE_PART}","",""
"FALSE","","albumSidebar.trackList.group.withRange.rangePart","({RANGE})","({RANGE})","",""
"FALSE","","albumSidebar.groupBox.title","{GROUP}","{GROUP}","",""
"FALSE","","albumSidebar.groupBox.next","Next: {ALBUM}","Next: {ALBUM}","",""
"FALSE","","albumSidebar.groupBox.previous","Previous: {ALBUM}","Previous: {ALBUM}","",""
"FALSE","","albumSidebar.releaseBox.title","{ALBUM}","{ALBUM}","",""
"FALSE","","albumSecondaryNav.group","{GROUP}","{GROUP}","",""
"FALSE","","albumSecondaryNav.group.withPreviousNext","{GROUP} ({PREVIOUS_NEXT})","{GROUP} ({PREVIOUS_NEXT})","",""
"FALSE","","albumSecondaryNav.series","{SERIES}","{SERIES}","",""
"FALSE","","albumSecondaryNav.series.withPreviousNext","{SERIES} ({PREVIOUS_NEXT})","{SERIES} ({PREVIOUS_NEXT})","",""
"FALSE","","albumPage.title","{ALBUM}","{ALBUM}","",""
"FALSE","","albumPage.nav.album","{ALBUM}","{ALBUM}","",""
"FALSE","","albumPage.nav.backToAlbum","Return to album page","Return to album page","",""
"FALSE","","albumPage.nav.albumAccent.withNameDetail","{NAME_DETAIL}","{NAME_DETAIL}","",""
"FALSE","","albumPage.nav.albumAccent.withType","{TYPE}","{TYPE}","",""
"FALSE","","albumPage.nav.albumAccent.withNameDetail.withType","{TYPE}: {NAME_DETAIL}","{TYPE}: {NAME_DETAIL}","",""
"FALSE","","albumPage.nav.albumAccent.type.single","single","single","",""
"FALSE","","albumPage.nav.albumAccent.type.vgm","in-game vgm","in-game vgm","",""
"FALSE","","albumPage.nav.albumAccent.withLinks","{ACCENT} - {LINKS}","{ACCENT} - {LINKS}","",""
"FALSE","","albumPage.nav.randomTrack","Random Track","Random Track","",""
"FALSE","","albumPage.nav.gallery","Gallery","Gallery","",""
"FALSE","","albumPage.nav.commentary","Commentary","Commentary","",""
"FALSE","","albumPage.socialEmbed.heading","{GROUP}","{GROUP}","",""
"FALSE","","albumPage.socialEmbed.title","{ALBUM}","{ALBUM}","",""
"FALSE","","albumPage.socialEmbed.body.withDuration","{DURATION}.","{DURATION}.","",""
"FALSE","","albumPage.socialEmbed.body.withTracks","{TRACKS}.","{TRACKS}.","",""
"FALSE","","albumPage.socialEmbed.body.withDateReleased","Released {DATE}.","Released {DATE}.","",""
"FALSE","","albumPage.socialEmbed.body.withDatePosted","Posted {DATE}.","Posted {DATE}.","",""
"FALSE","","albumPage.socialEmbed.body.withDuration.withTracks","{DURATION}, {TRACKS}.","{DURATION}, {TRACKS}.","",""
"FALSE","","albumPage.socialEmbed.body.withDuration.withDateReleased","{DURATION}. Released {DATE}.","{DURATION}. Released {DATE}.","",""
"FALSE","","albumPage.socialEmbed.body.withDuration.withDatePosted","{DURATION}. Posted {DATE}.","{DURATION}. Posted {DATE}.","",""
"FALSE","","albumPage.socialEmbed.body.withTracks.withDateReleased","{TRACKS}. Released {DATE}.","{TRACKS}. Released {DATE}.","",""
"FALSE","","albumPage.socialEmbed.body.withTracks.withDatePosted","{DURATION}. Posted {DATE}.","{DURATION}. Posted {DATE}.","",""
"FALSE","","albumPage.socialEmbed.body.withDuration.withTracks.withDateReleased","{DURATION}, {TRACKS}. Released {DATE}.","{DURATION}, {TRACKS}. Released {DATE}.","",""
"FALSE","","albumPage.socialEmbed.body.withDuration.withTracks.withDatePosted","{DURATION}, {TRACKS}. Posted {DATE}.","{DURATION}, {TRACKS}. Posted {DATE}.","",""
"FALSE","","albumGalleryPage.title","{ALBUM} - Gallery","{ALBUM} - Gallery","",""
"FALSE","","albumGalleryPage.statsLine","{TRACKS} totaling {DURATION}.","{TRACKS} totaling {DURATION}.","",""
"FALSE","","albumGalleryPage.statsLine.withDateReleased","{TRACKS} totaling {DURATION}. Released {DATE}.","{TRACKS} totaling {DURATION}. Released {DATE}.","",""
"FALSE","","albumGalleryPage.statsLine.withDatePosted","{TRACKS} totaling {DURATION}. Posted {DATE}.","{TRACKS} totaling {DURATION}. Posted {DATE}.","",""
"FALSE","","albumGalleryPage.statsLine.withDateReleased.noDuration","Released {DATE}.","Released {DATE}.","",""
"FALSE","","albumGalleryPage.statsLine.withDatePosted.noDuration","Posted {DATE}.","Posted {DATE}.","",""
"FALSE","","albumGalleryPage.coverArtistsLine","All track artwork by {ARTISTS}.","All track artwork by {ARTISTS}.","",""
"FALSE","","albumGalleryPage.noTrackArtworksLine","This album doesn't have any track artwork.","This album doesn't have any track artwork.","",""
"FALSE","","albumGalleryPage.setSwitcher","({SETS})","({SETS})","",""
"FALSE","","albumGalleryPage.setSwitcher.unlabeledSet","Main album art","Main album art","",""
"FALSE","","albumCommentaryPage.title","{ALBUM} - Commentary","{ALBUM} - Commentary","",""
"FALSE","","albumCommentaryPage.nav.album","Album: {ALBUM}","Album: {ALBUM}","",""
"FALSE","","albumCommentaryPage.sidebar.noTrackCommentary","No track commentary.","No track commentary.","",""
"FALSE","","albumCommentaryPage.sidebar.noCommentary","No album or track commentary.","No album or track commentary.","",""
"FALSE","","albumCommentaryPage.infoLine","{WORDS} across {ENTRIES}.","{WORDS} across {ENTRIES}.","",""
"FALSE","","albumCommentaryPage.infoLine.withoutCommentary","This album does not have any commentary.","This album does not have any commentary.","",""
"FALSE","","albumCommentaryPage.entry.title.albumCommentary","{ALBUM}","{ALBUM}","",""
"FALSE","","albumCommentaryPage.entry.title.albumCommentary.sticky","{ALBUM} (album commentary)","{ALBUM} (album commentary)","",""
"FALSE","","albumCommentaryPage.entry.title.albumCommentary.accent","Listen on: {LISTENING_LINKS}","Listen on: {LISTENING_LINKS}","",""
"FALSE","","albumCommentaryPage.entry.title.trackCommentary","{TRACK}","{TRACK}","",""
"FALSE","","albumCommentaryPage.entry.title.trackCommentary.accent","Listen on: {LISTENING_LINKS}","Listen on: {LISTENING_LINKS}","",""
"FALSE","","artistPage.title","{ARTIST}","{ARTIST}","",""
"FALSE","","artistPage.nav.artist","Artist: {ARTIST}","Artist: {ARTIST}","",""
"FALSE","","artistPage.closelyLinkedGroups.one","This artist has a group page: {GROUP}.","This artist has a group page: {GROUP}.","",""
"FALSE","","artistPage.closelyLinkedGroups.multiple","This artist has group pages: {GROUPS}.","This artist has group pages: {GROUPS}.","",""
"FALSE","","artistPage.closelyLinkedGroups.group","{GROUP}","{GROUP}","",""
"FALSE","","artistPage.closelyLinkedGroups.group.withAnnotation","{GROUP} ({ANNOTATION})","{GROUP} ({ANNOTATION})","",""
"FALSE","","artistPage.closelyLinkedGroups.alias","This artist is an alias of {GROUPS}.","This artist is an alias of {GROUPS}.","",""
"FALSE","","artistPage.creditList.album","{ALBUM}","{ALBUM}","",""
"FALSE","","artistPage.creditList.album.withCredit","{ALBUM} {CREDIT}","{ALBUM} {CREDIT}","",""
"FALSE","","artistPage.creditList.album.credit.by","by {ARTISTS}","by {ARTISTS}","",""
"FALSE","","artistPage.creditList.album.withDate","{ALBUM} ({DATE})","{ALBUM} ({DATE})","",""
"FALSE","","artistPage.creditList.album.withDuration","{ALBUM} ({DURATION})","{ALBUM} ({DURATION})","",""
"FALSE","","artistPage.creditList.album.withDateRange","{ALBUM} (tracks {DATE_RANGE})","{ALBUM} (tracks {DATE_RANGE})","",""
"FALSE","","artistPage.creditList.album.withDate.withDuration","{ALBUM} ({DATE}; {DURATION})","{ALBUM} ({DATE}; {DURATION})","",""
"FALSE","","artistPage.creditList.album.withDateRange.withDuration","{ALBUM} (tracks {DATE_RANGE}; {DURATION})","{ALBUM} (tracks {DATE_RANGE}; {DURATION})","",""
"FALSE","","artistPage.creditList.flashAct","{ACT}","{ACT}","",""
"FALSE","","artistPage.creditList.flashAct.withDate","{ACT} ({DATE})","{ACT} ({DATE})","",""
"FALSE","","artistPage.creditList.flashAct.withDateRange","{ACT} ({DATE_RANGE})","{ACT} ({DATE_RANGE})","",""
"FALSE","","artistPage.creditList.entry.withAnnotation","{ENTRY} — {ANNOTATION}","{ENTRY} — {ANNOTATION}","",""
"FALSE","","artistPage.creditList.entry.withCitation","{ENTRY} ({CITATION})","{ENTRY} ({CITATION})","",""
"FALSE","","artistPage.creditList.entry.citation","{CITATION}","{CITATION}","",""
"FALSE","","artistPage.creditList.entry.citation.quoted","quoted: {CITATION}","quoted: {CITATION}","",""
"FALSE","","artistPage.creditList.entry.quoted","quoted","quoted","",""
"FALSE","","artistPage.creditList.entry.rerelease","{ENTRY} ({RERELEASE})","{ENTRY} ({RERELEASE})","",""
"FALSE","","artistPage.creditList.entry.rerelease.withAnnotation","{ENTRY} ({RERELEASE}) — {ANNOTATION}","{ENTRY} ({RERELEASE}) — {ANNOTATION}","",""
"FALSE","","artistPage.creditList.entry.rerelease.term","rerelease","rerelease","",""
"FALSE","","artistPage.creditList.entry.rerelease.firstRelease","First released on {ALBUM}","First released on {ALBUM}","",""
"FALSE","","artistPage.creditList.entry.rerelease.notCreditedOnFirstRelease","{ARTIST} isn't credited on this track's first release.","{ARTIST} isn't credited on this track's first release.","",""
"FALSE","","artistPage.creditList.entry.firstRelease","{ENTRY} ({FIRST_RELEASE})","{ENTRY} ({FIRST_RELEASE})","",""
"FALSE","","artistPage.creditList.entry.firstRelease.withAnnotation","{ENTRY} ({FIRST_RELEASE}) — {ANNOTATION}","{ENTRY} ({FIRST_RELEASE}) — {ANNOTATION}","",""
"FALSE","","artistPage.creditList.entry.firstRelease.term","first release","first release","",""
"FALSE","","artistPage.creditList.entry.firstRelease.rerelease","Also released on {ALBUM}","Also released on {ALBUM}","",""
"FALSE","","artistPage.creditList.entry.track","{TRACK}","{TRACK}","",""
"FALSE","","artistPage.creditList.entry.track.musicVideo","{TRACK}","{TRACK}","",""
"FALSE","","artistPage.creditList.entry.track.musicVideo.withLinks","{TRACK}: {LINKS}","{TRACK}: {LINKS}","",""
"FALSE","","artistPage.creditList.entry.track.musicVideo.withTitle","{TRACK} — {TITLE}","{TRACK} — {TITLE}","",""
"FALSE","","artistPage.creditList.entry.track.musicVideo.withTitle.withLinks","{TRACK} — {TITLE}: {LINKS}","{TRACK} — {TITLE}: {LINKS}","",""
"FALSE","","artistPage.creditList.entry.track.musicVideo.withLabel","{TRACK} — {LABEL}","{TRACK} — {LABEL}","",""
"FALSE","","artistPage.creditList.entry.track.musicVideo.withLabel.withLinks","{TRACK} — {LABEL}: {LINKS}","{TRACK} — {LABEL}: {LINKS}","",""
"FALSE","","artistPage.creditList.entry.track.musicVideo.withCredit","{TRACK}, {CREDIT}","{TRACK}, {CREDIT}","",""
"FALSE","","artistPage.creditList.entry.track.musicVideo.withCredit.withLinks","{TRACK}, {CREDIT}: {LINKS}","{TRACK}, {CREDIT}: {LINKS}","",""
"FALSE","","artistPage.creditList.entry.track.musicVideo.withCredit.withTitle","{TRACK}, {TITLE} {CREDIT}","{TRACK}, {TITLE} {CREDIT}","",""
"FALSE","","artistPage.creditList.entry.track.musicVideo.withCredit.withTitle.withLinks","{TRACK}, {TITLE} {CREDIT}: {LINKS}","{TRACK}, {TITLE} {CREDIT}: {LINKS}","",""
"FALSE","","artistPage.creditList.entry.track.musicVideo.withCredit.withLabel","{TRACK}, {LABEL} {CREDIT}","{TRACK}, {LABEL} {CREDIT}","",""
"FALSE","","artistPage.creditList.entry.track.musicVideo.withCredit.withLabel.withLinks","{TRACK}, {LABEL} {CREDIT}: {LINKS}","{TRACK}, {LABEL} {CREDIT}: {LINKS}","",""
"FALSE","","artistPage.creditList.entry.track.musicVideo.withDate","({DATE}) {TRACK}","({DATE}) {TRACK}","",""
"FALSE","","artistPage.creditList.entry.track.musicVideo.withDate.withLinks","({DATE}) {TRACK}: {LINKS}","({DATE}) {TRACK}: {LINKS}","",""
"FALSE","","artistPage.creditList.entry.track.musicVideo.withDate.withTitle","({DATE}) {TRACK} — {TITLE}","({DATE}) {TRACK} — {TITLE}","",""
"FALSE","","artistPage.creditList.entry.track.musicVideo.withDate.withTitle.withLinks","({DATE}) {TRACK} — {TITLE}: {LINKS}","({DATE}) {TRACK} — {TITLE}: {LINKS}","",""
"FALSE","","artistPage.creditList.entry.track.musicVideo.withDate.withLabel","({DATE}) {TRACK} — {LABEL}","({DATE}) {TRACK} — {LABEL}","",""
"FALSE","","artistPage.creditList.entry.track.musicVideo.withDate.withLabel.withLinks","({DATE}) {TRACK} — {LABEL}: {LINKS}","({DATE}) {TRACK} — {LABEL}: {LINKS}","",""
"FALSE","","artistPage.creditList.entry.track.musicVideo.withDate.withCredit","({DATE}) {TRACK}, {CREDIT}","({DATE}) {TRACK}, {CREDIT}","",""
"FALSE","","artistPage.creditList.entry.track.musicVideo.withDate.withCredit.withLinks","({DATE}) {TRACK}, {CREDIT}: {LINKS}","({DATE}) {TRACK}, {CREDIT}: {LINKS}","",""
"FALSE","","artistPage.creditList.entry.track.musicVideo.withDate.withCredit.withTitle","({DATE}) {TRACK}, {TITLE} {CREDIT}","({DATE}) {TRACK}, {TITLE} {CREDIT}","",""
"FALSE","","artistPage.creditList.entry.track.musicVideo.withDate.withCredit.withTitle.withLinks","({DATE}) {TRACK}, {TITLE} {CREDIT}: {LINKS}","({DATE}) {TRACK}, {TITLE} {CREDIT}: {LINKS}","",""
"FALSE","","artistPage.creditList.entry.track.musicVideo.withDate.withCredit.withLabel","({DATE}) {TRACK}, {LABEL} {CREDIT}","({DATE}) {TRACK}, {LABEL} {CREDIT}","",""
"FALSE","","artistPage.creditList.entry.track.musicVideo.withDate.withCredit.withLabel.withLinks","({DATE}) {TRACK}, {LABEL} {CREDIT}: {LINKS}","({DATE}) {TRACK}, {LABEL} {CREDIT}: {LINKS}","",""
"FALSE","","artistPage.creditList.entry.track.musicVideo.credit","video by {ARTISTS}","video by {ARTISTS}","",""
"FALSE","","artistPage.creditList.entry.track.musicVideo.credit.alongsideLabel","by {ARTISTS}","by {ARTISTS}","",""
"FALSE","","artistPage.creditList.entry.track.musicVideo.credit.alongsideTitle","by {ARTISTS}","by {ARTISTS}","",""
"FALSE","","artistPage.creditList.entry.track.miscellaneousAdditionalFile","{TITLE}: {TRACK}","{TITLE}: {TRACK}","",""
"FALSE","","artistPage.creditList.entry.track.miscellaneousAdditionalFile.withCredit","{TITLE} ({CREDIT}): {TRACK}","{TITLE} ({CREDIT}): {TRACK}","",""
"FALSE","","artistPage.creditList.entry.track.miscellaneousAdditionalFile.withMultipleFiles","{TITLE}: {TRACK} ({FILES})","{TITLE}: {TRACK} ({FILES})","",""
"FALSE","","artistPage.creditList.entry.track.miscellaneousAdditionalFile.withNoFiles","{TITLE}: {TRACK} (no files)","{TITLE}: {TRACK} (no files)","",""
"FALSE","","artistPage.creditList.entry.track.miscellaneousAdditionalFile.withCredit.withMultipleFiles","{TITLE} ({CREDIT}): {TRACK} ({FILES})","{TITLE} ({CREDIT}): {TRACK} ({FILES})","",""
"FALSE","","artistPage.creditList.entry.track.miscellaneousAdditionalFile.withCredit.withNoFiles","{TITLE} ({CREDIT}): {TRACK} (no files)","{TITLE} ({CREDIT}): {TRACK} (no files)","",""
"FALSE","","artistPage.creditList.entry.track.miscellaneousAdditionalFile.placeholderTitle","Additional file","Additional file","",""
"FALSE","","artistPage.creditList.entry.track.miscellaneousAdditionalFile.credit","by {ARTISTS}","by {ARTISTS}","",""
"FALSE","","artistPage.creditList.entry.track.sheetMusicFile","{TITLE}: {TRACK}","{TITLE}: {TRACK}","",""
"FALSE","","artistPage.creditList.entry.track.sheetMusicFile.withCredit","{TITLE} ({CREDIT}): {TRACK}","{TITLE} ({CREDIT}): {TRACK}","",""
"FALSE","","artistPage.creditList.entry.track.sheetMusicFile.withMultipleFiles","{TITLE}: {TRACK} ({FILES})","{TITLE}: {TRACK} ({FILES})","",""
"FALSE","","artistPage.creditList.entry.track.sheetMusicFile.withNoFiles","{TITLE}: {TRACK} (no files)","{TITLE}: {TRACK} (no files)","",""
"FALSE","","artistPage.creditList.entry.track.sheetMusicFile.withCredit.withMultipleFiles","{TITLE} ({CREDIT}): {TRACK} ({FILES})","{TITLE} ({CREDIT}): {TRACK} ({FILES})","",""
"FALSE","","artistPage.creditList.entry.track.sheetMusicFile.withCredit.withNoFiles","{TITLE} ({CREDIT}): {TRACK} (no files)","{TITLE} ({CREDIT}): {TRACK} (no files)","",""
"FALSE","","artistPage.creditList.entry.track.sheetMusicFile.placeholderTitle","Sheet music","Sheet music","",""
"FALSE","","artistPage.creditList.entry.track.sheetMusicFile.credit","by {ARTISTS}","by {ARTISTS}","",""
"FALSE","","artistPage.creditList.entry.track.midiProjectFile","{TITLE}: {TRACK}","{TITLE}: {TRACK}","",""
"FALSE","","artistPage.creditList.entry.track.midiProjectFile.withCredit","{TITLE} ({CREDIT}): {TRACK}","{TITLE} ({CREDIT}): {TRACK}","",""
"FALSE","","artistPage.creditList.entry.track.midiProjectFile.withMultipleFiles","{TITLE}: {TRACK} ({FILES})","{TITLE}: {TRACK} ({FILES})","",""
"FALSE","","artistPage.creditList.entry.track.midiProjectFile.withNoFiles","{TITLE}: {TRACK} (no files)","{TITLE}: {TRACK} (no files)","",""
"FALSE","","artistPage.creditList.entry.track.midiProjectFile.withCredit.withMultipleFiles","{TITLE} ({CREDIT}): {TRACK} ({FILES})","{TITLE} ({CREDIT}): {TRACK} ({FILES})","",""
"FALSE","","artistPage.creditList.entry.track.midiProjectFile.withCredit.withNoFiles","{TITLE} ({CREDIT}): {TRACK} (no files)","{TITLE} ({CREDIT}): {TRACK} (no files)","",""
"FALSE","","artistPage.creditList.entry.track.midiProjectFile.placeholderTitle","MIDI or project music","MIDI or project music","",""
"FALSE","","artistPage.creditList.entry.track.midiProjectFile.credit","by {ARTISTS}","by {ARTISTS}","",""
"FALSE","","artistPage.creditList.entry.album.albumArtistOnly","Credited as album artist only—track credits vary","Credited as album artist only—track credits vary","",""
"FALSE","","artistPage.creditList.entry.album.coverArt","(cover art)","(cover art)","",""
"FALSE","","artistPage.creditList.entry.album.wallpaperArt","(wallpaper art)","(wallpaper art)","",""
"FALSE","","artistPage.creditList.entry.album.bannerArt","(banner art)","(banner art)","",""
"FALSE","","artistPage.creditList.entry.album.commentary","(album commentary)","(album commentary)","",""
"FALSE","","artistPage.creditList.entry.album.musicVideo","(album music video)","(album music video)","",""
"FALSE","","artistPage.creditList.entry.album.musicVideo.withLinks","(album music video: {LINKS})","(album music video: {LINKS})","",""
"FALSE","","artistPage.creditList.entry.album.musicVideo.withTitle","(for album: {TITLE})","(for album: {TITLE})","",""
"FALSE","","artistPage.creditList.entry.album.musicVideo.withTitle.withLinks","(for album: {TITLE} - {LINKS})","(for album: {TITLE} - {LINKS})","",""
"FALSE","","artistPage.creditList.entry.album.musicVideo.withLabel","(for album: {LABEL})","(for album: {LABEL})","",""
"FALSE","","artistPage.creditList.entry.album.musicVideo.withLabel.withLinks","(for album: {LABEL} - {LINKS})","(for album: {LABEL} - {LINKS})","",""
"FALSE","","artistPage.creditList.entry.album.musicVideo.withCredit","(album music video {CREDIT})","(album music video {CREDIT})","",""
"FALSE","","artistPage.creditList.entry.album.musicVideo.withCredit.withLinks","(album music video {CREDIT} - {LINKS})","(album music video {CREDIT} - {LINKS})","",""
"FALSE","","artistPage.creditList.entry.album.musicVideo.withCredit.withTitle","(for album: {TITLE} {CREDIT})","(for album: {TITLE} {CREDIT})","",""
"FALSE","","artistPage.creditList.entry.album.musicVideo.withCredit.withTitle.withLinks","(for album: {TITLE} {CREDIT} - {LINKS})","(for album: {TITLE} {CREDIT} - {LINKS})","",""
"FALSE","","artistPage.creditList.entry.album.musicVideo.withCredit.withLabel","(for album: {LABEL} {CREDIT})","(for album: {LABEL} {CREDIT})","",""
"FALSE","","artistPage.creditList.entry.album.musicVideo.withCredit.withLabel.withLinks","(for album: {LABEL} {CREDIT} - {LINKS})","(for album: {LABEL} {CREDIT} - {LINKS})","",""
"FALSE","","artistPage.creditList.entry.album.musicVideo.withDate","({DATE}: album music video)","({DATE}: album music video)","",""
"FALSE","","artistPage.creditList.entry.album.musicVideo.withDate.withLinks","({DATE}, album music video: {LINKS})","({DATE}, album music video: {LINKS})","",""
"FALSE","","artistPage.creditList.entry.album.musicVideo.withDate.withTitle","({DATE}, for album: {TITLE})","({DATE}, for album: {TITLE})","",""
"FALSE","","artistPage.creditList.entry.album.musicVideo.withDate.withTitle.withLinks","({DATE}, for album: {TITLE} - {LINKS})","({DATE}, for album: {TITLE} - {LINKS})","",""
"FALSE","","artistPage.creditList.entry.album.musicVideo.withDate.withLabel","({DATE}, for album: {LABEL})","({DATE}, for album: {LABEL})","",""
"FALSE","","artistPage.creditList.entry.album.musicVideo.withDate.withLabel.withLinks","({DATE}, for album: {LABEL} - {LINKS})","({DATE}, for album: {LABEL} - {LINKS})","",""
"FALSE","","artistPage.creditList.entry.album.musicVideo.withDate.withCredit","({DATE}: album music video {CREDIT})","({DATE}: album music video {CREDIT})","",""
"FALSE","","artistPage.creditList.entry.album.musicVideo.withDate.withCredit.withLinks","({DATE}, album music video {CREDIT} - {LINKS})","({DATE}, album music video {CREDIT} - {LINKS})","",""
"FALSE","","artistPage.creditList.entry.album.musicVideo.withDate.withCredit.withTitle","({DATE}, for album: {TITLE} {CREDIT})","({DATE}, for album: {TITLE} {CREDIT})","",""
"FALSE","","artistPage.creditList.entry.album.musicVideo.withDate.withCredit.withTitle.withLinks","({DATE}, for album: {TITLE} {CREDIT} - {LINKS})","({DATE}, for album: {TITLE} {CREDIT} - {LINKS})","",""
"FALSE","","artistPage.creditList.entry.album.musicVideo.withDate.withCredit.withLabel","({DATE}, for album: {LABEL} {CREDIT})","({DATE}, for album: {LABEL} {CREDIT})","",""
"FALSE","","artistPage.creditList.entry.album.musicVideo.withDate.withCredit.withLabel.withLinks","({DATE}, for album: {LABEL} {CREDIT} - {LINKS})","({DATE}, for album: {LABEL} {CREDIT} - {LINKS})","",""
"FALSE","","artistPage.creditList.entry.album.musicVideo.credit","by {ARTISTS}","by {ARTISTS}","",""
"FALSE","","artistPage.creditList.entry.album.musicVideo.credit.alongsideLabel","by {ARTISTS}","by {ARTISTS}","",""
"FALSE","","artistPage.creditList.entry.album.musicVideo.credit.alongsideTitle","by {ARTISTS}","by {ARTISTS}","",""
"FALSE","","artistPage.creditList.entry.album.miscellaneousAdditionalFile","(album additional files)","(album additional files)","",""
"FALSE","","artistPage.creditList.entry.album.miscellaneousAdditionalFile.withTitle","(for album: {TITLE})","(for album: {TITLE})","",""
"FALSE","","artistPage.creditList.entry.album.miscellaneousAdditionalFile.withCredit","(for album: {CREDIT})","(for album: {CREDIT})","",""
"FALSE","","artistPage.creditList.entry.album.miscellaneousAdditionalFile.withCredit.withTitle","(for album: {TITLE} {CREDIT})","(for album: {TITLE} {CREDIT})","",""
"FALSE","","artistPage.creditList.entry.album.miscellaneousAdditionalFile.credit","files by {ARTISTS}","files by {ARTISTS}","",""
"FALSE","","artistPage.creditList.entry.album.miscellaneousAdditionalFile.credit.standaloneWithFiles","{FILES} by {ARTISTS}","{FILES} by {ARTISTS}","",""
"FALSE","","artistPage.creditList.entry.album.miscellaneousAdditionalFile.credit.alongsideTitle","by {ARTISTS}","by {ARTISTS}","",""
"FALSE","","artistPage.creditList.entry.flash","{FLASH}","{FLASH}","",""
"FALSE","","artistPage.creditList.entry.artwork.accent.withLabel","{LABEL}","{LABEL}","",""
"FALSE","","artistPage.creditList.entry.artwork.accent.withAnnotation","{ANNOTATION}","{ANNOTATION}","",""
"FALSE","","artistPage.creditList.entry.artwork.accent.withLabel.withAnnotation","{LABEL}: {ANNOTATION}","{LABEL}: {ANNOTATION}","",""
"FALSE","","artistPage.contributedDurationLine","{ARTIST} has contributed {DURATION} of music shared on this wiki.","{ARTIST} has contributed {DURATION} of music shared on this wiki.","",""
"FALSE","","artistPage.groupContributions.title.tracks","Contributed music to group…","Contributed music to group…","",""
"FALSE","","artistPage.groupContributions.title.artworks","Contributed art to group…","Contributed art to group…","",""
"FALSE","","artistPage.groupContributions.title.musicVideos","Contributed to music videos in group…","Contributed to music videos in group…","",""
"FALSE","","artistPage.groupContributions.column.count.tracks","Tracks","Tracks","",""
"FALSE","","artistPage.groupContributions.column.count.artworks","Artworks","Artworks","",""
"FALSE","","artistPage.groupContributions.column.count.musicVideos","Music Videos","Music Videos","",""
"FALSE","","artistPage.groupContributions.column.duration","Duration","Duration","",""
"FALSE","","artistPage.filterNotice","(The list above is filtered. {CLEAR})","(The list above is filtered. {CLEAR})","",""
"FALSE","","artistPage.filterNotice.clear","Click to stop filtering.","Click to stop filtering.","",""
"FALSE","","artistPage.trackList.title","Tracks","Tracks","",""
"FALSE","","artistPage.artList.title","Artworks","Artworks","",""
"FALSE","","artistPage.musicVideoList.title","Music Videos","Music Videos","",""
"FALSE","","artistPage.sheetMusicFileList.title","Sheet Music Files","Sheet Music Files","",""
"FALSE","","artistPage.midiProjectFileList.title","MIDI & Project Files","MIDI & Project Files","",""
"FALSE","","artistPage.miscellaneousAdditionalFileList.title","Additional Files","Additional Files","",""
"FALSE","","artistPage.flashList.title","Flashes","Flashes","",""
"FALSE","","artistPage.commentaryList.title","Commentary","Commentary","",""
"FALSE","","artistPage.viewArtGallery","View {LINK}!","View {LINK}!","",""
"FALSE","","artistPage.viewArtGallery.orBrowseList","View {LINK}! Or browse the list:","View {LINK}! Or browse the list:","",""
"FALSE","","artistPage.viewArtGallery.link","art gallery","art gallery","",""
"FALSE","","artistPage.wikiEditArtworks","{ARTIST} has edited these artworks for this wiki:","{ARTIST} has edited these artworks for this wiki:","",""
"FALSE","","artistPage.wikiEditArtworks.sticky","Artworks — edited for this wiki","Artworks — edited for this wiki","",""
"FALSE","","artistPage.wikiEditorCommentary","{ARTIST} has written these commentary entries as an editor of this wiki:","{ARTIST} has written these commentary entries as an editor of this wiki:","",""
"FALSE","","artistPage.wikiEditorCommentary.sticky","Commentary — written for this wiki","Commentary — written for this wiki","",""
"FALSE","","artistGalleryPage.title","{ARTIST} - Gallery","{ARTIST} - Gallery","",""
"FALSE","","artistGalleryPage.infoLine","Contributed to {COVER_ARTS}.","Contributed to {COVER_ARTS}.","",""
"FALSE","","artistRollingWindowPage.title","{ARTIST} - Rolling Window","{ARTIST} - Rolling Window","",""
"FALSE","","artistRollingWindowPage.windowConfigurationLine","With a rolling window of {TIME_BEFORE} before a given date, and {TIME_AFTER} after, peeking ahead {PEEK}...","With a rolling window of {TIME_BEFORE} before a given date, and {TIME_AFTER} after, peeking ahead {PEEK}...","",""
"FALSE","","artistRollingWindowPage.contributionConfigurationLine","Selecting {KIND} contributions from group {GROUP}...","Selecting {KIND} contributions from group {GROUP}...","",""
"FALSE","","artistRollingWindowPage.timeframeSelectionLine","There are {CONTRIBUTIONS} contributions, making {TIMEFRAMES} timeframes between {FIRST_DATE} and {LAST_DATE}.","There are {CONTRIBUTIONS} contributions, making {TIMEFRAMES} timeframes between {FIRST_DATE} and {LAST_DATE}.","",""
"FALSE","","artistRollingWindowPage.timeframeSelectionLine.none","There aren't any matching contributions, or those which do aren't dated, so there are no timeframes.","There aren't any matching contributions, or those which do aren't dated, so there are no timeframes.","",""
"FALSE","","artistRollingWindowPage.emptyTimeframeLine","This timeframe is empty, since no contributions are in range.","This timeframe is empty, since no contributions are in range.","",""
"FALSE","","artistRollingWindowPage.timeframeSelectionControl","{PREVIOUS} {TIMEFRAMES} {NEXT}","{PREVIOUS} {TIMEFRAMES} {NEXT}","",""
"FALSE","","artistRollingWindowPage.timeframeSelectionControl.previous","← Previous","← Previous","",""
"FALSE","","artistRollingWindowPage.timeframeSelectionControl.next","Next →","Next →","",""
"FALSE","","artistRollingWindowPage.contributionKind.artwork","Artwork","Artwork","",""
"FALSE","","artistRollingWindowPage.contributionKind.music","Music","Music","",""
"FALSE","","artistRollingWindowPage.contributionKind.flash","Flash","Flash","",""
"FALSE","","artistRollingWindowPage.contributionGroup.all","All groups","All groups","",""
"FALSE","","artistRollingWindowPage.contributionGroup.group","{GROUP}","{GROUP}","",""
"FALSE","","artistRollingWindowPage.timeframe.months","{INPUT} months","{INPUT} months","",""
"FALSE","","artTagPage.nav.tag","Tag: {TAG}","Tag: {TAG}","",""
"FALSE","","artTagPage.sidebar.otherTagsExempt","(…another {TAGS}…)","(…another {TAGS}…)","",""
"FALSE","","artTagInfoPage.title","{TAG}","{TAG}","",""
"FALSE","","artTagInfoPage.viewArtGallery","View this tag's {LINK}!","View this tag's {LINK}!","",""
"FALSE","","artTagInfoPage.viewArtGallery.link","art gallery","art gallery","",""
"FALSE","","artTagInfoPage.readMoreOn","Read more about '{TAG}' on {LINKS}.","Read more about '{TAG}' on {LINKS}.","",""
"FALSE","","artTagInfoPage.seeAlso","See also: {TAGS}","See also: {TAGS}","",""
"FALSE","","artTagInfoPage.seeAlso.tagWithAnnotation","{TAG} ({ANNOTATION})","{TAG} ({ANNOTATION})","",""
"FALSE","","artTagInfoPage.featuredIn.notFeatured","This tag hasn't been featured in any artworks yet.","This tag hasn't been featured in any artworks yet.","",""
"FALSE","","artTagInfoPage.featuredIn.directlyOnly","This tag is featured in {ARTWORKS}.","This tag is featured in {ARTWORKS}.","",""
"FALSE","","artTagInfoPage.featuredIn.indirectlyOnly","This tag is featured in {ARTWORKS}, but only indirectly.","This tag is featured in {ARTWORKS}, but only indirectly.","",""
"FALSE","","artTagInfoPage.featuredIn.directlyAndIndirectly","This tag is directly featured in {ARTWORKS_DIRECTLY}, and indirectly in {ARTWORKS_INDIRECTLY} more, for a total of {ARTWORKS_TOTAL}.","This tag is directly featured in {ARTWORKS_DIRECTLY}, and indirectly in {ARTWORKS_INDIRECTLY} more, for a total of {ARTWORKS_TOTAL}.","",""
"FALSE","","artTagInfoPage.descendsFromTags","Tags which '{TAG}' falls under:","Tags which '{TAG}' falls under:","",""
"FALSE","","artTagInfoPage.descendsFromTags.sticky","Tags which this one falls under:","Tags which this one falls under:","",""
"FALSE","","artTagInfoPage.descendsFromTags.item","{TAG}","{TAG}","",""
"FALSE","","artTagInfoPage.descendantTags","Tags which fall under '{TAG}':","Tags which fall under '{TAG}':","",""
"FALSE","","artTagInfoPage.descendantTags.withShowMoreLessSwitcher","Tags which fall under '{TAG}': {SHOW_MORE_LESS_SWITCHER}","Tags which fall under '{TAG}': {SHOW_MORE_LESS_SWITCHER}","",""
"FALSE","","artTagInfoPage.descendantTags.showMoreLessSwitcher","({SHOW_MORE_LESS})","({SHOW_MORE_LESS})","",""
"FALSE","","artTagInfoPage.descendantTags.showMoreLessSwitcher.showMore","show more","show more","",""
"FALSE","","artTagInfoPage.descendantTags.showMoreLessSwitcher.showLess","show less","show less","",""
"FALSE","","artTagInfoPage.descendantTags.sticky","Tags which fall under this one:","Tags which fall under this one:","",""
"FALSE","","artTagInfoPage.descendantTags.item","{TAG}","{TAG}","",""
"FALSE","","artTagInfoPage.descendantTags.item.withGallery","{TAG} ({GALLERY})","{TAG} ({GALLERY})","",""
"FALSE","","artTagInfoPage.descendantTags.item.withGallery.gallery","view gallery","view gallery","",""
"FALSE","","artTagInfoPage.descendantTags.item.withTimesUsed","{TAG} ({TIMES_USED})","{TAG} ({TIMES_USED})","",""
"FALSE","","artTagInfoPage.descendantTags.item.withGallery.withTimesUsed","{TAG} ({GALLERY}; {TIMES_USED})","{TAG} ({GALLERY}; {TIMES_USED})","",""
"FALSE","","artTagGalleryPage.title","{TAG}","{TAG}","",""
"FALSE","","artTagGalleryPage.descendsFrom","Up: {TAGS}.","Up: {TAGS}.","",""
"FALSE","","artTagGalleryPage.descendants","Down: {TAGS}.","Down: {TAGS}.","",""
"FALSE","","artTagGalleryPage.featuredLine.simple","Featured in {COVER_ARTS}.","Featured in {COVER_ARTS}.","",""
"FALSE","","artTagGalleryPage.featuredLine.altogether","Altogether, featured in {COVER_ARTS}.","Altogether, featured in {COVER_ARTS}.","",""
"FALSE","","artTagGalleryPage.featuredLine.direct","Featured directly in {COVER_ARTS}.","Featured directly in {COVER_ARTS}.","",""
"FALSE","","artTagGalleryPage.featuredLine.indirect","Featured indirectly in {COVER_ARTS}.","Featured indirectly in {COVER_ARTS}.","",""
"FALSE","","artTagGalleryPage.featuredLine.notFeatured","This tag hasn't been featured in any artworks yet.","This tag hasn't been featured in any artworks yet.","",""
"FALSE","","artTagGalleryPage.featuredLine.notFeatured.callToAction","Maybe your track will be the first!","Maybe your track will be the first!","",""
"FALSE","","artTagGalleryPage.showingLine","Showing: {SHOWING}.","Showing: {SHOWING}.","",""
"FALSE","","artTagGalleryPage.showingLine.all","all artworks featuring this tag","all artworks featuring this tag","",""
"FALSE","","artTagGalleryPage.showingLine.indirect","artworks indirectly featuring this tag","artworks indirectly featuring this tag","",""
"FALSE","","artTagGalleryPage.showingLine.direct","artworks directly featuring this tag","artworks directly featuring this tag","",""
"FALSE","","commentaryIndex.title","Commentary","Commentary","",""
"FALSE","","commentaryIndex.infoLine","{WORDS} across {ENTRIES}, in all.","{WORDS} across {ENTRIES}, in all.","",""
"FALSE","","commentaryIndex.albumList.title","Choose an album:","Choose an album:","",""
"FALSE","","commentaryIndex.albumList.item","{ALBUM} ({WORDS} across {ENTRIES})","{ALBUM} ({WORDS} across {ENTRIES})","",""
"FALSE","","flashIndex.title","Flashes","Flashes","",""
"FALSE","","flashSidebar.flashList.entriesInThisSection","Entries in this section","Entries in this section","",""
"FALSE","","flashActPage.title","{ACT}","{ACT}","",""
"FALSE","","flashActPage.title.withTitle","{ACT}: {TITLE}","{ACT}: {TITLE}","",""
"FALSE","","flashPage.title","{FLASH}","{FLASH}","",""
"FALSE","","flashPage.nav.flash","{FLASH}","{FLASH}","",""
"FALSE","","groupSidebar.title","Groups","Groups","",""
"FALSE","","groupSidebar.groupList.category","{CATEGORY}","{CATEGORY}","",""
"FALSE","","groupSidebar.groupList.item","{GROUP}","{GROUP}","",""
"FALSE","","groupPage.nav.group","Group: {GROUP}","Group: {GROUP}","",""
"FALSE","","groupPage.secondaryNav.category","{CATEGORY}","{CATEGORY}","",""
"FALSE","","groupPage.secondaryNav.category.withPreviousNext","{CATEGORY} ({PREVIOUS_NEXT})","{CATEGORY} ({PREVIOUS_NEXT})","",""
"FALSE","","groupInfoPage.title","{GROUP}","{GROUP}","",""
"FALSE","","groupInfoPage.closelyLinkedArtists.one","View artist page: {ARTIST}.","View artist page: {ARTIST}.","",""
"FALSE","","groupInfoPage.closelyLinkedArtists.multiple","View artist pages: {ARTISTS}.","View artist pages: {ARTISTS}.","",""
"FALSE","","groupInfoPage.closelyLinkedArtists.aliases","View alias pages: {ALIASES}.","View alias pages: {ALIASES}.","",""
"FALSE","","groupInfoPage.closelyLinkedArtists.artist","{ARTIST}","{ARTIST}","",""
"FALSE","","groupInfoPage.closelyLinkedArtists.artist.withAnnotation","{ARTIST} ({ANNOTATION})","{ARTIST} ({ANNOTATION})","",""
"FALSE","","groupInfoPage.viewAlbumGallery","View {LINK}! Or browse the list:","View {LINK}! Or browse the list:","",""
"FALSE","","groupInfoPage.viewAlbumGallery.link","album gallery","album gallery","",""
"FALSE","","groupInfoPage.viewAlbumGallery.withViewSwitcher","View {LINK}! Or browse the list: {VIEW_SWITCHER}","View {LINK}! Or browse the list: {VIEW_SWITCHER}","",""
"FALSE","","groupInfoPage.viewSwitcher","({OPTIONS})","({OPTIONS})","",""
"FALSE","","groupInfoPage.viewSwitcher.bySeries","By series","By series","",""
"FALSE","","groupInfoPage.viewSwitcher.byDate","By date","By date","",""
"FALSE","","groupInfoPage.albumList.title","Albums","Albums","",""
"FALSE","","groupInfoPage.albumList.series","{SERIES}:","{SERIES}:","",""
"FALSE","","groupInfoPage.albumList.item","{ALBUM}","{ALBUM}","",""
"FALSE","","groupInfoPage.albumList.item.withYear","{YEAR_ACCENT} {ALBUM}","{YEAR_ACCENT} {ALBUM}","",""
"FALSE","","groupInfoPage.albumList.item.withYear.accent","({YEAR})","({YEAR})","",""
"FALSE","","groupInfoPage.albumList.item.withOtherGroup","{ALBUM} {OTHER_GROUP_ACCENT}","{ALBUM} {OTHER_GROUP_ACCENT}","",""
"FALSE","","groupInfoPage.albumList.item.withOtherGroup.accent","(from {GROUPS})","(from {GROUPS})","",""
"FALSE","","groupInfoPage.albumList.item.withOtherGroup.notFromThisGroup","(not from {GROUP})","(not from {GROUP})","",""
"FALSE","","groupInfoPage.albumList.item.withArtists","{ALBUM} {BY}","{ALBUM} {BY}","",""
"FALSE","","groupInfoPage.albumList.item.withArtists.by","by {ARTISTS}","by {ARTISTS}","",""
"FALSE","","groupInfoPage.albumList.item.withArtists.featuring","feat. {ARTISTS}","feat. {ARTISTS}","",""
"FALSE","","groupInfoPage.albumList.item.withArtists.by.featuring","by {ARTISTS} feat. {FEATURING}","by {ARTISTS} feat. {FEATURING}","",""
"FALSE","","groupInfoPage.albumList.item.withYear.withOtherGroup","{YEAR_ACCENT} {ALBUM} {OTHER_GROUP_ACCENT}","{YEAR_ACCENT} {ALBUM} {OTHER_GROUP_ACCENT}","",""
"FALSE","","groupInfoPage.albumList.item.withYear.withArtists","{YEAR_ACCENT} {ALBUM} {BY}","{YEAR_ACCENT} {ALBUM} {BY}","",""
"FALSE","","groupGalleryPage.title","{GROUP} - Gallery","{GROUP} - Gallery","",""
"FALSE","","groupGalleryPage.infoLine","{TRACKS} across {ALBUMS}, totaling {TIME}.","{TRACKS} across {ALBUMS}, totaling {TIME}.","",""
"FALSE","","groupGalleryPage.albumViewSwitcher","Showing albums:","Showing albums:","",""
"FALSE","","groupGalleryPage.albumViewSwitcher.bySeries","By series","By series","",""
"FALSE","","groupGalleryPage.albumViewSwitcher.byDate","By date","By date","",""
"FALSE","","groupGalleryPage.albumStyleSwitcher","Showing these releases:","Showing these releases:","",""
"FALSE","","groupGalleryPage.albumStyleSwitcher.album","Albums","Albums","",""
"FALSE","","groupGalleryPage.albumStyleSwitcher.single","Singles","Singles","",""
"FALSE","","groupGalleryPage.albumStyleSwitcher.count.all","all {TOTAL}","all {TOTAL}","",""
"FALSE","","groupGalleryPage.albumStyleSwitcher.count.filtered","{COUNT} of {TOTAL}","{COUNT} of {TOTAL}","",""
"FALSE","","groupGalleryPage.albumStyleSwitcher.count.none","none at all","none at all","",""
"FALSE","","groupGalleryPage.albumsByDate.title","All albums","All albums","",""
"FALSE","","groupGalleryPage.albumSection.caption","{TRACKS} across {ALBUMS}.","{TRACKS} across {ALBUMS}.","",""
"FALSE","","groupGalleryPage.albumSection.caption.withDate","{TRACKS} across {ALBUMS}, released {DATE}.","{TRACKS} across {ALBUMS}, released {DATE}.","",""
"FALSE","","groupGalleryPage.albumSection.caption.withYear","{TRACKS} across {ALBUMS}, released during {YEAR}.","{TRACKS} across {ALBUMS}, released during {YEAR}.","",""
"FALSE","","groupGalleryPage.albumSection.caption.withYearRange","{TRACKS} across {ALBUMS}, released {YEAR_RANGE}.","{TRACKS} across {ALBUMS}, released {YEAR_RANGE}.","",""
"FALSE","","groupGalleryPage.albumSection.caption.seriesAlbumsNotFromGroup","Albums marked {MARKER} are part of {SERIES}, but not from {GROUP}.","Albums marked {MARKER} are part of {SERIES}, but not from {GROUP}.","",""
"FALSE","","listingIndex.title","Listings","Listings","",""
"FALSE","","listingIndex.infoLine","{WIKI}: {TRACKS} across {ALBUMS}, totaling {DURATION}.","{WIKI}: {TRACKS} across {ALBUMS}, totaling {DURATION}.","",""
"FALSE","","listingIndex.exploreList","Feel free to explore any of the listings linked below and in the sidebar!","Feel free to explore any of the listings linked below and in the sidebar!","",""
"FALSE","","listingPage.target.album","Albums","Albums","",""
"FALSE","","listingPage.target.artist","Artists","Artists","",""
"FALSE","","listingPage.target.group","Groups","Groups","",""
"FALSE","","listingPage.target.track","Tracks","Tracks","",""
"FALSE","","listingPage.target.tag","Tags","Tags","",""
"FALSE","","listingPage.target.other","Other","Other","",""
"FALSE","","listingPage.misc.trackContributors","Track Contributors","Track Contributors","",""
"FALSE","","listingPage.misc.artContributors","Art Contributors","Art Contributors","",""
"FALSE","","listingPage.misc.flashContributors","Flash & Game Contributors","Flash & Game Contributors","",""
"FALSE","","listingPage.misc.artAndFlashContributors","Art & Flash Contributors","Art & Flash Contributors","",""
"FALSE","","listingPage.listingsFor","Listings for {TARGET}: {LISTINGS}","Listings for {TARGET}: {LISTINGS}","",""
"FALSE","","listingPage.seeAlso","Also check out: {LISTINGS}","Also check out: {LISTINGS}","",""
"FALSE","","listingPage.skipToSection","Skip to a section:","Skip to a section:","",""
"FALSE","","listingPage.listAlbums.byName.title","Albums - by Name","Albums - by Name","",""
"FALSE","","listingPage.listAlbums.byName.title.short","...by Name","...by Name","",""
"FALSE","","listingPage.listAlbums.byName.item","{ALBUM} ({TRACKS})","{ALBUM} ({TRACKS})","",""
"FALSE","","listingPage.listAlbums.byTracks.title","Albums - by Tracks","Albums - by Tracks","",""
"FALSE","","listingPage.listAlbums.byTracks.title.short","...by Tracks","...by Tracks","",""
"FALSE","","listingPage.listAlbums.byTracks.item","{ALBUM} ({TRACKS})","{ALBUM} ({TRACKS})","",""
"FALSE","","listingPage.listAlbums.byTracks.item.single","{ALBUM} ({TRACKS}—single)","{ALBUM} ({TRACKS}—single)","",""
"FALSE","","listingPage.listAlbums.byDuration.title","Albums - by Duration","Albums - by Duration","",""
"FALSE","","listingPage.listAlbums.byDuration.title.short","...by Duration","...by Duration","",""
"FALSE","","listingPage.listAlbums.byDuration.item","{ALBUM} ({DURATION})","{ALBUM} ({DURATION})","",""
"FALSE","","listingPage.listAlbums.byDate.title","Albums - by Date","Albums - by Date","",""
"FALSE","","listingPage.listAlbums.byDate.title.short","...by Date","...by Date","",""
"FALSE","","listingPage.listAlbums.byDate.item","{ALBUM} ({DATE})","{ALBUM} ({DATE})","",""
"FALSE","","listingPage.listAlbums.byDateAdded.title","Albums - by Date Added to Wiki","Albums - by Date Added to Wiki","",""
"FALSE","","listingPage.listAlbums.byDateAdded.title.short","...by Date Added to Wiki","...by Date Added to Wiki","",""
"FALSE","","listingPage.listAlbums.byDateAdded.chunk.title","{DATE}","{DATE}","",""
"FALSE","","listingPage.listAlbums.byDateAdded.chunk.item","{ALBUM}","{ALBUM}","",""
"FALSE","","listingPage.listArtTags.byName.title","Tags - by Name","Tags - by Name","",""
"FALSE","","listingPage.listArtTags.byName.title.short","...by Name","...by Name","",""
"FALSE","","listingPage.listArtTags.byName.item","{TAG} ({TIMES_USED})","{TAG} ({TIMES_USED})","",""
"FALSE","","listingPage.listArtTags.byUses.title","Tags - by Uses","Tags - by Uses","",""
"FALSE","","listingPage.listArtTags.byUses.title.short","...by Uses","...by Uses","",""
"FALSE","","listingPage.listArtTags.byUses.item","{TAG} ({TIMES_USED})","{TAG} ({TIMES_USED})","",""
"FALSE","","listingPage.listArtTags.network.title","Art Tag Network","Art Tag Network","",""
"FALSE","","listingPage.listArtTags.network.title.short","Art Tag Network","Art Tag Network","",""
"FALSE","","listingPage.listArtTags.network.jumpToRoot.title","Jump to one of the upper-most tags:","Jump to one of the upper-most tags:","",""
"FALSE","","listingPage.listArtTags.network.jumpToRoot.item","{TAG}","{TAG}","",""
"FALSE","","listingPage.listArtTags.network.statLine","Displaying tag info: {STAT}","Displaying tag info: {STAT}","",""
"FALSE","","listingPage.listArtTags.network.statLine.none","name only","name only","",""
"FALSE","","listingPage.listArtTags.network.statLine.totalUses","uses (total)","uses (total)","",""
"FALSE","","listingPage.listArtTags.network.statLine.directUses","uses (direct only)","uses (direct only)","",""
"FALSE","","listingPage.listArtTags.network.statLine.descendants","descendants (total)","descendants (total)","",""
"FALSE","","listingPage.listArtTags.network.statLine.leaves","descendants (leaves only)","descendants (leaves only)","",""
"FALSE","","listingPage.listArtTags.network.root","{TAG}","{TAG}","",""
"FALSE","","listingPage.listArtTags.network.root.jumpToTop","{TAG} ({LINK})","{TAG} ({LINK})","",""
"FALSE","","listingPage.listArtTags.network.root.jumpToTop.link","Jump back to top","Jump back to top","",""
"FALSE","","listingPage.listArtTags.network.root.withAncestors","{TAG} (descends from {ANCESTORS})","{TAG} (descends from {ANCESTORS})","",""
"FALSE","","listingPage.listArtTags.network.tag","{TAG}","{TAG}","",""
"FALSE","","listingPage.listArtTags.network.tag.jumpToRoot","Jump to: {TAG}","Jump to: {TAG}","",""
"FALSE","","listingPage.listArtTags.network.tag.withStat","{STAT} {TAG}","{STAT} {TAG}","",""
"FALSE","","listingPage.listArtTags.network.tag.withStat.stat","({STAT})","({STAT})","",""
"FALSE","","listingPage.listArtTags.network.tag.withStat.notApplicable","-","-","",""
"FALSE","","listingPage.listArtTags.network.orphanArtTags.title","These tags don't have any descendants or ancestors:","These tags don't have any descendants or ancestors:","",""
"FALSE","","listingPage.listArtTags.network.orphanArtTags.item","{TAG}","{TAG}","",""
"FALSE","","listingPage.listArtists.byName.title","Artists - by Name","Artists - by Name","",""
"FALSE","","listingPage.listArtists.byName.title.short","...by Name","...by Name","",""
"FALSE","","listingPage.listArtists.byName.item","{ARTIST} ({CONTRIBUTIONS})","{ARTIST} ({CONTRIBUTIONS})","",""
"FALSE","","listingPage.listArtists.byContribs.title","Artists - by Contributions","Artists - by Contributions","",""
"FALSE","","listingPage.listArtists.byContribs.title.short","...by Contributions","...by Contributions","",""
"FALSE","","listingPage.listArtists.byContribs.chunk.item","{ARTIST} ({CONTRIBUTIONS})","{ARTIST} ({CONTRIBUTIONS})","",""
"FALSE","","listingPage.listArtists.byContribs.chunk.title.trackContributors","Contributed tracks:","Contributed tracks:","",""
"FALSE","","listingPage.listArtists.byContribs.chunk.title.artContributors","Contributed artworks:","Contributed artworks:","",""
"FALSE","","listingPage.listArtists.byContribs.chunk.title.flashContributors","Contributed to flashes:","Contributed to flashes:","",""
"FALSE","","listingPage.listArtists.byCommentary.title","Artists - by Commentary Entries","Artists - by Commentary Entries","",""
"FALSE","","listingPage.listArtists.byCommentary.title.short","...by Commentary Entries","...by Commentary Entries","",""
"FALSE","","listingPage.listArtists.byCommentary.item","{ARTIST} ({ENTRIES})","{ARTIST} ({ENTRIES})","",""
"FALSE","","listingPage.listArtists.byDuration.title","Artists - by Duration","Artists - by Duration","",""
"FALSE","","listingPage.listArtists.byDuration.title.short","...by Duration","...by Duration","",""
"FALSE","","listingPage.listArtists.byDuration.item","{ARTIST} ({DURATION})","{ARTIST} ({DURATION})","",""
"FALSE","","listingPage.listArtists.byGroup.title","Artists - by Group","Artists - by Group","",""
"FALSE","","listingPage.listArtists.byGroup.title.short","...by Group","...by Group","",""
"FALSE","","listingPage.listArtists.byGroup.item","{ARTIST} ({CONTRIBUTIONS})","{ARTIST} ({CONTRIBUTIONS})","",""
"FALSE","","listingPage.listArtists.byGroup.chunk.title","Contributed to {GROUP}:","Contributed to {GROUP}:","",""
"FALSE","","listingPage.listArtists.byGroup.chunk.item","{ARTIST} ({CONTRIBUTIONS})","{ARTIST} ({CONTRIBUTIONS})","",""
"FALSE","","listingPage.listArtists.byLatest.title","Artists - by Latest Contribution","Artists - by Latest Contribution","",""
"FALSE","","listingPage.listArtists.byLatest.title.short","...by Latest Contribution","...by Latest Contribution","",""
"FALSE","","listingPage.listArtists.byLatest.chunk.title.album","{ALBUM} ({DATE})","{ALBUM} ({DATE})","",""
"FALSE","","listingPage.listArtists.byLatest.chunk.title.flash","{FLASH} ({DATE})","{FLASH} ({DATE})","",""
"FALSE","","listingPage.listArtists.byLatest.chunk.title.dateless","These artists' contributions aren't dated:","These artists' contributions aren't dated:","",""
"FALSE","","listingPage.listArtists.byLatest.chunk.item","{ARTIST}","{ARTIST}","",""
"FALSE","","listingPage.listArtists.byLatest.chunk.item.tracks","{ARTIST} (tracks)","{ARTIST} (tracks)","",""
"FALSE","","listingPage.listArtists.byLatest.chunk.item.tracksAndArt","{ARTIST} (tracks, art)","{ARTIST} (tracks, art)","",""
"FALSE","","listingPage.listArtists.byLatest.chunk.item.art","{ARTIST} (art)","{ARTIST} (art)","",""
"FALSE","","listingPage.listGroups.byName.title","Groups - by Name","Groups - by Name","",""
"FALSE","","listingPage.listGroups.byName.title.short","...by Name","...by Name","",""
"FALSE","","listingPage.listGroups.byName.item","{GROUP} ({GALLERY})","{GROUP} ({GALLERY})","",""
"FALSE","","listingPage.listGroups.byName.item.gallery","Gallery","Gallery","",""
"FALSE","","listingPage.listGroups.byCategory.title","Groups - by Category","Groups - by Category","",""
"FALSE","","listingPage.listGroups.byCategory.title.short","...by Category","...by Category","",""
"FALSE","","listingPage.listGroups.byCategory.chunk.title","{CATEGORY}","{CATEGORY}","",""
"FALSE","","listingPage.listGroups.byCategory.chunk.item","{GROUP} ({GALLERY})","{GROUP} ({GALLERY})","",""
"FALSE","","listingPage.listGroups.byCategory.chunk.item.gallery","Gallery","Gallery","",""
"FALSE","","listingPage.listGroups.byAlbums.title","Groups - by Albums","Groups - by Albums","",""
"FALSE","","listingPage.listGroups.byAlbums.title.short","...by Albums","...by Albums","",""
"FALSE","","listingPage.listGroups.byAlbums.item","{GROUP} ({ALBUMS})","{GROUP} ({ALBUMS})","",""
"FALSE","","listingPage.listGroups.byTracks.title","Groups - by Tracks","Groups - by Tracks","",""
"FALSE","","listingPage.listGroups.byTracks.title.short","...by Tracks","...by Tracks","",""
"FALSE","","listingPage.listGroups.byTracks.item","{GROUP} ({TRACKS})","{GROUP} ({TRACKS})","",""
"FALSE","","listingPage.listGroups.byDuration.title","Groups - by Duration","Groups - by Duration","",""
"FALSE","","listingPage.listGroups.byDuration.title.short","...by Duration","...by Duration","",""
"FALSE","","listingPage.listGroups.byDuration.item","{GROUP} ({DURATION})","{GROUP} ({DURATION})","",""
"FALSE","","listingPage.listGroups.byLatest.title","Groups - by Latest Album","Groups - by Latest Album","",""
"FALSE","","listingPage.listGroups.byLatest.title.short","...by Latest Album","...by Latest Album","",""
"FALSE","","listingPage.listGroups.byLatest.item","{GROUP} ({DATE})","{GROUP} ({DATE})","",""
"FALSE","","listingPage.listTracks.byName.title","Tracks - by Name","Tracks - by Name","",""
"FALSE","","listingPage.listTracks.byName.title.short","...by Name","...by Name","",""
"FALSE","","listingPage.listTracks.byName.item","{TRACK}","{TRACK}","",""
"FALSE","","listingPage.listTracks.byAlbum.title","Tracks - by Album","Tracks - by Album","",""
"FALSE","","listingPage.listTracks.byAlbum.title.short","...by Album","...by Album","",""
"FALSE","","listingPage.listTracks.byAlbum.chunk.title","{ALBUM}","{ALBUM}","",""
"FALSE","","listingPage.listTracks.byAlbum.chunk.item","{TRACK}","{TRACK}","",""
"FALSE","","listingPage.listTracks.byDate.title","Tracks - by Date","Tracks - by Date","",""
"FALSE","","listingPage.listTracks.byDate.title.short","...by Date","...by Date","",""
"FALSE","","listingPage.listTracks.byDate.chunk.title","{ALBUM} ({DATE})","{ALBUM} ({DATE})","",""
"FALSE","","listingPage.listTracks.byDate.chunk.item","{TRACK}","{TRACK}","",""
"FALSE","","listingPage.listTracks.byDate.chunk.item.rerelease","{TRACK} (rerelease)","{TRACK} (rerelease)","",""
"FALSE","","listingPage.listTracks.byDuration.title","Tracks - by Duration","Tracks - by Duration","",""
"FALSE","","listingPage.listTracks.byDuration.title.short","...by Duration","...by Duration","",""
"FALSE","","listingPage.listTracks.byDuration.item","{TRACK} ({DURATION})","{TRACK} ({DURATION})","",""
"FALSE","","listingPage.listTracks.byDurationInAlbum.title","Tracks - by Duration (in Album)","Tracks - by Duration (in Album)","",""
"FALSE","","listingPage.listTracks.byDurationInAlbum.title.short","...by Duration (in Album)","...by Duration (in Album)","",""
"FALSE","","listingPage.listTracks.byDurationInAlbum.chunk.title","{ALBUM}","{ALBUM}","",""
"FALSE","","listingPage.listTracks.byDurationInAlbum.chunk.item","{TRACK} ({DURATION})","{TRACK} ({DURATION})","",""
"FALSE","","listingPage.listTracks.byTimesReferenced.title","Tracks - by Times Referenced","Tracks - by Times Referenced","",""
"FALSE","","listingPage.listTracks.byTimesReferenced.title.short","...by Times Referenced","...by Times Referenced","",""
"FALSE","","listingPage.listTracks.byTimesReferenced.item","{TRACK} ({TIMES_REFERENCED})","{TRACK} ({TIMES_REFERENCED})","",""
"FALSE","","listingPage.listTracks.inFlashes.byAlbum.title","Tracks - in Flashes (by Album)","Tracks - in Flashes (by Album)","",""
"FALSE","","listingPage.listTracks.inFlashes.byAlbum.title.short","...in Flashes (by Album)","...in Flashes (by Album)","",""
"FALSE","","listingPage.listTracks.inFlashes.byAlbum.chunk.title","{ALBUM}","{ALBUM}","",""
"FALSE","","listingPage.listTracks.inFlashes.byAlbum.chunk.item","{TRACK} (in {FLASHES})","{TRACK} (in {FLASHES})","",""
"FALSE","","listingPage.listTracks.inFlashes.byFlash.title","Tracks - in Flashes (by Flash)","Tracks - in Flashes (by Flash)","",""
"FALSE","","listingPage.listTracks.inFlashes.byFlash.title.short","...in Flashes (by Flash)","...in Flashes (by Flash)","",""
"FALSE","","listingPage.listTracks.inFlashes.byFlash.chunk.title","{FLASH}","{FLASH}","",""
"FALSE","","listingPage.listTracks.inFlashes.byFlash.chunk.item","{TRACK} (from {ALBUM})","{TRACK} (from {ALBUM})","",""
"FALSE","","listingPage.listTracks.withLyrics.title","Tracks - with Lyrics","Tracks - with Lyrics","",""
"FALSE","","listingPage.listTracks.withLyrics.title.short","...with Lyrics","...with Lyrics","",""
"FALSE","","listingPage.listTracks.withLyrics.chunk.title","{ALBUM}","{ALBUM}","",""
"FALSE","","listingPage.listTracks.withLyrics.chunk.title.withDate","{ALBUM} ({DATE})","{ALBUM} ({DATE})","",""
"FALSE","","listingPage.listTracks.withLyrics.chunk.item","{TRACK}","{TRACK}","",""
"FALSE","","listingPage.listTracks.withMusicVideos.title","Tracks - with Music Videos","Tracks - with Music Videos","",""
"FALSE","","listingPage.listTracks.withMusicVideos.title.short","...with Music Videos","...with Music Videos","",""
"FALSE","","listingPage.listTracks.withMusicVideos.chunk.title","{ALBUM}","{ALBUM}","",""
"FALSE","","listingPage.listTracks.withMusicVideos.chunk.title.withDate","{ALBUM} ({DATE})","{ALBUM} ({DATE})","",""
"FALSE","","listingPage.listTracks.withMusicVideos.chunk.item","{TRACK}","{TRACK}","",""
"FALSE","","listingPage.listTracks.withSheetMusicFiles.title","Tracks - with Sheet Music Files","Tracks - with Sheet Music Files","",""
"FALSE","","listingPage.listTracks.withSheetMusicFiles.title.short","...with Sheet Music Files","...with Sheet Music Files","",""
"FALSE","","listingPage.listTracks.withSheetMusicFiles.chunk.title","{ALBUM}","{ALBUM}","",""
"FALSE","","listingPage.listTracks.withSheetMusicFiles.chunk.title.withDate","{ALBUM} ({DATE})","{ALBUM} ({DATE})","",""
"FALSE","","listingPage.listTracks.withSheetMusicFiles.chunk.item","{TRACK}","{TRACK}","",""
"FALSE","","listingPage.listTracks.withMidiProjectFiles.title","Tracks - with MIDI & Project Files","Tracks - with MIDI & Project Files","",""
"FALSE","","listingPage.listTracks.withMidiProjectFiles.title.short","...with MIDI & Project Files","...with MIDI & Project Files","",""
"FALSE","","listingPage.listTracks.withMidiProjectFiles.chunk.title","{ALBUM}","{ALBUM}","",""
"FALSE","","listingPage.listTracks.withMidiProjectFiles.chunk.title.withDate","{ALBUM} ({DATE})","{ALBUM} ({DATE})","",""
"FALSE","","listingPage.listTracks.withMidiProjectFiles.chunk.item","{TRACK}","{TRACK}","",""
"FALSE","","listingPage.listTracks.needingLyrics.title","Tracks - which need Lyrics","Tracks - which need Lyrics","",""
"FALSE","","listingPage.listTracks.needingLyrics.title.short","...which need Lyrics","...which need Lyrics","",""
"FALSE","","listingPage.listTracks.needingLyrics.chunk.title","{ALBUM}","{ALBUM}","",""
"FALSE","","listingPage.listTracks.needingLyrics.chunk.title.withDate","{ALBUM} ({DATE})","{ALBUM} ({DATE})","",""
"FALSE","","listingPage.listTracks.needingLyrics.chunk.item","{TRACK}","{TRACK}","",""
"FALSE","","listingPage.other.allSheetMusic.title","All Sheet Music","All Sheet Music","",""
"FALSE","","listingPage.other.allSheetMusic.title.short","All Sheet Music","All Sheet Music","",""
"FALSE","","listingPage.other.allSheetMusic.albumFiles","Album sheet music:","Album sheet music:","",""
"FALSE","","listingPage.other.allSheetMusic.file","{TITLE}","{TITLE}","",""
"FALSE","","listingPage.other.allSheetMusic.file.placeholderTitle","Sheet music","Sheet music","",""
"FALSE","","listingPage.other.allSheetMusic.file.withCredit","{TITLE} {CREDIT}","{TITLE} {CREDIT}","",""
"FALSE","","listingPage.other.allSheetMusic.file.withMultipleFiles","{TITLE} ({FILES})","{TITLE} ({FILES})","",""
"FALSE","","listingPage.other.allSheetMusic.file.withNoFiles","{TITLE} (no files)","{TITLE} (no files)","",""
"FALSE","","listingPage.other.allSheetMusic.file.withCredit.withMultipleFiles","{TITLE} {CREDIT} ({FILES})","{TITLE} {CREDIT} ({FILES})","",""
"FALSE","","listingPage.other.allSheetMusic.file.withCredit.withNoFiles","{TITLE} {CREDIT} (no files)","{TITLE} {CREDIT} (no files)","",""
"FALSE","","listingPage.other.allSheetMusic.file.credit","by {ARTISTS}","by {ARTISTS}","",""
"FALSE","","listingPage.other.allMidiProjectFiles.title","All MIDI / Project Files","All MIDI / Project Files","",""
"FALSE","","listingPage.other.allMidiProjectFiles.title.short","All MIDI & Project Files","All MIDI & Project Files","",""
"FALSE","","listingPage.other.allMidiProjectFiles.albumFiles","Album MIDI & project files:","Album MIDI & project files:","",""
"FALSE","","listingPage.other.allMidiProjectFiles.file","{TITLE}","{TITLE}","",""
"FALSE","","listingPage.other.allMidiProjectFiles.file.placeholderTitle","MIDI or project file","MIDI or project file","",""
"FALSE","","listingPage.other.allMidiProjectFiles.file.withCredit","{TITLE} {CREDIT}","{TITLE} {CREDIT}","",""
"FALSE","","listingPage.other.allMidiProjectFiles.file.withMultipleFiles","{TITLE} ({FILES})","{TITLE} ({FILES})","",""
"FALSE","","listingPage.other.allMidiProjectFiles.file.withNoFiles","{TITLE} (no files)","{TITLE} (no files)","",""
"FALSE","","listingPage.other.allMidiProjectFiles.file.withCredit.withMultipleFiles","{TITLE} {CREDIT} ({FILES})","{TITLE} {CREDIT} ({FILES})","",""
"FALSE","","listingPage.other.allMidiProjectFiles.file.withCredit.withNoFiles","{TITLE} {CREDIT} (no files)","{TITLE} {CREDIT} (no files)","",""
"FALSE","","listingPage.other.allMidiProjectFiles.file.credit","by {ARTISTS}","by {ARTISTS}","",""
"FALSE","","listingPage.other.allAdditionalFiles.title","All Additional Files","All Additional Files","",""
"FALSE","","listingPage.other.allAdditionalFiles.title.short","All Additional Files","All Additional Files","",""
"FALSE","","listingPage.other.allAdditionalFiles.albumFiles","Album additional files:","Album additional files:","",""
"FALSE","","listingPage.other.allAdditionalFiles.file","{TITLE}","{TITLE}","",""
"FALSE","","listingPage.other.allAdditionalFiles.file.placeholderTitle","Additional file","Additional file","",""
"FALSE","","listingPage.other.allAdditionalFiles.file.withCredit","{TITLE} {CREDIT}","{TITLE} {CREDIT}","",""
"FALSE","","listingPage.other.allAdditionalFiles.file.withMultipleFiles","{TITLE} ({FILES})","{TITLE} ({FILES})","",""
"FALSE","","listingPage.other.allAdditionalFiles.file.withNoFiles","{TITLE} (no files)","{TITLE} (no files)","",""
"FALSE","","listingPage.other.allAdditionalFiles.file.withCredit.withMultipleFiles","{TITLE} {CREDIT} ({FILES})","{TITLE} {CREDIT} ({FILES})","",""
"FALSE","","listingPage.other.allAdditionalFiles.file.withCredit.withNoFiles","{TITLE} {CREDIT} (no files)","{TITLE} {CREDIT} (no files)","",""
"FALSE","","listingPage.other.allAdditionalFiles.file.credit","by {ARTISTS}","by {ARTISTS}","",""
"FALSE","","listingPage.other.randomPages.title","Random Pages","Random Pages","",""
"FALSE","","listingPage.other.randomPages.title.short","Random Pages","Random Pages","",""
"FALSE","","listingPage.other.randomPages.chooseLinkLine","{FROM_PART} {BROWSER_SUPPORT_PART}","{FROM_PART} {BROWSER_SUPPORT_PART}","",""
"FALSE","","listingPage.other.randomPages.chooseLinkLine.fromPart.dividedByGroups","Choose a link to go to a random page in that group or album!","Choose a link to go to a random page in that group or album!","",""
"FALSE","","listingPage.other.randomPages.chooseLinkLine.fromPart.notDividedByGroups","Choose a link to go to a random page in that album!","Choose a link to go to a random page in that album!","",""
"FALSE","","listingPage.other.randomPages.chooseLinkLine.browserSupportPart","If your browser doesn't support relatively modern JavaScript or you've disabled it, these links won't work - sorry.","If your browser doesn't support relatively modern JavaScript or you've disabled it, these links won't work - sorry.","",""
"FALSE","","listingPage.other.randomPages.dataLoadingLine","(Data files are downloading in the background! Please wait for data to load.)","(Data files are downloading in the background! Please wait for data to load.)","",""
"FALSE","","listingPage.other.randomPages.dataLoadedLine","(Data files have finished being downloaded. The links should work!)","(Data files have finished being downloaded. The links should work!)","",""
"FALSE","","listingPage.other.randomPages.dataErrorLine","(Data files failed to download. Sorry, some of these links won't work right now!)","(Data files failed to download. Sorry, some of these links won't work right now!)","",""
"FALSE","","listingPage.other.randomPages.chunk.title.misc","Miscellaneous:","Miscellaneous:","",""
"FALSE","","listingPage.other.randomPages.chunk.title.fromAlbum","From an album:","From an album:","",""
"FALSE","","listingPage.other.randomPages.chunk.title.fromGroup","From {GROUP}:","From {GROUP}:","",""
"FALSE","","listingPage.other.randomPages.chunk.title.fromGroup.accent","({RANDOM_ALBUM}, {RANDOM_TRACK})","({RANDOM_ALBUM}, {RANDOM_TRACK})","",""
"FALSE","","listingPage.other.randomPages.chunk.title.fromGroup.accent.randomAlbum","Random Album","Random Album","",""
"FALSE","","listingPage.other.randomPages.chunk.title.fromGroup.accent.randomTrack","Random Track","Random Track","",""
"FALSE","","listingPage.other.randomPages.chunk.item.album","{ALBUM}","{ALBUM}","",""
"FALSE","","listingPage.other.randomPages.chunk.item.randomArtist","{MAIN_LINK} ({AT_LEAST_TWO_CONTRIBUTIONS})","{MAIN_LINK} ({AT_LEAST_TWO_CONTRIBUTIONS})","",""
"FALSE","","listingPage.other.randomPages.chunk.item.randomArtist.mainLink","Random Artist","Random Artist","",""
"FALSE","","listingPage.other.randomPages.chunk.item.randomArtist.atLeastTwoContributions","at least 2 contributions","at least 2 contributions","",""
"FALSE","","listingPage.other.randomPages.chunk.item.randomAlbumWholeSite","Random Album (whole site)","Random Album (whole site)","",""
"FALSE","","listingPage.other.randomPages.chunk.item.randomTrackWholeSite","Random Track (whole site)","Random Track (whole site)","",""
"FALSE","","newsIndex.title","News","News","",""
"FALSE","","newsIndex.entry.viewRest","(View rest of entry!)","(View rest of entry!)","",""
"FALSE","","newsEntryPage.title","{ENTRY}","{ENTRY}","",""
"FALSE","","newsEntryPage.published","(Published {DATE}.)","(Published {DATE}.)","",""
"FALSE","","newsEntryPage.readAnother.previous","(← {ENTRY})","(← {ENTRY})","",""
"FALSE","","newsEntryPage.readAnother.previous.withDate","(← {DATE} {ENTRY})","(← {DATE} {ENTRY})","",""
"FALSE","","newsEntryPage.readAnother.next","(→ {ENTRY})","(→ {ENTRY})","",""
"FALSE","","newsEntryPage.readAnother.next.withDate","(→ {DATE} {ENTRY})","(→ {DATE} {ENTRY})","",""
"FALSE","","redirectPage.title","Moved to {TITLE}","Moved to {TITLE}","",""
"FALSE","","redirectPage.infoLine","This page has been moved to {TARGET}.","This page has been moved to {TARGET}.","",""
"FALSE","","referencedArtworksPage.subtitle","Referenced Artworks","Referenced Artworks","",""
"FALSE","","referencedArtworksPage.statsLine","References {ARTWORKS}.","References {ARTWORKS}.","",""
"FALSE","","referencingArtworksPage.subtitle","Referencing Artworks","Referencing Artworks","",""
"FALSE","","referencingArtworksPage.statsLine","Referenced by {ARTWORKS}.","Referenced by {ARTWORKS}.","",""
"FALSE","","trackPage.title","{TRACK}","{TRACK}","",""
"FALSE","","trackPage.nav.random","Random","Random","",""
"FALSE","","trackPage.nav.backToTrack","Return to track page","Return to track page","",""
"FALSE","","trackPage.nav.albumAccent.withNameDetail","{NAME_DETAIL}","{NAME_DETAIL}","",""
"FALSE","","trackPage.nav.albumAccent.withType","{TYPE}","{TYPE}","",""
"FALSE","","trackPage.nav.albumAccent.withNameDetail.withType","{TYPE}: {NAME_DETAIL}","{TYPE}: {NAME_DETAIL}","",""
"FALSE","","trackPage.nav.albumAccent.type.single","single","single","",""
"FALSE","","trackPage.nav.albumAccent.type.vgm","vgm","vgm","",""
"FALSE","","trackPage.nav.track","{TRACK}","{TRACK}","",""
"FALSE","","trackPage.nav.track.withNumber","{NUMBER}. {TRACK}","{NUMBER}. {TRACK}","",""
"FALSE","","trackPage.needsLyrics","This track has vocals, but there aren't lyrics available for it on this wiki, yet!","This track has vocals, but there aren't lyrics available for it on this wiki, yet!","",""
"FALSE","","trackPage.socialEmbed.heading","{ALBUM}","{ALBUM}","",""
"FALSE","","trackPage.socialEmbed.title","{TRACK}","{TRACK}","",""
"FALSE","","trackPage.socialEmbed.body.withArtists.withCoverArtists","By {ARTISTS}; art by {COVER_ARTISTS}.","By {ARTISTS}; art by {COVER_ARTISTS}.","",""
"FALSE","","trackPage.socialEmbed.body.withArtists","By {ARTISTS}.","By {ARTISTS}.","",""
"FALSE","","trackPage.socialEmbed.body.withCoverArtists","Art by {COVER_ARTISTS}.","Art by {COVER_ARTISTS}.","",""
