Reviewed?,Sign-off,String Key,Current Reference (English),Used Reference (English),String Value,Comments
TRUE,Lavender,meta.languageCode,en,en,vi,
TRUE,Lavender,meta.languageName,English,English,Tiếng Việt,
TRUE,wsok,count.albums,{ALBUMS},{ALBUMS},{ALBUMS},
TRUE,wsok,count.albums.withUnit.zero,,,,
TRUE,wsok,count.albums.withUnit.one,{ALBUMS} album,{ALBUMS} album,,
TRUE,wsok,count.albums.withUnit.two,,,,
TRUE,wsok,count.albums.withUnit.few,,,,
TRUE,wsok,count.albums.withUnit.many,,,,
TRUE,wsok,count.albums.withUnit.other,{ALBUMS} albums,{ALBUMS} albums,{ALBUMS} album,
TRUE,wsok,count.artTags,{TAGS},{TAGS},{TAGS},
TRUE,wsok,count.artTags.withUnit.zero,,,,
TRUE,wsok,count.artTags.withUnit.one,{TAGS} tag,{TAGS} tag,,
TRUE,wsok,count.artTags.withUnit.two,,,,
TRUE,wsok,count.artTags.withUnit.few,,,,
TRUE,wsok,count.artTags.withUnit.many,,,,
TRUE,wsok,count.artTags.withUnit.other,{TAGS} tags,{TAGS} tags,{TAGS} thẻ,
TRUE,wsok,count.artworks,{ARTWORKS},{ARTWORKS},{ARTWORKS},
TRUE,wsok,count.artworks.withUnit.zero,,,,
TRUE,wsok,count.artworks.withUnit.one,{ARTWORKS} artwork,{ARTWORKS} artwork,,
TRUE,wsok,count.artworks.withUnit.two,,,,
TRUE,wsok,count.artworks.withUnit.few,,,,
TRUE,wsok,count.artworks.withUnit.many,,,,
TRUE,wsok,count.artworks.withUnit.other,{ARTWORKS} artworks,{ARTWORKS} artworks,{ARTWORKS} ảnh,
TRUE,wsok,count.commentaryEntries,{ENTRIES},{ENTRIES},{ENTRIES},
TRUE,wsok,count.commentaryEntries.withUnit.zero,,,,
TRUE,wsok,count.commentaryEntries.withUnit.one,{ENTRIES} entry,{ENTRIES} entry,,
TRUE,wsok,count.commentaryEntries.withUnit.two,,,,
TRUE,wsok,count.commentaryEntries.withUnit.few,,,,
TRUE,wsok,count.commentaryEntries.withUnit.many,,,,
TRUE,wsok,count.commentaryEntries.withUnit.other,{ENTRIES} entries,{ENTRIES} entries,{ENTRIES} lượt,
TRUE,wsok,count.contributions,{CONTRIBUTIONS},{CONTRIBUTIONS},{CONTRIBUTIONS},
TRUE,wsok,count.contributions.withUnit.zero,,,,
TRUE,wsok,count.contributions.withUnit.one,{CONTRIBUTIONS} contribution,{CONTRIBUTIONS} contribution,,
TRUE,wsok,count.contributions.withUnit.two,,,,
TRUE,wsok,count.contributions.withUnit.few,,,,
TRUE,wsok,count.contributions.withUnit.many,,,,
TRUE,wsok,count.contributions.withUnit.other,{CONTRIBUTIONS} contributions,{CONTRIBUTIONS} contributions,{CONTRIBUTIONS} đóng góp,
TRUE,wsok,count.files,{FILES},{FILES},{FILES},
TRUE,wsok,count.files.withUnit.zero,,,,
TRUE,wsok,count.files.withUnit.one,{FILES} file,{FILES} file,,
TRUE,wsok,count.files.withUnit.two,,,,
TRUE,wsok,count.files.withUnit.few,,,,
TRUE,wsok,count.files.withUnit.many,,,,
TRUE,wsok,count.files.withUnit.other,{FILES} files,{FILES} files,{FILES} tệp,
TRUE,wsok,count.flashes,{FLASHES},{FLASHES},{FLASHES},
TRUE,wsok,count.flashes.withUnit.zero,,,,
TRUE,wsok,count.flashes.withUnit.one,{FLASHES} flash,{FLASHES} flash,,
TRUE,wsok,count.flashes.withUnit.two,,,,
TRUE,wsok,count.flashes.withUnit.few,,,,
TRUE,wsok,count.flashes.withUnit.many,,,,
TRUE,wsok,count.flashes.withUnit.other,{FLASHES} flashes,{FLASHES} flashes,{FLASHES} hoạt ảnh,
TRUE,wsok,count.tracks,{TRACKS},{TRACKS},{TRACKS},
TRUE,wsok,count.tracks.withUnit.zero,,,,
TRUE,wsok,count.tracks.withUnit.one,{TRACKS} track,{TRACKS} track,,
TRUE,wsok,count.tracks.withUnit.two,,,,
TRUE,wsok,count.tracks.withUnit.few,,,,
TRUE,wsok,count.tracks.withUnit.many,,,,
TRUE,wsok,count.tracks.withUnit.other,{TRACKS} tracks,{TRACKS} tracks,{TRACKS} bài hát,
TRUE,wsok,count.days,{DAYS},{DAYS},{DAYS},
TRUE,wsok,count.days.withUnit.zero,,,,
TRUE,wsok,count.days.withUnit.one,{DAYS} day,{DAYS} day,,
TRUE,wsok,count.days.withUnit.two,,,,
TRUE,wsok,count.days.withUnit.few,,,,
TRUE,wsok,count.days.withUnit.many,,,,
TRUE,wsok,count.days.withUnit.other,{DAYS} days,{DAYS} days,{DAYS} ngày,
TRUE,wsok,count.months,{MONTHS},{MONTHS},{MONTHS},
TRUE,wsok,count.months.withUnit.zero,,,,
TRUE,wsok,count.months.withUnit.one,{MONTHS} month,{MONTHS} month,,
TRUE,wsok,count.months.withUnit.two,,,,
TRUE,wsok,count.months.withUnit.few,,,,
TRUE,wsok,count.months.withUnit.many,,,,
TRUE,wsok,count.months.withUnit.other,{MONTHS} months,{MONTHS} months,{MONTHS} tháng,
TRUE,wsok,count.timesFeatured,{TIMES_FEATURED},{TIMES_FEATURED},{TIMES_FEATURED},
TRUE,wsok,count.timesFeatured.withUnit.zero,,,,
TRUE,wsok,count.timesFeatured.withUnit.one,featured {TIMES_FEATURED} time,featured {TIMES_FEATURED} time,,
TRUE,wsok,count.timesFeatured.withUnit.two,,,,
TRUE,wsok,count.timesFeatured.withUnit.few,,,,
TRUE,wsok,count.timesFeatured.withUnit.many,,,,
TRUE,wsok,count.timesFeatured.withUnit.other,featured {TIMES_FEATURED} times,featured {TIMES_FEATURED} times,đã xuất hiện {TIMES_FEATURED} lần,
TRUE,wsok,count.timesReferenced,{TIMES_REFERENCED},{TIMES_REFERENCED},{TIMES_REFERENCED},
TRUE,wsok,count.timesReferenced.withUnit.zero,,,,
TRUE,wsok,count.timesReferenced.withUnit.one,{TIMES_REFERENCED} time referenced,{TIMES_REFERENCED} time referenced,,
TRUE,wsok,count.timesReferenced.withUnit.two,,,,
TRUE,wsok,count.timesReferenced.withUnit.few,,,,
TRUE,wsok,count.timesReferenced.withUnit.many,,,,
TRUE,wsok,count.timesReferenced.withUnit.other,{TIMES_REFERENCED} times referenced,{TIMES_REFERENCED} times referenced,{TIMES_REFERENCED} lần có liên hệ,
TRUE,wsok,count.timesUsed,{TIMES_USED},{TIMES_USED},{TIMES_USED},
TRUE,wsok,count.timesUsed.withUnit.zero,,,,
TRUE,wsok,count.timesUsed.withUnit.one,used {TIMES_USED} time,used {TIMES_USED} time,,
TRUE,wsok,count.timesUsed.withUnit.two,,,,
TRUE,wsok,count.timesUsed.withUnit.few,,,,
TRUE,wsok,count.timesUsed.withUnit.many,,,,
TRUE,wsok,count.timesUsed.withUnit.other,used {TIMES_USED} times,used {TIMES_USED} times,được sử dụng {TIMES_USED} lần,
TRUE,wsok,count.weeks,{WEEKS},{WEEKS},{WEEKS},
TRUE,wsok,count.weeks.withUnit.zero,,,,
TRUE,wsok,count.weeks.withUnit.one,{WEEKS} week,{WEEKS} week,,
TRUE,wsok,count.weeks.withUnit.two,,,,
TRUE,wsok,count.weeks.withUnit.few,,,,
TRUE,wsok,count.weeks.withUnit.many,,,,
TRUE,wsok,count.weeks.withUnit.other,{WEEKS} weeks,{WEEKS} weeks,{WEEKS} tuần,
TRUE,wsok,count.words,{WORDS},{WORDS},{WORDS},
TRUE,wsok,count.words.thousand,{WORDS}k,{WORDS}k,{WORDS} nghìn,
TRUE,wsok,count.words.withUnit.zero,,,,
TRUE,wsok,count.words.withUnit.one,{WORDS} word,{WORDS} word,,
TRUE,wsok,count.words.withUnit.two,,,,
TRUE,wsok,count.words.withUnit.few,,,,
TRUE,wsok,count.words.withUnit.many,,,,
TRUE,wsok,count.words.withUnit.other,{WORDS} words,{WORDS} words,{WORDS} từ,
TRUE,wsok,count.years,{YEARS},{YEARS},{YEARS},
TRUE,wsok,count.years.withUnit.zero,,,,
TRUE,wsok,count.years.withUnit.one,{YEARS} year,{YEARS} year,,
TRUE,wsok,count.years.withUnit.two,,,,
TRUE,wsok,count.years.withUnit.few,,,,
TRUE,wsok,count.years.withUnit.many,,,,
TRUE,wsok,count.years.withUnit.other,{YEARS} years,{YEARS} years,{YEARS} năm,
TRUE,wsok,count.duration.missing,_:__,_:__,_:__,
TRUE,wsok,count.duration.approximate,~{DURATION},~{DURATION},~{DURATION},
TRUE,wsok,count.duration.hours,{HOURS}:{MINUTES}:{SECONDS},{HOURS}:{MINUTES}:{SECONDS},{HOURS}:{MINUTES}:{SECONDS},
TRUE,wsok,count.duration.hours.withUnit,{HOURS}:{MINUTES}:{SECONDS} hours,{HOURS}:{MINUTES}:{SECONDS} hours,{HOURS}:{MINUTES}:{SECONDS} giờ,
TRUE,wsok,count.duration.minutes,{MINUTES}:{SECONDS},{MINUTES}:{SECONDS},{MINUTES}:{SECONDS},
TRUE,wsok,count.duration.minutes.withUnit,{MINUTES}:{SECONDS} minutes,{MINUTES}:{SECONDS} minutes,{MINUTES}:{SECONDS} phút,
TRUE,wsok,count.dateDuration.earlier,{DURATION} earlier,{DURATION} earlier,sớm hơn {DURATION},
TRUE,wsok,count.dateDuration.later,{DURATION} later,{DURATION} later,trễ hơn {DURATION},
TRUE,wsok,count.dateDuration.same,on the same date,on the same date,cùng ngày,
TRUE,wsok,count.dateDuration.zero,at most one day,at most one day,không quá một ngày,
TRUE,wsok,count.dateDuration.approximate,about {DURATION},about {DURATION},khoảng {DURATION},
TRUE,wsok,count.dateDuration.approximateEarlier,about {DURATION} earlier,about {DURATION} earlier,khoảng ít hơn {DURATION},
TRUE,wsok,count.dateDuration.approximateLater,about {DURATION} later,about {DURATION} later,khoảng nhiều hơn {DURATION},
TRUE,wsok,count.dateDuration.relativeAbsolute,{ABSOLUTE}; {RELATIVE},{ABSOLUTE}; {RELATIVE},{ABSOLUTE}; {RELATIVE},
TRUE,wsok,count.dateDuration.years,{YEARS},{YEARS},{YEARS},
TRUE,wsok,count.dateDuration.months,{MONTHS},{MONTHS},{MONTHS},
TRUE,wsok,count.dateDuration.days,{DAYS},{DAYS},{DAYS},
TRUE,wsok,count.dateDuration.yearsMonthsDays,"{YEARS}, {MONTHS}, {DAYS}","{YEARS}, {MONTHS}, {DAYS}","{YEARS}, {MONTHS}, {DAYS}",
TRUE,wsok,count.dateDuration.yearsMonths,"{YEARS}, {MONTHS}","{YEARS}, {MONTHS}","{YEARS}, {MONTHS}",
TRUE,wsok,count.dateDuration.yearsDays,"{YEARS}, {DAYS}","{YEARS}, {DAYS}","{YEARS}, {DAYS}",
TRUE,wsok,count.dateDuration.monthsDays,"{MONTHS}, {DAYS}","{MONTHS}, {DAYS}","{MONTHS}, {DAYS}",
TRUE,wsok,count.fileSize.terabytes,{TERABYTES} TB,{TERABYTES} TB,{TERABYTES} TB,
TRUE,wsok,count.fileSize.gigabytes,{GIGABYTES} GB,{GIGABYTES} GB,{GIGABYTES} GB,
TRUE,wsok,count.fileSize.megabytes,{MEGABYTES} MB,{MEGABYTES} MB,{MEGABYTES} MB,
TRUE,wsok,count.fileSize.kilobytes,{KILOBYTES} kB,{KILOBYTES} kB,{KILOBYTES} kB,
TRUE,wsok,count.fileSize.bytes,{BYTES} bytes,{BYTES} bytes,{BYTES} byte,
TRUE,wsok,count.index.zero,,,,
TRUE,wsok,count.index.one,{INDEX}st,{INDEX}st,,
TRUE,wsok,count.index.two,{INDEX}nd,{INDEX}nd,,
TRUE,wsok,count.index.few,{INDEX}rd,{INDEX}rd,,
TRUE,wsok,count.index.many,,,,
TRUE,wsok,count.index.other,{INDEX}th,{INDEX}th,thứ {INDEX},
FALSE,wsok,releaseInfo.by,By {ARTISTS}.,By {ARTISTS}.,Bởi {ARTISTS}.,
FALSE,wsok,releaseInfo.by.featuring,"By {ARTISTS}, featuring {FEATURING}.","By {ARTISTS}, featuring {FEATURING}.",Bởi {ARTISTS} với sự góp mặt của {FEATURING}.,
FALSE,wsok,releaseInfo.by.withAlbum,"From {ALBUM}, by {ARTISTS}.","From {ALBUM}, by {ARTISTS}.","Trong {ALBUM}, bởi {ARTISTS}.",
FALSE,wsok,releaseInfo.by.featuring.withAlbum,"From {ALBUM}, by {ARTISTS} feat. {FEATURING}.","From {ALBUM}, by {ARTISTS} feat. {FEATURING}.","Trong {ALBUM}, bởi {ARTISTS} và sự góp mặt của {FEATURING}.",
FALSE,wsok,releaseInfo.by.withAlbum.albumLast,"By {ARTISTS}, from {ALBUM}.","By {ARTISTS}, from {ALBUM}.","Bởi {ARTISTS}, trong {ALBUM}.",
FALSE,wsok,releaseInfo.by.featuring.withAlbum.albumLast,"By {ARTISTS}, featuring {FEATURING}. From {ALBUM}.","By {ARTISTS}, featuring {FEATURING}. From {ALBUM}.",Bởi {ARTISTS} với sự góp mặt của {FEATURING}; trong {ALBUM}.,
FALSE,wsok,releaseInfo.from,From {ALBUM}.,From {ALBUM}.,Từ {ALBUM}.,
FALSE,wsok,releaseInfo.musicBy,Music by {ARTISTS}.,Music by {ARTISTS}.,Nhạc bởi {ARTISTS}.,
FALSE,wsok,releaseInfo.musicBy.featuring,"Music by {ARTISTS}, featuring {FEATURING}.","Music by {ARTISTS}, featuring {FEATURING}.",Nhạc bởi {ARTISTS} với sự góp mặt của {FEATURING}.,
FALSE,wsok,releaseInfo.wallpaperArtBy,Wallpaper by {ARTISTS},Wallpaper by {ARTISTS},Ảnh nền bởi {ARTISTS},
TRUE,wsok,releaseInfo.bannerArtBy,Banner by {ARTISTS},Banner by {ARTISTS},Ảnh biểu ngữ bởi {ARTISTS},
FALSE,wsok,releaseInfo.released,Released {DATE}.,Released {DATE}.,Được phát hành lúc {DATE}.,
FALSE,wsok,releaseInfo.albumReleased,Album released {DATE}.,Album released {DATE}.,Album được phát hành lúc {DATE}.,
FALSE,wsok,releaseInfo.trackReleased,Track released {DATE}.,Track released {DATE}.,Bài hát được phát hành lúc {DATE}.,
FALSE,wsok,releaseInfo.released.withAlbum,"From {ALBUM}, released {DATE}.","From {ALBUM}, released {DATE}.","Từ {ALBUM}, được phát hành lúc {DATE}.",
FALSE,wsok,releaseInfo.posted,Posted {DATE}.,Posted {DATE}.,Được đăng lúc {DATE}.,
FALSE,wsok,releaseInfo.albumPosted,Album posted {DATE}.,Album posted {DATE}.,Album được đăng lúc {DATE}.,
FALSE,wsok,releaseInfo.trackPosted,Track posted {DATE}.,Track posted {DATE}.,Bài hát được đăng lúc {DATE}.,
FALSE,wsok,releaseInfo.posted.withAlbum,"From {ALBUM}, posted {DATE}.","From {ALBUM}, posted {DATE}.","Từ {ALBUM}, được đăng lúc {DATE}.",
FALSE,wsok,releaseInfo.released.vgm.withAlbum,From {ALBUM} ({DATE}).,From {ALBUM} ({DATE}).,Từ {ALBUM} (lúc {DATE}).,
FALSE,wsok,releaseInfo.addedToWiki,Added to wiki {DATE}.,Added to wiki {DATE}.,Được thêm vào wiki lúc {DATE}.,
FALSE,wsok,releaseInfo.unofficialName,"""{NAME}"" is marked, on this wiki, as an unofficial name.","""{NAME}"" is marked, on this wiki, as an unofficial name.","""{NAME}"" được đánh dấu là tên không chính thức trên wiki này.",
FALSE,wsok,releaseInfo.unofficialLocalization,"""{NAME}"" is marked, on this wiki, as an unofficial localization.","""{NAME}"" is marked, on this wiki, as an unofficial localization.","""{NAME}"" được đánh dấu là bản dịch không chính thức trên wiki này.",
FALSE,wsok,releaseInfo.duration,Duration: {DURATION}.,Duration: {DURATION}.,Thời lượng: {DURATION}.,
FALSE,wsok,releaseInfo.contributors,Contributors:,Contributors:,Những người đóng góp:,
FALSE,wsok,releaseInfo.lyrics,Lyrics:,Lyrics:,Lời bài hát:,
FALSE,wsok,releaseInfo.lyrics.switcher,({ENTRIES}),({ENTRIES}),({ENTRIES}),
FALSE,wsok,releaseInfo.note,Notes:,Notes:,Chú thích:,
FALSE,wsok,releaseInfo.alsoReleased.alsoReleased,Also released,Also released,Cũng được phát hành,
FALSE,wsok,releaseInfo.alsoReleased.released,Released,Released,Được phát hành,
TRUE,wsok,releaseInfo.alsoReleased.included,Included,Included,Được thêm vào,
FALSE,wsok,releaseInfo.alsoReleased.onAlbums,{ALSO_RELEASED} on {ALBUMS}.,{ALSO_RELEASED} on {ALBUMS}.,{ALSO_RELEASED} trong {ALBUMS}.,
FALSE,wsok,releaseInfo.alsoReleased.asSingle,{ALSO_RELEASED} {SINGLE}.,{ALSO_RELEASED} {SINGLE}.,{ALSO_RELEASED} trong {SINGLE}.,
FALSE,wsok,releaseInfo.alsoReleased.onSingle,{ALSO_RELEASED} {SINGLE}.,{ALSO_RELEASED} {SINGLE}.,{ALSO_RELEASED} trong {SINGLE}.,
FALSE,wsok,releaseInfo.alsoReleased.onAlbums.asSingle,"{ALSO_RELEASED} on {ALBUMS}, and {SINGLE}.","{ALSO_RELEASED} on {ALBUMS}, and {SINGLE}.",{ALSO_RELEASED} trong {ALBUMS} và {SINGLE}.,
FALSE,wsok,releaseInfo.alsoReleased.onAlbums.onSingle,"{ALSO_RELEASED} on {ALBUMS}, and {SINGLE}.","{ALSO_RELEASED} on {ALBUMS}, and {SINGLE}.",{ALSO_RELEASED} trong {ALBUMS} và {SINGLE}.,
FALSE,wsok,releaseInfo.alsoReleased.asSingle.link,as a single,as a single,như một bản đơn,
FALSE,wsok,releaseInfo.alsoReleased.onSingle.link,on a single,on a single,trong một bản đơn,
TRUE,wsok,releaseInfo.alsoReleased.tooltip.differentName,as {NAME},as {NAME},dưới tên khác {NAME},
FALSE,wsok,releaseInfo.alsoReleased.tooltip.differentName.onSingle,{NAME},{NAME},{NAME},
FALSE,wsok,releaseInfo.tracksReferenced,Tracks that {TRACK} references:,Tracks that {TRACK} references:,Bài hát mà {TRACK} có liên hệ đến:,
FALSE,wsok,releaseInfo.tracksReferenced.withoutName,Tracks that this one references:,Tracks that this one references:,Bài hát mà nó có liên hệ đến:,
FALSE,wsok,releaseInfo.tracksReferenced.sticky,Tracks that this one references:,Tracks that this one references:,Bài hát mà nó có liên hệ đến:,
FALSE,wsok,releaseInfo.tracksSampled,Tracks that {TRACK} samples:,Tracks that {TRACK} samples:,Bài hát mà {TRACK} có trích từ nó:,
FALSE,wsok,releaseInfo.tracksSampled.withoutName,Tracks that this one samples:,Tracks that this one samples:,Bài hát mà bài hát này có trích từ:,
FALSE,wsok,releaseInfo.tracksSampled.sticky,Tracks that this one samples:,Tracks that this one samples:,Bài hát mà bài hát này có trích từ:,
FALSE,wsok,releaseInfo.tracksThatReference,Tracks that reference {TRACK}:,Tracks that reference {TRACK}:,Bài hát có liên hệ đến {TRACK}:,
FALSE,wsok,releaseInfo.tracksThatReference.withoutName,Tracks that reference this one:,Tracks that reference this one:,Bài hát có liên hệ đến bài hát này:,
FALSE,wsok,releaseInfo.tracksThatReference.sticky,Tracks that reference this one:,Tracks that reference this one:,Bài hát có liên hệ đến bài hát này:,
FALSE,wsok,releaseInfo.tracksThatReference.sticky.fromGroup,Tracks that reference this one — from {GROUP}:,Tracks that reference this one — from {GROUP}:,Bài hát có liên hệ đến bài hát này — trong {GROUP}:,
FALSE,wsok,releaseInfo.tracksThatReference.sticky.fromOther,Tracks that reference this one — from somewhere else:,Tracks that reference this one — from somewhere else:,Bài hát có liên hệ đến bài hát này — từ nơi khác:,
FALSE,wsok,releaseInfo.tracksThatSample,Tracks that sample {TRACK}:,Tracks that sample {TRACK}:,Bài hát có đoạn trích từ {TRACK}:,
FALSE,wsok,releaseInfo.tracksThatSample.withoutName,Tracks that sample this one:,Tracks that sample this one:,Bài hát có đoạn trích từ bài hát này:,
FALSE,wsok,releaseInfo.tracksThatSample.sticky,Tracks that sample this one:,Tracks that sample this one:,Bài hát có đoạn trích từ bài hát này:,
FALSE,wsok,releaseInfo.tracksThatSample.sticky.fromGroup,Tracks that sample this one — from {GROUP}:,Tracks that sample this one — from {GROUP}:,Bài hát có đoạn trích từ bài hát này — trong {GROUP}:,
FALSE,wsok,releaseInfo.tracksThatSample.sticky.fromOther,Tracks that sample this one — from somewhere else:,Tracks that sample this one — from somewhere else:,Bài hát có đoạn trích từ bài hát này — từ nơi khác:,
TRUE,wsok,releaseInfo.flashesThatFeature,Flashes that feature {TRACK}:,Flashes that feature {TRACK}:,Hoạt ảnh có chứa {TRACK}:,
FALSE,wsok,releaseInfo.flashesThatFeature.withoutName,Flashes that feature this track:,Flashes that feature this track:,Hoạt ảnh có chứa bài hát này:,
FALSE,wsok,releaseInfo.flashesThatFeature.sticky,Flashes that feature this track:,Flashes that feature this track:,Hoạt ảnh có chứa bài hát này:,
FALSE,wsok,releaseInfo.referencesArtworks,References {ARTWORKS}.,References {ARTWORKS}.,Có liên hệ đến {ARTWORKS}.,
FALSE,wsok,releaseInfo.referencedByArtworks,Referenced by {ARTWORKS}.,Referenced by {ARTWORKS}.,{ARTWORKS} liên hệ đến thứ này.,
FALSE,wsok,releaseInfo.tracksFeatured,Tracks that {FLASH} features:,Tracks that {FLASH} features:,Bài hát mà {FLASH} có chứa:,
FALSE,wsok,releaseInfo.viewCommentary,View {LINK}!,View {LINK}!,Xem tại {LINK}!,
FALSE,wsok,releaseInfo.viewCommentary.link,commentary page,commentary page,trang bình luận,
FALSE,wsok,releaseInfo.viewGallery,View {LINK}!,View {LINK}!,Xem tại {LINK}!,
FALSE,wsok,releaseInfo.viewGallery.link,gallery page,gallery page,trang ảnh,
FALSE,wsok,releaseInfo.viewGalleryOrCommentary,View {GALLERY} or {COMMENTARY}!,View {GALLERY} or {COMMENTARY}!,Xem {GALLERY} hoặc {COMMENTARY}!,
FALSE,wsok,releaseInfo.viewGalleryOrCommentary.gallery,gallery page,gallery page,trang ảnh,
FALSE,wsok,releaseInfo.viewGalleryOrCommentary.commentary,commentary page,commentary page,trang bình luận,
FALSE,wsok,releaseInfo.viewOriginalFile,View {LINK}.,View {LINK}.,Xem tại {LINK}.,
FALSE,wsok,releaseInfo.viewOriginalFile.withSize,View {LINK} ({SIZE}).,View {LINK} ({SIZE}).,Xem tại {LINK} ({SIZE}).,
FALSE,wsok,releaseInfo.viewOriginalFile.link,original file,original file,tệp gốc,
FALSE,wsok,releaseInfo.viewOriginalFile.sizeWarning,"(Heads up! If you're on a mobile plan, this is a large download.)","(Heads up! If you're on a mobile plan, this is a large download.)","(Chú ý rằng bản tải này có dung lượng lớn, đặc biệt khi bạn sử dụng dữ liệu di động)",
FALSE,wsok,releaseInfo.listenOn,Listen on {LINKS}.,Listen on {LINKS}.,Nghe tại {LINKS}.,
FALSE,wsok,releaseInfo.listenOn.title,Listen on:,Listen on:,Nghe tại:,
FALSE,wsok,releaseInfo.listenOn.noLinks,This wiki doesn't have any listening links for {TRACK}.,This wiki doesn't have any listening links for {TRACK}.,Trang wiki này không có liên kết nghe nào cho {TRACK}.,
FALSE,wsok,releaseInfo.listenOn.excludingLinks,This wiki is excluding listening links for {TRACK}.,This wiki is excluding listening links for {TRACK}.,Các liên kết nghe cho {TRACK} được lược bỏ trên trang này.,
FALSE,wsok,releaseInfo.listenOn.excludingLinks.notClearlyPublic,"This wiki is excluding listening links here, since it's not clear {TRACK} has been shared publicly.","This wiki is excluding listening links here, since it's not clear {TRACK} has been shared publicly.",Các liên kết nghe cho {TRACK} được lược bỏ trên trang wiki do chúng tôi không rõ liệu bài hát này có được chia sẻ công khai hay không.,
FALSE,wsok,releaseInfo.listenOn.excludingLinks.paidBonusTrack,"On {ALBUM}, the bonus track {TRACK} is only available with the album purchase, so this wiki is excluding listening links here.","On {ALBUM}, the bonus track {TRACK} is only available with the album purchase, so this wiki is excluding listening links here.","{TRACK} chỉ có sẵn khi mua trọn bộ album {ALBUM}, do đó trang wiki này không cung cấp các liên kết để nghe bài hát đó.",
FALSE,wsok,releaseInfo.visitOn,Visit on {LINKS}.,Visit on {LINKS}.,Xem tại {LINKS}.,
FALSE,wsok,releaseInfo.visitOn.title,Visit on:,Visit on:,Xem tại:,
FALSE,wsok,releaseInfo.playOn,Play on {LINKS}.,Play on {LINKS}.,Mở tại {LINKS}.,
FALSE,wsok,releaseInfo.playOn.title,Play on:,Play on:,Mở tại:,
FALSE,wsok,releaseInfo.watchOn,Watch on {LINKS}.,Watch on {LINKS}.,Xem tại {LINKS}.,
FALSE,wsok,releaseInfo.watchOn.title,Watch on:,Watch on:,Xem tại:,
FALSE,wsok,releaseInfo.readCommentary,Read {LINK}.,Read {LINK}.,Đọc tại {LINK}.,
FALSE,wsok,releaseInfo.readCommentary.link,artist commentary,artist commentary,chú thích của tác giả,
FALSE,wsok,releaseInfo.readCommentary.link.withWikiCommentary,artist and wiki commentary,artist and wiki commentary,chú thích của tác giả và người làm wiki,
FALSE,wsok,releaseInfo.readCommentary.link.onlyWikiCommentary,wiki commentary,wiki commentary,chú thích của người làm wiki,
FALSE,wsok,releaseInfo.readCreditingSources,Read {LINK}.,Read {LINK}.,Đọc tại {LINK}.,
TRUE,wsok,releaseInfo.readCreditingSources.link,crediting sources,crediting sources,nguồn ghi công,
FALSE,wsok,releaseInfo.readReferencingSources,Read {LINK}.,Read {LINK}.,Đọc tại {LINK}.,
FALSE,wsok,releaseInfo.readReferencingSources.link,referencing sources,referencing sources,nguồn liên hệ,
FALSE,wsok,releaseInfo.additionalFiles.entry,{TITLE},{TITLE},{TITLE},
FALSE,wsok,releaseInfo.additionalFiles.entry.withCredit,{TITLE} {CREDIT},{TITLE} {CREDIT},{TITLE} {CREDIT},
FALSE,wsok,releaseInfo.additionalFiles.entry.credit,by {ARTISTS},by {ARTISTS},bởi {ARTISTS},
FALSE,wsok,releaseInfo.additionalFiles.entry.noFilesAvailable,There are no files available or listed for this entry.,There are no files available or listed for this entry.,Không có tệp tin khả dụng hoặc được liệt kê cho mục này.,
FALSE,wsok,releaseInfo.additionalFiles.file,{FILE},{FILE},{FILE},
FALSE,wsok,releaseInfo.additionalFiles.file.withSize,{FILE} ({SIZE}),{FILE} ({SIZE}),{FILE} ({SIZE}),
FALSE,wsok,releaseInfo.miscellaneousAdditionalFiles.heading,View or download additional files:,View or download additional files:,Xem hoặc tải các tệp đi kèm:,
FALSE,wsok,releaseInfo.miscellaneousAdditionalFiles.entry.placeholderTitle,Additional file,Additional file,Tệp đi kèm,
FALSE,wsok,releaseInfo.miscellaneousAdditionalFiles.shortcut,View {LINK}.,View {LINK}.,Xem tại {LINK}.,
FALSE,wsok,releaseInfo.miscellaneousAdditionalFiles.shortcut.link,additional files,additional files,các tệp đi kèm,
FALSE,wsok,releaseInfo.sheetMusicFiles.heading,Print or download sheet music files:,Print or download sheet music files:,In hoặc tải xuống các tệp bản nhạc:,
FALSE,wsok,releaseInfo.sheetMusicFiles.entry.placeholderTitle,Sheet music,Sheet music,Bản nhạc,
FALSE,wsok,releaseInfo.sheetMusicFiles.shortcut,Download {LINK}.,Download {LINK}.,Tải tại {LINK}.,
FALSE,wsok,releaseInfo.sheetMusicFiles.shortcut.link,sheet music files,sheet music files,các tệp bản nhạc,
FALSE,wsok,releaseInfo.midiProjectFiles.heading,Download MIDI & project files:,Download MIDI & project files:,Tải các tệp MIDI và tệp dự án khác:,
FALSE,wsok,releaseInfo.midiProjectFiles.entry.placeholderTitle,MIDI or project file,MIDI or project file,tệp MIDI hoặc tệp dự án khác,
FALSE,wsok,releaseInfo.midiProjectFiles.shortcut,Download {LINK}.,Download {LINK}.,Tải tại {LINK}.,
FALSE,wsok,releaseInfo.midiProjectFiles.shortcut.link,MIDI & project files,MIDI & project files,các tệp MIDI hoặc/và tệp dự án khác,
FALSE,wsok,trackList.section,{SECTION}:,{SECTION}:,{SECTION}:,
FALSE,wsok,trackList.section.withDuration,{SECTION}: ({DURATION}),{SECTION}: ({DURATION}),{SECTION}: ({DURATION}),
FALSE,wsok,trackList.section.sticky,{SECTION}:,{SECTION}:,{SECTION}:,
FALSE,wsok,trackList.fromGroup,from {GROUP}:,from {GROUP}:,trong {GROUP}:,
FALSE,wsok,trackList.fromOther,from somewhere else:,from somewhere else:,từ nơi khác:,
FALSE,wsok,trackList.item,{TRACK},{TRACK},{TRACK},
FALSE,wsok,trackList.item.withAccent,{ACCENT} {TRACK},{ACCENT} {TRACK},{ACCENT} {TRACK},
FALSE,wsok,trackList.item.accent.withDate,({DATE}),({DATE}),({DATE}),
FALSE,wsok,trackList.item.accent.withDate.withDuration,({DURATION}; {DATE}),({DURATION}; {DATE}),({DURATION}; {DATE}),
FALSE,wsok,trackList.item.accent.withDuration,({DURATION}),({DURATION}),({DURATION}),
FALSE,wsok,trackList.item.accent.date,{DATE},{DATE},{DATE},
FALSE,wsok,trackList.item.accent.duration,{DURATION},{DURATION},{DURATION},
FALSE,wsok,trackList.item.accent.duration.missing,_:__,_:__,_:__,
FALSE,wsok,trackList.item.accent.duration.missing.info,no duration provided; treated as zero seconds long,no duration provided; treated as zero seconds long,không có thông tin về thời lượng; xem như dài 0 giây,
FALSE,wsok,trackList.item.withDetail,{TRACK} {DETAIL_ACCENT},{TRACK} {DETAIL_ACCENT},{TRACK} {DETAIL_ACCENT},
FALSE,wsok,trackList.item.withDetail.accent,({DETAIL}),({DETAIL}),({DETAIL}),
FALSE,wsok,trackList.item.withArtists,{TRACK} {ARTISTS},{TRACK} {ARTISTS},{TRACK} {ARTISTS},
FALSE,wsok,trackList.item.artists.by,by {ARTISTS},by {ARTISTS},bởi {ARTISTS},
FALSE,wsok,trackList.item.artists.featuring,feat. {ARTISTS},feat. {ARTISTS},với sự góp mặt của {ARTISTS},
FALSE,wsok,trackList.item.artists.by.featuring,by {ARTISTS} feat. {FEATURING},by {ARTISTS} feat. {FEATURING},bởi {ARTISTS} với sự góp mặt của {FEATURING},
FALSE,wsok,trackList.item.withAccent.withDetail,{ACCENT} {TRACK} {DETAIL_ACCENT},{ACCENT} {TRACK} {DETAIL_ACCENT},{ACCENT} {TRACK} {DETAIL_ACCENT},
FALSE,wsok,trackList.item.withAccent.withArtists,{ACCENT} {TRACK} {ARTISTS},{ACCENT} {TRACK} {ARTISTS},{ACCENT} {TRACK} {ARTISTS},
FALSE,wsok,trackList.item.withDetail.withArtists,{TRACK} {DETAIL_ACCENT} {ARTISTS},{TRACK} {DETAIL_ACCENT} {ARTISTS},{TRACK} {DETAIL_ACCENT} {ARTISTS},
FALSE,wsok,trackList.item.withAccent.withDetail.withArtists,{ACCENT} {TRACK} {DETAIL_ACCENT} {ARTISTS},{ACCENT} {TRACK} {DETAIL_ACCENT} {ARTISTS},{ACCENT} {TRACK} {DETAIL_ACCENT} {ARTISTS},
FALSE,wsok,trackList.item.rerelease,{TRACK} (rerelease),{TRACK} (rerelease),{TRACK} (bản tái phát hành),
FALSE,wsok,flashList.underSide,under {SIDE}:,under {SIDE}:,thuộc mục {SIDE}:,
FALSE,wsok,flashList.underOther,other flashes:,other flashes:,khác:,
FALSE,wsok,flashList.item,{FLASH},{FLASH},{FLASH},
TRUE,wsok,flashList.item.asDifferentRelease,{FLASH} (as {TRACK}),{FLASH} (as {TRACK}),{FLASH} (dưới tên khác {TRACK}),
FALSE,wsok,misc.additionalNames.title,Additional or alternate names:,Additional or alternate names:,Tên gọi khác hoặc tên thay thế:,
FALSE,wsok,misc.additionalNames.tooltip,Click to view additional or alternate names,Click to view additional or alternate names,Nhấn vào để xem các tên gọi khác:,
FALSE,wsok,misc.additionalNames.item,{NAME},{NAME},{NAME},
FALSE,wsok,misc.additionalNames.item.withAccent,{NAME} {ACCENT},{NAME} {ACCENT},{NAME} {ACCENT},
FALSE,wsok,misc.additionalNames.item.accent.withAnnotation,({ANNOTATION}),({ANNOTATION}),({ANNOTATION}),
FALSE,wsok,misc.alt.albumCover,album cover,album cover,ảnh bìa của album,
TRUE,wsok,misc.alt.albumBanner,album banner,album banner,ảnh biểu ngữ của album,
FALSE,wsok,misc.alt.trackCover,track cover,track cover,ảnh bìa của bài hát,
FALSE,wsok,misc.alt.artistAvatar,artist avatar,artist avatar,ảnh đại diện của tác giả,
FALSE,wsok,misc.alt.flashArt,flash art,flash art,ảnh cho hoạt ảnh,
FALSE,wsok,misc.artistCommentary,Artist commentary for {THING}:,Artist commentary for {THING}:,Chú thích của tác giả cho {THING}:,
FALSE,wsok,misc.artistCommentary.withoutName,Artist commentary:,Artist commentary:,Chú thích của tác giả:,
FALSE,wsok,misc.artistCommentary.sticky,Artist commentary:,Artist commentary:,Chú thích của tác giả:,
FALSE,wsok,misc.artistCommentary.withWikiCommentary,Artist and wiki commentary for {THING}:,Artist and wiki commentary for {THING}:,Chú thích của tác giả và người làm wiki cho {THING}:,
FALSE,wsok,misc.artistCommentary.withWikiCommentary.withoutName,Artist and wiki commentary:,Artist and wiki commentary:,Chú thích của tác giả và người làm wiki:,
FALSE,wsok,misc.artistCommentary.withWikiCommentary.sticky,Artist and wiki commentary:,Artist and wiki commentary:,Chú thích của tác giả và người làm wiki:,
FALSE,wsok,misc.artistCommentary.onlyWikiCommentary,Wiki commentary for {THING}:,Wiki commentary for {THING}:,Chú thích của người làm wiki cho {THING}:,
FALSE,wsok,misc.artistCommentary.onlyWikiCommentary.withoutName,Wiki commentary:,Wiki commentary:,Chú thích của người làm wiki:,
FALSE,wsok,misc.artistCommentary.onlyWikiCommentary.sticky,Wiki commentary:,Wiki commentary:,Chú thích của người làm wiki:,
FALSE,wsok,misc.artistCommentary.entry.title.withArtists,{ARTISTS} ✑,{ARTISTS} ✑,{ARTISTS} ✑,
FALSE,wsok,misc.artistCommentary.entry.title.withArtists.withAccent,{ARTISTS} ✑ {ACCENT},{ARTISTS} ✑ {ACCENT},{ARTISTS} ✑ {ACCENT},
FALSE,wsok,misc.artistCommentary.entry.title.withArtists.withAccent.wikiEditor,{ARTISTS}: {ACCENT},{ARTISTS}: {ACCENT},{ARTISTS}: {ACCENT},
FALSE,wsok,misc.artistCommentary.entry.title.accent.withAnnotation,{ANNOTATION},{ANNOTATION},{ANNOTATION},
FALSE,wsok,misc.artistCommentary.entry.title.withAnnotation,{ANNOTATION},{ANNOTATION},{ANNOTATION},
FALSE,wsok,misc.artistCommentary.entry.title.date,{DATE},{DATE},{DATE},
FALSE,wsok,misc.artistCommentary.entry.title.date.range,{DATE_RANGE},{DATE_RANGE},{DATE_RANGE},
FALSE,wsok,misc.artistCommentary.entry.title.date.accessed,accessed {DATE},accessed {DATE},truy cập lúc {DATE},
FALSE,wsok,misc.artistCommentary.entry.title.date.captured,captured {DATE},captured {DATE},chụp vào lúc {DATE},
FALSE,wsok,misc.artistCommentary.entry.title.date.around,around {DATE},around {DATE},khoảng {DATE},
FALSE,wsok,misc.artistCommentary.entry.title.date.around.range,around {DATE_RANGE},around {DATE_RANGE},trong đoạn {DATE_RANGE},
FALSE,wsok,misc.artistCommentary.entry.title.date.sometime.range,sometime {DATE_RANGE},sometime {DATE_RANGE},vào một thời điểm trong {DATE_RANGE},
FALSE,wsok,misc.artistCommentary.entry.title.date.throughout.range,throughout {DATE_RANGE},throughout {DATE_RANGE},trong suốt đoạn {DATE_RANGE},
FALSE,wsok,misc.artistCommentary.entry.title.date.sameDayAsAlbum,same date as this album,same date as this album,cùng ngày với album này,
FALSE,wsok,misc.artistCommentary.entry.title.date.sameDayAsSingle,same date as this single,same date as this single,cùng ngày với bản đơn này,
FALSE,wsok,misc.artistCommentary.entry.title.date.sameDayAsTrack,same date as this track,same date as this track,cùng ngày với bài hát này,
FALSE,wsok,misc.artistCommentary.entry.title.date.sameDayAsFlash,same date as this flash,same date as this flash,cùng ngày với hoạt ảnh này,
FALSE,wsok,misc.artistCommentary.entry.title.date.relativeTo,with respect to {THING} —,with respect to {THING} —,liên quan đến {THING} —,
FALSE,wsok,misc.artistCommentary.entry.title.date.relativeTo.album,this album,this album,album này,
FALSE,wsok,misc.artistCommentary.entry.title.date.relativeTo.single,this single,this single,bản đơn này,
FALSE,wsok,misc.artistCommentary.entry.title.date.relativeTo.track,this track,this track,bài hát này,
FALSE,wsok,misc.artistCommentary.entry.title.date.relativeTo.flash,this flash,this flash,hoạt ảnh này,
FALSE,wsok,misc.artistCommentary.info.fromMainRelease,"The following commentary is properly placed on this track's main release, {ALBUM}.","The following commentary is properly placed on this track's main release, {ALBUM}.","Phần bình luận sau đây nằm tại bản phát hành chính của bài hát này, {ALBUM}.",
FALSE,wsok,misc.artistCommentary.info.fromMainRelease.namedDifferently,"The following commentary is properly placed on this track's main release, {ALBUM}, where it's named {NAME}.","The following commentary is properly placed on this track's main release, {ALBUM}, where it's named {NAME}.","Phần bình luận sau đây nằm tại bản phát hành chính của bài hát này, {ALBUM}, trong đó bài hát có tên là {NAME}.",
FALSE,wsok,misc.artistCommentary.info.seeSpecificReleases,"For release-specific commentary, check out: {ALBUMS}.","For release-specific commentary, check out: {ALBUMS}.","Để xem bình luận trong bản phát hành cụ thể, hãy xem tại {ALBUMS}.",
FALSE,wsok,misc.artistCommentary.info.seeSpecificReleases.withMainCommentary,"For release-specific commentary, see also: {ALBUMS}.","For release-specific commentary, see also: {ALBUMS}.","Để xem bình luận trong bản phát hành cụ thể, hãy xem thêm tại {ALBUMS}.",
FALSE,wsok,misc.artistCredit.withNormalArtists,{NORMAL},{NORMAL},{NORMAL},
FALSE,wsok,misc.artistCredit.withFeaturingArtists,feat. {FEATURING},feat. {FEATURING},với sự góp mặt của {FEATURING},
FALSE,wsok,misc.artistCredit.withNormalArtists.withFeaturingArtists,{NORMAL} feat. {FEATURING},{NORMAL} feat. {FEATURING},{NORMAL} với sự góp mặt của {FEATURING},
FALSE,wsok,misc.artistLink,{ARTIST},{ARTIST},{ARTIST},
FALSE,wsok,misc.artistLink.withContribution,{ARTIST} ({CONTRIB}),{ARTIST} ({CONTRIB}),{ARTIST} ({CONTRIB}),
FALSE,wsok,misc.artistLink.withEditsForWiki,{ARTISTS} ({EDITS}),{ARTISTS} ({EDITS}),{ARTISTS} ({EDITS}),
FALSE,wsok,misc.artistLink.withEditsForWiki.edits,+ edits,+ edits,kèm các chỉnh sửa,
FALSE,wsok,misc.artistLink.withEditsForWiki.editsLine,Edits for wiki by {ARTISTS},Edits for wiki by {ARTISTS},Các chỉnh sửa cho wiki bởi {ARTISTS},
FALSE,wsok,misc.artistLink.noExternalLinkPlatformName,Other,Other,Khác,
FALSE,wsok,misc.artistLink.chronology.heading.artistReleases,Releases by {ARTIST}:,Releases by {ARTIST}:,Các phát hành bởi {ARTIST}:,
FALSE,wsok,misc.artistLink.chronology.heading.artistTracks,Tracks by {ARTIST}:,Tracks by {ARTIST}:,Các bài hát bởi {ARTIST}:,
FALSE,wsok,misc.artistLink.chronology.previous.symbol,←,←,←,
FALSE,wsok,misc.artistLink.chronology.previous.info,Previous by this artist,Previous by this artist,Trước đó bởi tác giả này,
FALSE,wsok,misc.artistLink.chronology.previous.info.withKind,Previous {KIND} by this artist,Previous {KIND} by this artist,{KIND} trước đó bởi tác giả này,
FALSE,wsok,misc.artistLink.chronology.next.symbol,→,→,→,
FALSE,wsok,misc.artistLink.chronology.next.info,Next by this artist,Next by this artist,Tiếp theo bởi tác giả này,
FALSE,wsok,misc.artistLink.chronology.next.info.withKind,Next {KIND} by this artist,Next {KIND} by this artist,{KIND} tiếp theo bởi tác giả này,
FALSE,wsok,misc.artistLink.chronology.kind.album,album,album,Album,"Some word in range F351:F364 is capitalized by first letter, because in the translation, {KIND} is in the first of the sentence."
FALSE,wsok,misc.artistLink.chronology.kind.bannerArt,banner art,banner art,Ảnh biểu ngữ,
FALSE,wsok,misc.artistLink.chronology.kind.coverArt,cover art,cover art,Ảnh bìa,
FALSE,wsok,misc.artistLink.chronology.kind.flash,flash,flash,Hoạt ảnh,
FALSE,wsok,misc.artistLink.chronology.kind.midiProjectFile,midi / project file,midi / project file,Tệp dự án / MIDI,
FALSE,wsok,misc.artistLink.chronology.kind.miscellaneousAdditionalFile,additional file,additional file,Tệp đi kèm,
FALSE,wsok,misc.artistLink.chronology.kind.musicVideo,music video,music video,Video âm nhạc,
FALSE,wsok,misc.artistLink.chronology.kind.musicVideoContribution,video contribution,video contribution,Đóng góp vào video,https://preview.hsmusic.wiki/track/back-to-the-jungle/
FALSE,wsok,misc.artistLink.chronology.kind.release,release,release,Phát hành,
FALSE,wsok,misc.artistLink.chronology.kind.sheetMusicFile,sheet music file,sheet music file,Tệp bản nhạc,
FALSE,wsok,misc.artistLink.chronology.kind.track,track,track,Bài hát,
FALSE,wsok,misc.artistLink.chronology.kind.trackArt,track art,track art,Ảnh cho bản nhạc,
FALSE,wsok,misc.artistLink.chronology.kind.trackContribution,track contribution,track contribution,Đóng góp vào bài hát,
FALSE,wsok,misc.artistLink.chronology.kind.wallpaperArt,wallpaper art,wallpaper art,Ảnh nền,
FALSE,wsok,misc.creditingSources,{CUE} for {THING}:,{CUE} for {THING}:,{CUE} cho {THING}:,
FALSE,wsok,misc.creditingSources.withoutName,{CUE}:,{CUE}:,{CUE}:,
FALSE,wsok,misc.creditingSources.collapsed,{CUE} for {THING}…,{CUE} for {THING}…,{CUE} cho {THING}…,
FALSE,wsok,misc.creditingSources.withoutName.collapsed,{CUE}…,{CUE}…,{CUE}…,
FALSE,wsok,misc.creditingSources.cue,Crediting sources,Crediting sources,Các nguồn ghi công:,
FALSE,wsok,misc.creditingSources.sticky,Crediting sources:,Crediting sources:,Các nguồn ghi công:,
FALSE,wsok,misc.downloadLayoutMedia.withWallpaper,Wiki files: {WALLPAPER},Wiki files: {WALLPAPER},Tệp wiki: {WALLPAPER},
FALSE,wsok,misc.downloadLayoutMedia.withBanner,Wiki files: {BANNER},Wiki files: {BANNER},Tệp wiki: {BANNER},
FALSE,wsok,misc.downloadLayoutMedia.withWallpaper.withBanner,"Wiki files: {WALLPAPER}, {BANNER}","Wiki files: {WALLPAPER}, {BANNER}","Tệp wiki: {WALLPAPER}, {BANNER}",
FALSE,wsok,misc.downloadLayoutMedia.withWallpaperParts,Wallpaper: {PARTS},Wallpaper: {PARTS},Ảnh nền: {PARTS},
FALSE,wsok,misc.downloadLayoutMedia.wallpaper,Wallpaper,Wallpaper,Ảnh nền,
FALSE,wsok,misc.downloadLayoutMedia.banner,Banner,Banner,Ảnh biểu ngữ,
TRUE,wsok,misc.external.external,External,External,Nguồn bên ngoài,"unused, see Discord
means ""some other website""
https://discord.com/channels/749042497610842152/819560346489716766/1522963878588321873"
FALSE,wsok,misc.external.withUnusualDomain,{PLATFORM} ({DOMAIN}),{PLATFORM} ({DOMAIN}),{PLATFORM} ({DOMAIN}),
FALSE,wsok,misc.external.withHandle,{PLATFORM} ({HANDLE}),{PLATFORM} ({HANDLE}),{PLATFORM} ({HANDLE}),
FALSE,wsok,misc.external.withAnnotation,{LINK} ({ANNOTATION}),{LINK} ({ANNOTATION}),{LINK} ({ANNOTATION}),
FALSE,wsok,misc.external.withAutomaticAndCustomAnnotations,"{LINK} ({AUTOMATIC}, {CUSTOM})","{LINK} ({AUTOMATIC}, {CUSTOM})","{LINK} ({AUTOMATIC}, {CUSTOM})",
FALSE,wsok,misc.external.opensInNewTab,{PLATFORM} (opens in new tab),{PLATFORM} (opens in new tab),{PLATFORM} (mở tại thẻ mới),
FALSE,wsok,misc.external.opensInNewTab.annotation,opens in new tab,opens in new tab,mở trong thẻ mới,
FALSE,wsok,misc.external.invalidURL,invalid URL,invalid URL,liên kết không hợp lệ,
FALSE,wsok,misc.external.invalidURL.annotation,invalid URL,invalid URL,liên kết không hợp lệ,
FALSE,wsok,misc.external.amazonMusic,Amazon Music,Amazon Music,Amazon Music,
FALSE,wsok,misc.external.appleMusic,Apple Music,Apple Music,Apple Music,
FALSE,wsok,misc.external.artstation,ArtStation,ArtStation,ArtStation,
FALSE,wsok,misc.external.bandcamp,Bandcamp,Bandcamp,Bandcamp,
FALSE,wsok,misc.external.bandcamp.artistRelease,Bandcamp (artist's release),Bandcamp (artist's release),Bandcamp (trang phát hành của riêng tác giả),
FALSE,wsok,misc.external.bandcamp.officialRelease,Bandcamp (official release),Bandcamp (official release),Bandcamp (trang phát hành chính thức),
FALSE,wsok,misc.external.bgreco,bgreco.net,bgreco.net,bgreco.net,
FALSE,wsok,misc.external.bgreco.flash,bgreco.net (high quality audio),bgreco.net (high quality audio),bgreco.net (âm thanh chất lượng cao),
FALSE,wsok,misc.external.bluesky,Bluesky,Bluesky,Bluesky,
FALSE,wsok,misc.external.carrd,Carrd,Carrd,Carrd,
FALSE,wsok,misc.external.cohost,Cohost,Cohost,Cohost,
FALSE,wsok,misc.external.deconreconstruction,Deconreconstruction,Deconreconstruction,Deconreconstruction,
FALSE,wsok,misc.external.deconreconstruction.music,MUSIC@DCRC,MUSIC@DCRC,MUSIC@DCRC,
FALSE,wsok,misc.external.deviantart,DeviantArt,DeviantArt,DeviantArt,
FALSE,wsok,misc.external.facebook,Facebook,Facebook,Facebook,
FALSE,wsok,misc.external.fandom,Fandom,Fandom,Fandom,
FALSE,wsok,misc.external.fandom.mspaintadventures,MSPA Wiki,MSPA Wiki,MSPA Wiki,
FALSE,wsok,misc.external.fandom.mspaintadventures.page,MSPA Wiki ({PAGE}),MSPA Wiki ({PAGE}),MSPA Wiki ({PAGE}),
FALSE,wsok,misc.external.gamebanana,GameBanana,GameBanana,GameBanana,
FALSE,wsok,misc.external.homestuck,Homestuck,Homestuck,Homestuck,
FALSE,wsok,misc.external.homestuck.page,Homestuck (page {PAGE}),Homestuck (page {PAGE}),Homestuck (trang {PAGE}),
FALSE,wsok,misc.external.homestuck.secretPage,Homestuck (secret page),Homestuck (secret page),Homestuck (trang ẩn),
FALSE,wsok,misc.external.hsmusic,HSMusic,HSMusic,HSMusic,
FALSE,wsok,misc.external.hsmusic.archive,HSMusic (wiki archive),HSMusic (wiki archive),HSMusic (kho lưu trữ wiki),
FALSE,wsok,misc.external.instagram,Instagram,Instagram,Instagram,
FALSE,wsok,misc.external.internetArchive,Internet Archive,Internet Archive,Internet Archive,
FALSE,wsok,misc.external.itch,itch.io,itch.io,itch.io,
FALSE,wsok,misc.external.kofi,Ko-fi,Ko-fi,Ko-fi,
FALSE,wsok,misc.external.linktree,Linktree,Linktree,Linktree,
FALSE,wsok,misc.external.mastodon,Mastodon,Mastodon,Mastodon,
FALSE,wsok,misc.external.mspfa,MSPFA,MSPFA,MSPFA,
FALSE,wsok,misc.external.neocities,Neocities,Neocities,Neocities,
FALSE,wsok,misc.external.newgrounds,Newgrounds,Newgrounds,Newgrounds,
FALSE,wsok,misc.external.nintendoMusic,Nintendo Music,Nintendo Music,Nintendo Music,
FALSE,wsok,misc.external.patreon,Patreon,Patreon,Patreon,
FALSE,wsok,misc.external.poetryFoundation,Poetry Foundation,Poetry Foundation,Quỹ Poetry (một quỹ về thơ ca),
FALSE,wsok,misc.external.reddit,Reddit,Reddit,Reddit,
FALSE,wsok,misc.external.reddit.subreddit,Reddit ({SUBREDDIT}),Reddit ({SUBREDDIT}),Reddit ({SUBREDDIT}),
FALSE,wsok,misc.external.soundcloud,SoundCloud,SoundCloud,SoundCloud,
FALSE,wsok,misc.external.spotify,Spotify,Spotify,Spotify,
FALSE,wsok,misc.external.steam,Steam,Steam,Steam,
FALSE,wsok,misc.external.tiktok,TikTok,TikTok,TikTok,
FALSE,wsok,misc.external.toyhouse,Toyhouse,Toyhouse,Toyhouse,
FALSE,wsok,misc.external.tumblr,Tumblr,Tumblr,Tumblr,
FALSE,wsok,misc.external.twitch,Twitch,Twitch,Twitch,
FALSE,wsok,misc.external.twitter,Twitter,Twitter,Twitter,
FALSE,wsok,misc.external.waybackMachine,Wayback Machine,Wayback Machine,Wayback Machine,
FALSE,wsok,misc.external.wikipedia,Wikipedia,Wikipedia,Wikipedia,
FALSE,wsok,misc.external.youtube,YouTube,YouTube,YouTube,
FALSE,wsok,misc.external.youtube.flash,YouTube (on any device),YouTube (on any device),YouTube (cho mọi thiết bị),
FALSE,wsok,misc.external.youtube.playlist,YouTube (playlist),YouTube (playlist),YouTube (danh sách phát),
FALSE,wsok,misc.external.youtube.fullAlbum,YouTube (full album),YouTube (full album),YouTube (toàn bộ album trong một video),
FALSE,wsok,misc.external.youtubeMusic,YouTube Music,YouTube Music,YouTube Music,
FALSE,wsok,misc.flashActWithTitle,{ACT}: {TITLE},{ACT}: {TITLE},{ACT}: {TITLE},
FALSE,wsok,misc.lyrics.source,Via {SOURCE},Via {SOURCE},Theo {SOURCE},
FALSE,wsok,misc.lyrics.contributors,Contributions from {CONTRIBUTORS},Contributions from {CONTRIBUTORS},Đóng góp từ {CONTRIBUTORS},
TRUE,wsok,misc.lyrics.squareBracketAnnotations,Mind parts marked in [square brackets],Mind parts marked in [square brackets],Các phần không rõ ràng được kẹp giữa hai dấu ngoặc vuông,https://preview.hsmusic.wiki/track/build-gate-swag-gate/
FALSE,wsok,misc.missingImage,(This image file is missing),(This image file is missing),(Không có tệp ảnh),
FALSE,wsok,misc.missingLinkContent,(Missing link content),(Missing link content),(Mất nội dung liên kết),
FALSE,wsok,misc.linkWithNameDetail.insideLink,{NAME} ({DETAIL}),{NAME} ({DETAIL}),{NAME} ({DETAIL}),
FALSE,wsok,misc.linkWithNameDetail.withAccent,{LINK} {ACCENT},{LINK} {ACCENT},{LINK} {ACCENT},
FALSE,wsok,misc.linkWithNameDetail.accent,({DETAIL}),({DETAIL}),({DETAIL}),
FALSE,wsok,misc.navAccent,({LINKS}),({LINKS}),({LINKS}),
FALSE,wsok,misc.quickDescription.readMore,Read more on {LINKS}.,Read more on {LINKS}.,Đọc thêm tại {LINKS}.,
FALSE,wsok,misc.quickDescription.moreInfo,({LINK}),({LINK}),({LINK}),
FALSE,wsok,misc.quickDescription.moreInfo.link,More info...,More info...,Thêm...,
FALSE,wsok,misc.quickDescription.expandDescription,({EXPAND}),({EXPAND}),({EXPAND}),
FALSE,wsok,misc.quickDescription.expandDescription.expand,Expand description...,Expand description...,Mở rộng...,
FALSE,wsok,misc.quickDescription.expandDescription.orReadMore,"({EXPAND}, or read more on {LINKS})","({EXPAND}, or read more on {LINKS})","({EXPAND}, hoặc đọc thêm tại {LINKS})",
FALSE,wsok,misc.quickDescription.expandDescription.orReadMore.expand,Expand description,Expand description,Mở rộng,
FALSE,wsok,misc.quickDescription.collapseDescription,({COLLAPSE}),({COLLAPSE}),({COLLAPSE}),
FALSE,wsok,misc.quickDescription.collapseDescription.collapse,Collapse description,Collapse description,Thu gọn...,
FALSE,wsok,misc.quickDescription.collapseDescription.orReadMore,"({COLLAPSE}, or read more on {LINKS})","({COLLAPSE}, or read more on {LINKS})","({COLLAPSE}, hoặc đọc thêm tại {LINKS})",
FALSE,wsok,misc.quickDescription.collapseDescription.orReadMore.collapse,Collapse description,Collapse description,Thu gọn,
FALSE,wsok,misc.nav.previous,Previous,Previous,Trước đó,
FALSE,wsok,misc.nav.next,Next,Next,Tiếp theo,
FALSE,wsok,misc.nav.info,Info,Info,Thông tin,
FALSE,wsok,misc.nav.gallery,Gallery,Gallery,Tập ảnh,
FALSE,wsok,misc.nav.rollingWindow,Rolling Window,Rolling Window,Chế độ phân đoạn,https://preview.hsmusic.wiki/artist/michael-guy-bowman/rolling-window/
FALSE,wsok,misc.pageTitle,{TITLE},{TITLE},{TITLE},
FALSE,wsok,misc.pageTitle.withDetail,{TITLE} ({DETAIL}),{TITLE} ({DETAIL}),{TITLE} ({DETAIL}),
FALSE,wsok,misc.pageTitle.withSubtitle,{TITLE} - {SUBTITLE},{TITLE} - {SUBTITLE},{TITLE} - {SUBTITLE},
FALSE,wsok,misc.pageTitle.withWikiName,{TITLE} | {WIKI_NAME},{TITLE} | {WIKI_NAME},{TITLE} | {WIKI_NAME},
FALSE,wsok,misc.pageTitle.withDetail.withSubtitle,{TITLE} ({DETAIL}) - {SUBTITLE},{TITLE} ({DETAIL}) - {SUBTITLE},{TITLE} ({DETAIL}) - {SUBTITLE},
FALSE,wsok,misc.pageTitle.withDetail.withWikiName,{TITLE} ({DETAIL}) | {WIKI_NAME},{TITLE} ({DETAIL}) | {WIKI_NAME},{TITLE} ({DETAIL}) | {WIKI_NAME},
FALSE,wsok,misc.pageTitle.withSubtitle.withWikiName,{TITLE} - {SUBTITLE} | {WIKI_NAME},{TITLE} - {SUBTITLE} | {WIKI_NAME},{TITLE} - {SUBTITLE} | {WIKI_NAME},
FALSE,wsok,misc.pageTitle.withDetail.withSubtitle.withWikiName,{TITLE} ({DETAIL}) - {SUBTITLE} | {WIKI_NAME},{TITLE} ({DETAIL}) - {SUBTITLE} | {WIKI_NAME},{TITLE} ({DETAIL}) - {SUBTITLE} | {WIKI_NAME},
FALSE,wsok,misc.pageHeading,{TITLE},{TITLE},{TITLE},
FALSE,wsok,misc.pageHeading.withDetail,{TITLE} {DETAIL_ACCENT},{TITLE} {DETAIL_ACCENT},{TITLE} {DETAIL_ACCENT},
FALSE,wsok,misc.pageHeading.withDetail.accent,({DETAIL}),({DETAIL}),({DETAIL}),
FALSE,wsok,misc.search.placeholder,Search for anything,Search for anything,Tìm kiếm...,
FALSE,wsok,misc.search.preparing,Preparing...,Preparing...,Chuẩn bị dữ liệu...,
FALSE,wsok,misc.search.loadingData,Loading data...,Loading data...,Đang tải...,
FALSE,wsok,misc.search.searching,Searching...,Searching...,Đang tìm kiếm,
FALSE,wsok,misc.search.failed,"There was an internal error, and your search couldn't be processed. Reloading this page and trying again may help. Sorry for the trouble!","There was an internal error, and your search couldn't be processed. Reloading this page and trying again may help. Sorry for the trouble!",Có lỗi xảy ra! Bạn có thể tải trang và thử lại.,
FALSE,wsok,misc.search.noResults,"No results for this query, sorry! Check spelling and use complete words.","No results for this query, sorry! Check spelling and use complete words.",Không có kết quả cho truy vấn này. Vui lòng kiểm tra chính tả hoặc/và viết các từ một cách đầy đủ; buồn lòng thì thôi.,
FALSE,wsok,misc.search.back,Return to: {PAGE},Return to: {PAGE},Về trang {PAGE},
FALSE,wsok,misc.search.currentResult,(you are here),(you are here),(bạn ở trang này),
FALSE,wsok,misc.search.endSearch,"(OK, I'm done searching now.)","(OK, I'm done searching now.)",Tắt tìm kiếm,
FALSE,wsok,misc.search.resultKind.album,(album),(album),(album),
FALSE,wsok,misc.search.resultKind.artTag,(art tag),(art tag),(thẻ ảnh),
FALSE,wsok,misc.search.resultKind.artist,(artist),(artist),(tác giả),
FALSE,wsok,misc.search.resultKind.flash,(flash),(flash),(hoạt ảnh),
FALSE,wsok,misc.search.resultKind.group,(group),(group),(nhóm),
FALSE,wsok,misc.search.resultKind.single,(single),(single),(bản đơn),
FALSE,wsok,misc.search.resultKind.vgmAlbum,(in-game vgm),(in-game vgm),(nhạc trong trò chơi),
FALSE,wsok,misc.search.resultDisambiguator.group,({CATEGORY}),({CATEGORY}),({CATEGORY}),
FALSE,wsok,misc.search.resultDisambiguator.flash,(in {ACT}),(in {ACT}),(trong {ACT}),
FALSE,wsok,misc.search.resultDisambiguator.track.album,(from {ALBUM}),(from {ALBUM}),(từ {ALBUM}),
FALSE,wsok,misc.search.resultDisambiguator.track.artists,(by {ARTISTS}),(by {ARTISTS}),(bởi {ARTISTS}),
FALSE,wsok,misc.search.resultFilter.album,Releases,Releases,Phát hành,
FALSE,wsok,misc.search.resultFilter.artTag,Art Tags,Art Tags,Thẻ ảnh,
FALSE,wsok,misc.search.resultFilter.artist,Artists,Artists,Tác giả,
FALSE,wsok,misc.search.resultFilter.flash,Flashes,Flashes,Hoạt ảnh,
FALSE,wsok,misc.search.resultFilter.group,Groups,Groups,Nhóm,
FALSE,wsok,misc.search.resultFilter.track,Tracks,Tracks,Bài hát,
FALSE,wsok,misc.referencingSources,{CUE} for {THING}:,{CUE} for {THING}:,{CUE} cho {THING}:,
FALSE,wsok,misc.referencingSources.withoutName,{CUE}:,{CUE}:,{CUE}:,
FALSE,wsok,misc.referencingSources.collapsed,{CUE} for {THING}…,{CUE} for {THING}…,{CUE} cho {THING}…,
FALSE,wsok,misc.referencingSources.withoutName.collapsed,{CUE}…,{CUE}…,{CUE}…,
FALSE,wsok,misc.referencingSources.cue,Referencing sources,Referencing sources,Các nguồn liên hệ:,
FALSE,wsok,misc.referencingSources.sticky,Referencing sources:,Referencing sources:,Các nguồn liên hệ:,
FALSE,wsok,misc.skippers.skipTo,Skip to:,Skip to:,Chuyển qua:,
TRUE,wsok,misc.skippers.content,Content,Content,Nội dung chính,
FALSE,wsok,misc.skippers.header,Header,Header,Đầu trang,
FALSE,wsok,misc.skippers.footer,Footer,Footer,Cuối trang,
FALSE,wsok,misc.skippers.sidebar,Sidebar,Sidebar,Thanh bên,
FALSE,wsok,misc.skippers.sidebar.left,Sidebar (left),Sidebar (left),Thanh bên trái,
FALSE,wsok,misc.skippers.sidebar.right,Sidebar (right),Sidebar (right),Thanh bên phải,
FALSE,wsok,misc.skippers.artistCommentary,Artist commentary,Artist commentary,Chú thích của tác giả,
FALSE,wsok,misc.skippers.creditingSources,Crediting sources,Crediting sources,nguồn ghi công,
FALSE,wsok,misc.skippers.tracks,Tracks,Tracks,Bài hát,
FALSE,wsok,misc.skippers.artworks,Artworks,Artworks,Ảnh,
FALSE,wsok,misc.skippers.flashes,Flashes,Flashes,Hoạt ảnh],
FALSE,wsok,misc.skippers.commentary,Commentary,Commentary,Chú thích,
FALSE,wsok,misc.skippers.contributors,Contributors,Contributors,Người đóng góp,
FALSE,wsok,misc.skippers.references,References...,References...,Có liên hệ đến...,
FALSE,wsok,misc.skippers.referencedBy,Referenced by...,Referenced by...,Được liên hệ bởi...,
FALSE,wsok,misc.skippers.samples,Samples...,Samples...,Có trích từ...,
FALSE,wsok,misc.skippers.sampledBy,Sampled by...,Sampled by...,Được trích từ...,
FALSE,wsok,misc.skippers.features,Features...,Features...,Xuất hiện trong...,"Corresponds to ""Tracks that {FLASH} features:"" on flash pages"
FALSE,wsok,misc.skippers.featuredIn,Featured in...,Featured in...,Được xuất hiện trong...,
FALSE,wsok,misc.skippers.referencingSources,Referencing sources,Referencing sources,Nguồn liên hệ,
FALSE,wsok,misc.skippers.lyrics,Lyrics,Lyrics,Lời bài hát,
FALSE,wsok,misc.skippers.sheetMusicFiles,Sheet music files,Sheet music files,Tệp bản nhạc,
FALSE,wsok,misc.skippers.midiProjectFiles,MIDI/project files,MIDI/project files,Tệp MIDI và các tệp dự án khác,
FALSE,wsok,misc.skippers.additionalFiles,Additional files,Additional files,Tệp đi kèm,
FALSE,wsok,misc.socialEmbed.heading,{WIKI_NAME} | {HEADING},{WIKI_NAME} | {HEADING},{WIKI_NAME} | {HEADING},
FALSE,wsok,misc.jumpTo,Jump to:,Jump to:,Chuyển qua:,
FALSE,wsok,misc.jumpTo.withLinks,Jump to: {LINKS}.,Jump to: {LINKS}.,Chuyển qua: {LINKS}.,
FALSE,wsok,misc.contentWarnings.warnings,{WARNINGS},{WARNINGS},{WARNINGS},
FALSE,wsok,misc.contentWarnings.reveal,click to show,click to show,nhấn để xem,
FALSE,wsok,misc.coverArtwork.artworkBy,Artwork by {ARTISTS},Artwork by {ARTISTS},Ảnh bởi {ARTISTS},
FALSE,wsok,misc.coverArtwork.artworkBy.customLabel,{LABEL} by {ARTISTS},{LABEL} by {ARTISTS},{LABEL} bởi {ARTISTS},
TRUE,wsok,misc.coverArtwork.artworkBy.withYear,Artwork ({YEAR}) by {ARTISTS},Artwork ({YEAR}) by {ARTISTS},Ảnh ({YEAR}) bởi {ARTISTS} ,"https://preview.hsmusic.wiki/track/pink-cat/ (scroll down to ""Redraw (2014)"")"
TRUE,wsok,misc.coverArtwork.artworkBy.customLabel.withYear,{LABEL} ({YEAR}) by {ARTISTS},{LABEL} ({YEAR}) by {ARTISTS},{LABEL} ({YEAR}) bởi {ARTISTS} ,
TRUE,wsok,misc.coverArtwork.source,Via {SOURCE},Via {SOURCE},Từ {SOURCE},
TRUE,wsok,misc.coverArtwork.source.customLabel,{LABEL} via {SOURCE},{LABEL} via {SOURCE},{LABEL} từ {SOURCE},
TRUE,wsok,misc.coverArtwork.source.withYear,Via {SOURCE} ({YEAR}),Via {SOURCE} ({YEAR}),từ {SOURCE} ({YEAR}),
TRUE,wsok,misc.coverArtwork.source.customLabel.withYear,{LABEL} ({YEAR}) via {SOURCE},{LABEL} ({YEAR}) via {SOURCE},{LABEL} ({YEAR}) từ {SOURCE},
TRUE,wsok,misc.coverArtwork.customLabel,{LABEL},{LABEL},{LABEL},
TRUE,wsok,misc.coverArtwork.customLabel.withYear,{LABEL} ({YEAR}),{LABEL} ({YEAR}),{LABEL} ({YEAR}),
FALSE,wsok,misc.coverArtwork.year,Released {YEAR},Released {YEAR},Phát hành vào năm {YEAR},
FALSE,wsok,misc.coverArtwork.trackArtFromAlbum,Album cover for {ALBUM},Album cover for {ALBUM},Bìa album cho {ALBUM},
FALSE,wsok,misc.coverArtwork.sameTagsAsMainArtwork,Same tags as main artwork,Same tags as main artwork,Cùng thẻ như ảnh chính,
FALSE,wsok,misc.musicVideo.label,Music video!,Music video!,Video âm nhạc,
FALSE,wsok,misc.musicVideo.label.customLabel,{LABEL}!,{LABEL}!,{LABEL},
FALSE,wsok,misc.musicVideo.label.customLabel.title,{TITLE},{TITLE},{TITLE},
FALSE,wsok,misc.musicVideo.watchOn,Watch on: {LINKS},Watch on: {LINKS},Xem tại: {LINKS},
FALSE,wsok,misc.musicVideo.artistsLine,Music video {CREDIT},Music video {CREDIT},Video âm nhạc {CREDIT},
FALSE,wsok,misc.musicVideo.artistsLine.customLabel,{LABEL} {CREDIT},{LABEL} {CREDIT},{LABEL} {CREDIT},
FALSE,wsok,misc.musicVideo.artistsLine.credit,by {ARTISTS},by {ARTISTS},bởi {ARTISTS},
FALSE,wsok,misc.musicVideo.artistsLine.noLabel,By {ARTISTS},By {ARTISTS},Bởi {ARTISTS},
FALSE,wsok,misc.musicVideo.date,Released {DATE},Released {DATE},Phát hành lúc {DATE},
FALSE,wsok,misc.musicVideo.date.sameDayAsTrack,Released alongside this track,Released alongside this track,Được phát hành cùng với bài hát này,
FALSE,wsok,misc.musicVideo.date.sameDayAsAlbum,Released alongside this album,Released alongside this album,Được phát hành cùng với album này,
FALSE,wsok,misc.musicVideo.date.sameDayAsSingle,Released alongside this single,Released alongside this single,Được phát hành cùng với bản đơn này,
FALSE,wsok,misc.musicVideo.contributorsLine,Contributors: {CREDIT},Contributors: {CREDIT},Người đóng góp: {CREDIT},
FALSE,wsok,misc.musicVideo.contributorsLine.credit,{ARTISTS},{ARTISTS},{ARTISTS},
FALSE,wsok,misc.musicVideo.contributorsList.title,Contributors:,Contributors:,Người đóng góp: ,
FALSE,wsok,misc.coverGrid.revealAll.reveal,Reveal all artworks,Reveal all artworks,Hiển thị tất cả ảnh,
FALSE,wsok,misc.coverGrid.revealAll.conceal,Conceal all artworks,Conceal all artworks,Ẩn tất cả ảnh,
FALSE,wsok,misc.coverGrid.revealAll.warnings,In this gallery: {WARNINGS},In this gallery: {WARNINGS},Trong tập ảnh này: {WARNINGS},
FALSE,wsok,misc.coverGrid.expandCollapseCue,({CUE}),({CUE}),({CUE}),
FALSE,wsok,misc.coverGrid.expand,Show the rest!,Show the rest!,Hiển thị tất cả còn lại,
FALSE,wsok,misc.coverGrid.collapse,Collapse these,Collapse these,Ẩn tất cả,
FALSE,wsok,misc.coverGrid.noCoverArt,{ALBUM},{ALBUM},{ALBUM},
FALSE,wsok,misc.coverGrid.tab.groups,{GROUPS},{GROUPS},{GROUPS},
FALSE,wsok,misc.coverGrid.tab.artists,{ARTISTS},{ARTISTS},{ARTISTS},
FALSE,wsok,misc.coverGrid.tab.artists.featuring,{ARTISTS} feat. {FEATURING},{ARTISTS} feat. {FEATURING},{ARTISTS} với sự góp mặt của {FEATURING},
FALSE,wsok,misc.coverGrid.details.notFromThisGroup,{NAME}{MARKER},{NAME}{MARKER},{NAME}{MARKER},
FALSE,wsok,misc.coverGrid.details.notFromThisGroup.marker,*,*,*,
FALSE,wsok,misc.coverGrid.details.accent,({DETAILS}),({DETAILS}),({DETAILS}),
FALSE,wsok,misc.coverGrid.details.albumLength,"{TRACKS}, {TIME}","{TRACKS}, {TIME}","{TRACKS}, {TIME}",
FALSE,wsok,misc.coverGrid.details.albumLength.single,"single, {TIME}","single, {TIME}","bản đơn, {TIME}",
FALSE,wsok,misc.coverGrid.details.albumLength.single.withMultipleTracks,"single, {TRACKS}, {TIME}+","single, {TRACKS}, {TIME}+","bản đơn, {TRACKS}, {TIME}+",
FALSE,wsok,misc.coverGrid.details.albumLength.tracksOnly,{TRACKS},{TRACKS},{TRACKS},
FALSE,wsok,misc.coverGrid.details.coverArtists,Artwork by {ARTISTS},Artwork by {ARTISTS},Ảnh bởi {ARTISTS},
FALSE,wsok,misc.coverGrid.details.coverArtists.customLabel,{LABEL} by {ARTISTS},{LABEL} by {ARTISTS},{LABEL} bởi {ARTISTS},
FALSE,wsok,misc.coverGrid.details.otherCoverArtists,With {ARTISTS},With {ARTISTS},Cùng với {ARTISTS},
FALSE,wsok,misc.albumGalleryGrid.noCoverArt,{NAME},{NAME},{NAME},
FALSE,wsok,misc.uiLanguage,UI Language: {LANGUAGES},UI Language: {LANGUAGES},Ngôn ngữ: {LANGUAGES},
FALSE,wsok,homepage.title,{TITLE},{TITLE},{TITLE},
FALSE,wsok,homepage.news.title,News,News,Tin tức,
FALSE,wsok,homepage.news.entry.viewRest,(View rest of entry!),(View rest of entry!),(xem thêm...),
FALSE,wsok,albumSidebar.trackList.item,{TRACK},{TRACK},{TRACK},
FALSE,wsok,albumSidebar.trackList.item.withDetail,{TRACK} {DETAIL_ACCENT},{TRACK} {DETAIL_ACCENT},{TRACK} {DETAIL_ACCENT},
FALSE,wsok,albumSidebar.trackList.item.withDetail.accent,({DETAIL}),({DETAIL}),({DETAIL}),
FALSE,wsok,albumSidebar.trackList.fallbackSectionName,Track list,Track list,Danh sách bài hát,
FALSE,wsok,albumSidebar.trackList.group,{GROUP},{GROUP},{GROUP},
FALSE,wsok,albumSidebar.trackList.group.withRange,{GROUP} {RANGE_PART},{GROUP} {RANGE_PART},{GROUP} {RANGE_PART},
FALSE,wsok,albumSidebar.trackList.group.withRange.rangePart,({RANGE}),({RANGE}),({RANGE}),
FALSE,wsok,albumSidebar.groupBox.title,{GROUP},{GROUP},{GROUP},
FALSE,wsok,albumSidebar.groupBox.next,Next: {ALBUM},Next: {ALBUM},Tiếp theo: {ALBUM},
FALSE,wsok,albumSidebar.groupBox.previous,Previous: {ALBUM},Previous: {ALBUM},Trước đó: {ALBUM},
FALSE,wsok,albumSidebar.releaseBox.title,{ALBUM},{ALBUM},{ALBUM},
FALSE,wsok,albumSecondaryNav.group,{GROUP},{GROUP},{GROUP},
FALSE,wsok,albumSecondaryNav.group.withPreviousNext,{GROUP} ({PREVIOUS_NEXT}),{GROUP} ({PREVIOUS_NEXT}),{GROUP} ({PREVIOUS_NEXT}),
FALSE,wsok,albumSecondaryNav.series,{SERIES},{SERIES},{SERIES},
FALSE,wsok,albumSecondaryNav.series.withPreviousNext,{SERIES} ({PREVIOUS_NEXT}),{SERIES} ({PREVIOUS_NEXT}),{SERIES} ({PREVIOUS_NEXT}),
FALSE,wsok,albumPage.title,{ALBUM},{ALBUM},{ALBUM},
FALSE,wsok,albumPage.nav.album,{ALBUM},{ALBUM},{ALBUM},
FALSE,wsok,albumPage.nav.backToAlbum,Return to album page,Return to album page,Về trang của album,
FALSE,wsok,albumPage.nav.albumAccent.withNameDetail,{NAME_DETAIL},{NAME_DETAIL},{NAME_DETAIL},
FALSE,wsok,albumPage.nav.albumAccent.withType,{TYPE},{TYPE},{TYPE},
FALSE,wsok,albumPage.nav.albumAccent.withNameDetail.withType,{TYPE}: {NAME_DETAIL},{TYPE}: {NAME_DETAIL},{TYPE}: {NAME_DETAIL},
FALSE,wsok,albumPage.nav.albumAccent.type.single,single,single,bản đơn,
FALSE,wsok,albumPage.nav.albumAccent.type.vgm,in-game vgm,in-game vgm,nhạc trong trò chơi,
FALSE,wsok,albumPage.nav.albumAccent.withLinks,{ACCENT} - {LINKS},{ACCENT} - {LINKS},{ACCENT} - {LINKS},
FALSE,wsok,albumPage.nav.randomTrack,Random Track,Random Track,Chọn ngẫu nhiên một bài hát,
FALSE,wsok,albumPage.nav.gallery,Gallery,Gallery,Tập ảnh,
FALSE,wsok,albumPage.nav.commentary,Commentary,Commentary,Chú thích,
FALSE,wsok,albumPage.socialEmbed.heading,{GROUP},{GROUP},{GROUP},
FALSE,wsok,albumPage.socialEmbed.title,{ALBUM},{ALBUM},{ALBUM},
FALSE,wsok,albumPage.socialEmbed.body.withDuration,{DURATION}.,{DURATION}.,{DURATION}.,
FALSE,wsok,albumPage.socialEmbed.body.withTracks,{TRACKS}.,{TRACKS}.,{TRACKS}.,
FALSE,wsok,albumPage.socialEmbed.body.withDateReleased,Released {DATE}.,Released {DATE}.,Phát hành lúc {DATE}.,
FALSE,wsok,albumPage.socialEmbed.body.withDatePosted,Posted {DATE}.,Posted {DATE}.,Được đăng lúc {DATE}.,
FALSE,wsok,albumPage.socialEmbed.body.withDuration.withTracks,"{DURATION}, {TRACKS}.","{DURATION}, {TRACKS}.","{DURATION}, {TRACKS}.",
FALSE,wsok,albumPage.socialEmbed.body.withDuration.withDateReleased,{DURATION}. Released {DATE}.,{DURATION}. Released {DATE}.,{DURATION}. Phát hành lúc {DATE}.,
FALSE,wsok,albumPage.socialEmbed.body.withDuration.withDatePosted,{DURATION}. Posted {DATE}.,{DURATION}. Posted {DATE}.,{DURATION}. Được đăng lúc {DATE}.,
FALSE,wsok,albumPage.socialEmbed.body.withTracks.withDateReleased,{TRACKS}. Released {DATE}.,{TRACKS}. Released {DATE}.,{TRACKS}. Phát hành lúc {DATE}.,
FALSE,wsok,albumPage.socialEmbed.body.withTracks.withDatePosted,{DURATION}. Posted {DATE}.,{DURATION}. Posted {DATE}.,{DURATION}. Được đăng lúc {DATE}.,
FALSE,wsok,albumPage.socialEmbed.body.withDuration.withTracks.withDateReleased,"{DURATION}, {TRACKS}. Released {DATE}.","{DURATION}, {TRACKS}. Released {DATE}.","{DURATION}, {TRACKS}. Phát hành lúc {DATE}.",
FALSE,wsok,albumPage.socialEmbed.body.withDuration.withTracks.withDatePosted,"{DURATION}, {TRACKS}. Posted {DATE}.","{DURATION}, {TRACKS}. Posted {DATE}.","{DURATION}, {TRACKS}. Được đăng lúc {DATE}.",
FALSE,wsok,albumGalleryPage.title,{ALBUM} - Gallery,{ALBUM} - Gallery,{ALBUM} - Tập ảnh,
FALSE,wsok,albumGalleryPage.statsLine,{TRACKS} totaling {DURATION}.,{TRACKS} totaling {DURATION}.,{TRACKS} với tổng thời lượng {DURATION}.,
FALSE,wsok,albumGalleryPage.statsLine.withDateReleased,{TRACKS} totaling {DURATION}. Released {DATE}.,{TRACKS} totaling {DURATION}. Released {DATE}.,{TRACKS} với tổng thời lượng {DURATION}. Phát hành lúc {DATE}.,
FALSE,wsok,albumGalleryPage.statsLine.withDatePosted,{TRACKS} totaling {DURATION}. Posted {DATE}.,{TRACKS} totaling {DURATION}. Posted {DATE}.,{TRACKS} với tổng thời lượng {DURATION}. Được đăng lúc {DATE}.,
FALSE,wsok,albumGalleryPage.statsLine.withDateReleased.noDuration,Released {DATE}.,Released {DATE}.,Phát hành lúc {DATE}.,
FALSE,wsok,albumGalleryPage.statsLine.withDatePosted.noDuration,Posted {DATE}.,Posted {DATE}.,Được đăng lúc {DATE}.,
FALSE,wsok,albumGalleryPage.coverArtistsLine,All track artwork by {ARTISTS}.,All track artwork by {ARTISTS}.,Tất cả các ảnh cho các bài hát bởi {ARTISTS}.,
FALSE,wsok,albumGalleryPage.noTrackArtworksLine,This album doesn't have any track artwork.,This album doesn't have any track artwork.,Album này không có ảnh đi kèm.,
FALSE,wsok,albumGalleryPage.setSwitcher,({SETS}),({SETS}),({SETS}),
FALSE,wsok,albumGalleryPage.setSwitcher.unlabeledSet,Main album art,Main album art,Ảnh bìa album chính,
FALSE,wsok,albumCommentaryPage.title,{ALBUM} - Commentary,{ALBUM} - Commentary,{ALBUM} - Chú thích/bình luận,
FALSE,wsok,albumCommentaryPage.nav.album,Album: {ALBUM},Album: {ALBUM},Album: {ALBUM},
FALSE,wsok,albumCommentaryPage.sidebar.noTrackCommentary,No track commentary.,No track commentary.,Không có bình luận nào.,
FALSE,wsok,albumCommentaryPage.sidebar.noCommentary,No album or track commentary.,No album or track commentary.,Không có bình luận nào về album hoặc bài hát.,
FALSE,wsok,albumCommentaryPage.infoLine,{WORDS} across {ENTRIES}.,{WORDS} across {ENTRIES}.,"{WORDS}, trải khắp {ENTRIES}.",
FALSE,wsok,albumCommentaryPage.infoLine.withoutCommentary,This album does not have any commentary.,This album does not have any commentary.,Album này không có chú thích đi kèm.,
FALSE,wsok,albumCommentaryPage.entry.title.albumCommentary,{ALBUM},{ALBUM},{ALBUM},
FALSE,wsok,albumCommentaryPage.entry.title.albumCommentary.sticky,{ALBUM} (album commentary),{ALBUM} (album commentary),{ALBUM} (chú thích album),
FALSE,wsok,albumCommentaryPage.entry.title.albumCommentary.accent,Listen on: {LISTENING_LINKS},Listen on: {LISTENING_LINKS},Nghe tại: {LISTENING_LINKS},
FALSE,wsok,albumCommentaryPage.entry.title.trackCommentary,{TRACK},{TRACK},{TRACK},
FALSE,wsok,albumCommentaryPage.entry.title.trackCommentary.accent,Listen on: {LISTENING_LINKS},Listen on: {LISTENING_LINKS},Nghe tại: {LISTENING_LINKS},
FALSE,wsok,artistPage.title,{ARTIST},{ARTIST},{ARTIST},
FALSE,wsok,artistPage.nav.artist,Artist: {ARTIST},Artist: {ARTIST},Tác giả: {ARTIST},
FALSE,wsok,artistPage.closelyLinkedGroups.one,This artist has a group page: {GROUP}.,This artist has a group page: {GROUP}.,Tác giả này có một trang nhóm riêng: {GROUP}.,
FALSE,wsok,artistPage.closelyLinkedGroups.multiple,This artist has group pages: {GROUPS}.,This artist has group pages: {GROUPS}.,"Tác giả này có các trang nhóm, tại: {GROUPS}.",
FALSE,wsok,artistPage.closelyLinkedGroups.group,{GROUP},{GROUP},{GROUP},
FALSE,wsok,artistPage.closelyLinkedGroups.group.withAnnotation,{GROUP} ({ANNOTATION}),{GROUP} ({ANNOTATION}),{GROUP} ({ANNOTATION}),
FALSE,wsok,artistPage.closelyLinkedGroups.alias,This artist is an alias of {GROUPS}.,This artist is an alias of {GROUPS}.,Tác giả này là nghệ danh của {GROUPS}.,
FALSE,wsok,artistPage.creditList.album,{ALBUM},{ALBUM},{ALBUM},
FALSE,wsok,artistPage.creditList.album.withCredit,{ALBUM} {CREDIT},{ALBUM} {CREDIT},{ALBUM} {CREDIT},
FALSE,wsok,artistPage.creditList.album.credit.by,by {ARTISTS},by {ARTISTS},bởi {ARTISTS},
FALSE,wsok,artistPage.creditList.album.withDate,{ALBUM} ({DATE}),{ALBUM} ({DATE}),{ALBUM} ({DATE}),
FALSE,wsok,artistPage.creditList.album.withDuration,{ALBUM} ({DURATION}),{ALBUM} ({DURATION}),{ALBUM} ({DURATION}),
FALSE,wsok.,artistPage.creditList.album.withDateRange,{ALBUM} (tracks {DATE_RANGE}),{ALBUM} (tracks {DATE_RANGE}),{ALBUM} (trong {DATE_RANGE}),
FALSE,wsok,artistPage.creditList.album.withDate.withDuration,{ALBUM} ({DATE}; {DURATION}),{ALBUM} ({DATE}; {DURATION}),{ALBUM} ({DATE}; {DURATION}),
FALSE,wsok.,artistPage.creditList.album.withDateRange.withDuration,{ALBUM} (tracks {DATE_RANGE}; {DURATION}),{ALBUM} (tracks {DATE_RANGE}; {DURATION}),{ALBUM} (trong {DATE_RANGE}; {DURATION}),
FALSE,wsok,artistPage.creditList.flashAct,{ACT},{ACT},{ACT},
FALSE,wsok,artistPage.creditList.flashAct.withDate,{ACT} ({DATE}),{ACT} ({DATE}),{ACT} ({DATE}),
FALSE,wsok,artistPage.creditList.flashAct.withDateRange,{ACT} ({DATE_RANGE}),{ACT} ({DATE_RANGE}),{ACT} ({DATE_RANGE}),
FALSE,wsok,artistPage.creditList.entry.withAnnotation,{ENTRY} — {ANNOTATION},{ENTRY} — {ANNOTATION},{ENTRY} — {ANNOTATION},
FALSE,wsok,artistPage.creditList.entry.withCitation,{ENTRY} ({CITATION}),{ENTRY} ({CITATION}),{ENTRY} ({CITATION}),
FALSE,wsok,artistPage.creditList.entry.citation,{CITATION},{CITATION},{CITATION},
FALSE,wsok,artistPage.creditList.entry.citation.quoted,quoted: {CITATION},quoted: {CITATION},trích dẫn từ: {CITATION},
FALSE,wsok,artistPage.creditList.entry.quoted,quoted,quoted,trích dẫn,
FALSE,wsok,artistPage.creditList.entry.rerelease,{ENTRY} ({RERELEASE}),{ENTRY} ({RERELEASE}),{ENTRY} ({RERELEASE}),
FALSE,wsok,artistPage.creditList.entry.rerelease.withAnnotation,{ENTRY} ({RERELEASE}) — {ANNOTATION},{ENTRY} ({RERELEASE}) — {ANNOTATION},{ENTRY} ({RERELEASE}) — {ANNOTATION},
FALSE,wsok,artistPage.creditList.entry.rerelease.term,rerelease,rerelease,tái phát hành,
FALSE,wsok,artistPage.creditList.entry.rerelease.firstRelease,First released on {ALBUM},First released on {ALBUM},Phát hành lần đầu tại {ALBUM},
FALSE,wsok,artistPage.creditList.entry.rerelease.notCreditedOnFirstRelease,{ARTIST} isn't credited on this track's first release.,{ARTIST} isn't credited on this track's first release.,{ARTIST} không được ghi tên trong lần phát hành đầu tiên của bài hát này.,
FALSE,wsok,artistPage.creditList.entry.firstRelease,{ENTRY} ({FIRST_RELEASE}),{ENTRY} ({FIRST_RELEASE}),{ENTRY} ({FIRST_RELEASE}),
FALSE,wsok,artistPage.creditList.entry.firstRelease.withAnnotation,{ENTRY} ({FIRST_RELEASE}) — {ANNOTATION},{ENTRY} ({FIRST_RELEASE}) — {ANNOTATION},{ENTRY} ({FIRST_RELEASE}) — {ANNOTATION},
FALSE,wsok,artistPage.creditList.entry.firstRelease.term,first release,first release,phát hành lần đầu tại đây,
FALSE,wsok,artistPage.creditList.entry.firstRelease.rerelease,Also released on {ALBUM},Also released on {ALBUM},Cũng được phát hành tại {ALBUM},
FALSE,wsok,artistPage.creditList.entry.track,{TRACK},{TRACK},{TRACK},
FALSE,wsok,artistPage.creditList.entry.track.musicVideo,{TRACK},{TRACK},{TRACK},
FALSE,wsok,artistPage.creditList.entry.track.musicVideo.withLinks,{TRACK}: {LINKS},{TRACK}: {LINKS},{TRACK}: {LINKS},
FALSE,wsok,artistPage.creditList.entry.track.musicVideo.withTitle,{TRACK} — {TITLE},{TRACK} — {TITLE},{TRACK} — {TITLE},
FALSE,wsok,artistPage.creditList.entry.track.musicVideo.withTitle.withLinks,{TRACK} — {TITLE}: {LINKS},{TRACK} — {TITLE}: {LINKS},{TRACK} — {TITLE}: {LINKS},
FALSE,wsok,artistPage.creditList.entry.track.musicVideo.withLabel,{TRACK} — {LABEL},{TRACK} — {LABEL},{TRACK} — {LABEL},
FALSE,wsok,artistPage.creditList.entry.track.musicVideo.withLabel.withLinks,{TRACK} — {LABEL}: {LINKS},{TRACK} — {LABEL}: {LINKS},{TRACK} — {LABEL}: {LINKS},
FALSE,wsok,artistPage.creditList.entry.track.musicVideo.withCredit,"{TRACK}, {CREDIT}","{TRACK}, {CREDIT}","{TRACK}, {CREDIT}",
FALSE,wsok,artistPage.creditList.entry.track.musicVideo.withCredit.withLinks,"{TRACK}, {CREDIT}: {LINKS}","{TRACK}, {CREDIT}: {LINKS}","{TRACK}, {CREDIT}: {LINKS}",
FALSE,wsok,artistPage.creditList.entry.track.musicVideo.withCredit.withTitle,"{TRACK}, {TITLE} {CREDIT}","{TRACK}, {TITLE} {CREDIT}","{TRACK}, {TITLE} {CREDIT}",
FALSE,wsok,artistPage.creditList.entry.track.musicVideo.withCredit.withTitle.withLinks,"{TRACK}, {TITLE} {CREDIT}: {LINKS}","{TRACK}, {TITLE} {CREDIT}: {LINKS}","{TRACK}, {TITLE} {CREDIT}: {LINKS}",
FALSE,wsok,artistPage.creditList.entry.track.musicVideo.withCredit.withLabel,"{TRACK}, {LABEL} {CREDIT}","{TRACK}, {LABEL} {CREDIT}","{TRACK}, {LABEL} {CREDIT}",
FALSE,wsok,artistPage.creditList.entry.track.musicVideo.withCredit.withLabel.withLinks,"{TRACK}, {LABEL} {CREDIT}: {LINKS}","{TRACK}, {LABEL} {CREDIT}: {LINKS}","{TRACK}, {LABEL} {CREDIT}: {LINKS}",
FALSE,wsok,artistPage.creditList.entry.track.musicVideo.withDate,({DATE}) {TRACK},({DATE}) {TRACK},({DATE}) {TRACK},
FALSE,wsok,artistPage.creditList.entry.track.musicVideo.withDate.withLinks,({DATE}) {TRACK}: {LINKS},({DATE}) {TRACK}: {LINKS},({DATE}) {TRACK}: {LINKS},
FALSE,wsok,artistPage.creditList.entry.track.musicVideo.withDate.withTitle,({DATE}) {TRACK} — {TITLE},({DATE}) {TRACK} — {TITLE},({DATE}) {TRACK} — {TITLE},
FALSE,wsok,artistPage.creditList.entry.track.musicVideo.withDate.withTitle.withLinks,({DATE}) {TRACK} — {TITLE}: {LINKS},({DATE}) {TRACK} — {TITLE}: {LINKS},({DATE}) {TRACK} — {TITLE}: {LINKS},
FALSE,wsok,artistPage.creditList.entry.track.musicVideo.withDate.withLabel,({DATE}) {TRACK} — {LABEL},({DATE}) {TRACK} — {LABEL},({DATE}) {TRACK} — {LABEL},
FALSE,wsok,artistPage.creditList.entry.track.musicVideo.withDate.withLabel.withLinks,({DATE}) {TRACK} — {LABEL}: {LINKS},({DATE}) {TRACK} — {LABEL}: {LINKS},({DATE}) {TRACK} — {LABEL}: {LINKS},
FALSE,wsok,artistPage.creditList.entry.track.musicVideo.withDate.withCredit,"({DATE}) {TRACK}, {CREDIT}","({DATE}) {TRACK}, {CREDIT}","({DATE}) {TRACK}, {CREDIT}",
FALSE,wsok,artistPage.creditList.entry.track.musicVideo.withDate.withCredit.withLinks,"({DATE}) {TRACK}, {CREDIT}: {LINKS}","({DATE}) {TRACK}, {CREDIT}: {LINKS}","({DATE}) {TRACK}, {CREDIT}: {LINKS}",
FALSE,wsok,artistPage.creditList.entry.track.musicVideo.withDate.withCredit.withTitle,"({DATE}) {TRACK}, {TITLE} {CREDIT}","({DATE}) {TRACK}, {TITLE} {CREDIT}","({DATE}) {TRACK}, {TITLE} {CREDIT}",
FALSE,wsok,artistPage.creditList.entry.track.musicVideo.withDate.withCredit.withTitle.withLinks,"({DATE}) {TRACK}, {TITLE} {CREDIT}: {LINKS}","({DATE}) {TRACK}, {TITLE} {CREDIT}: {LINKS}","({DATE}) {TRACK}, {TITLE} {CREDIT}: {LINKS}",
FALSE,wsok,artistPage.creditList.entry.track.musicVideo.withDate.withCredit.withLabel,"({DATE}) {TRACK}, {LABEL} {CREDIT}","({DATE}) {TRACK}, {LABEL} {CREDIT}","({DATE}) {TRACK}, {LABEL} {CREDIT}",
FALSE,wsok,artistPage.creditList.entry.track.musicVideo.withDate.withCredit.withLabel.withLinks,"({DATE}) {TRACK}, {LABEL} {CREDIT}: {LINKS}","({DATE}) {TRACK}, {LABEL} {CREDIT}: {LINKS}","({DATE}) {TRACK}, {LABEL} {CREDIT}: {LINKS}",
FALSE,wsok,artistPage.creditList.entry.track.musicVideo.credit,video by {ARTISTS},video by {ARTISTS},video bởi {ARTISTS},
FALSE,wsok,artistPage.creditList.entry.track.musicVideo.credit.alongsideLabel,by {ARTISTS},by {ARTISTS},bởi {ARTISTS},
FALSE,wsok,artistPage.creditList.entry.track.musicVideo.credit.alongsideTitle,by {ARTISTS},by {ARTISTS},bởi {ARTISTS},
FALSE,wsok,artistPage.creditList.entry.track.miscellaneousAdditionalFile,{TITLE}: {TRACK},{TITLE}: {TRACK},{TITLE}: {TRACK},
FALSE,wsok,artistPage.creditList.entry.track.miscellaneousAdditionalFile.withCredit,{TITLE} ({CREDIT}): {TRACK},{TITLE} ({CREDIT}): {TRACK},{TITLE} ({CREDIT}): {TRACK},
FALSE,wsok,artistPage.creditList.entry.track.miscellaneousAdditionalFile.withMultipleFiles,{TITLE}: {TRACK} ({FILES}),{TITLE}: {TRACK} ({FILES}),{TITLE}: {TRACK} ({FILES}),
FALSE,wsok,artistPage.creditList.entry.track.miscellaneousAdditionalFile.withNoFiles,{TITLE}: {TRACK} (no files),{TITLE}: {TRACK} (no files),{TITLE}: {TRACK} (không có tệp),
FALSE,wsok,artistPage.creditList.entry.track.miscellaneousAdditionalFile.withCredit.withMultipleFiles,{TITLE} ({CREDIT}): {TRACK} ({FILES}),{TITLE} ({CREDIT}): {TRACK} ({FILES}),{TITLE} ({CREDIT}): {TRACK} ({FILES}),
FALSE,wsok,artistPage.creditList.entry.track.miscellaneousAdditionalFile.withCredit.withNoFiles,{TITLE} ({CREDIT}): {TRACK} (no files),{TITLE} ({CREDIT}): {TRACK} (no files),{TITLE} ({CREDIT}): {TRACK} (không có tệp),
FALSE,wsok,artistPage.creditList.entry.track.miscellaneousAdditionalFile.placeholderTitle,Additional file,Additional file,Tệp đi kèm,
FALSE,wsok,artistPage.creditList.entry.track.miscellaneousAdditionalFile.credit,by {ARTISTS},by {ARTISTS},bởi {ARTISTS},
FALSE,wsok,artistPage.creditList.entry.track.sheetMusicFile,{TITLE}: {TRACK},{TITLE}: {TRACK},{TITLE}: {TRACK},
FALSE,wsok,artistPage.creditList.entry.track.sheetMusicFile.withCredit,{TITLE} ({CREDIT}): {TRACK},{TITLE} ({CREDIT}): {TRACK},{TITLE} ({CREDIT}): {TRACK},
FALSE,wsok,artistPage.creditList.entry.track.sheetMusicFile.withMultipleFiles,{TITLE}: {TRACK} ({FILES}),{TITLE}: {TRACK} ({FILES}),{TITLE}: {TRACK} ({FILES}),
FALSE,wsok,artistPage.creditList.entry.track.sheetMusicFile.withNoFiles,{TITLE}: {TRACK} (no files),{TITLE}: {TRACK} (no files),{TITLE}: {TRACK} (không có tệp),
FALSE,wsok,artistPage.creditList.entry.track.sheetMusicFile.withCredit.withMultipleFiles,{TITLE} ({CREDIT}): {TRACK} ({FILES}),{TITLE} ({CREDIT}): {TRACK} ({FILES}),{TITLE} ({CREDIT}): {TRACK} ({FILES}),
FALSE,wsok,artistPage.creditList.entry.track.sheetMusicFile.withCredit.withNoFiles,{TITLE} ({CREDIT}): {TRACK} (no files),{TITLE} ({CREDIT}): {TRACK} (no files),{TITLE} ({CREDIT}): {TRACK} (không có tệp),
FALSE,wsok,artistPage.creditList.entry.track.sheetMusicFile.placeholderTitle,Sheet music,Sheet music,Tệp bản nhạc,
FALSE,wsok,artistPage.creditList.entry.track.sheetMusicFile.credit,by {ARTISTS},by {ARTISTS},bởi {ARTISTS},
FALSE,wsok,artistPage.creditList.entry.track.midiProjectFile,{TITLE}: {TRACK},{TITLE}: {TRACK},{TITLE}: {TRACK},
FALSE,wsok,artistPage.creditList.entry.track.midiProjectFile.withCredit,{TITLE} ({CREDIT}): {TRACK},{TITLE} ({CREDIT}): {TRACK},{TITLE} ({CREDIT}): {TRACK},
FALSE,wsok,artistPage.creditList.entry.track.midiProjectFile.withMultipleFiles,{TITLE}: {TRACK} ({FILES}),{TITLE}: {TRACK} ({FILES}),{TITLE}: {TRACK} ({FILES}),
FALSE,wsok,artistPage.creditList.entry.track.midiProjectFile.withNoFiles,{TITLE}: {TRACK} (no files),{TITLE}: {TRACK} (no files),{TITLE}: {TRACK} (không có tệp),
FALSE,wsok,artistPage.creditList.entry.track.midiProjectFile.withCredit.withMultipleFiles,{TITLE} ({CREDIT}): {TRACK} ({FILES}),{TITLE} ({CREDIT}): {TRACK} ({FILES}),{TITLE} ({CREDIT}): {TRACK} ({FILES}),
FALSE,wsok,artistPage.creditList.entry.track.midiProjectFile.withCredit.withNoFiles,{TITLE} ({CREDIT}): {TRACK} (no files),{TITLE} ({CREDIT}): {TRACK} (no files),{TITLE} ({CREDIT}): {TRACK} (không có tệp),
FALSE,wsok,artistPage.creditList.entry.track.midiProjectFile.placeholderTitle,MIDI or project music,MIDI or project music,Tệp MIDI hoặc tệp dự án khác,
FALSE,wsok,artistPage.creditList.entry.track.midiProjectFile.credit,by {ARTISTS},by {ARTISTS},bởi {ARTISTS},
FALSE,wsok,artistPage.creditList.entry.album.albumArtistOnly,Credited as album artist only—track credits vary,Credited as album artist only—track credits vary,Chỉ được ghi nhận là nghệ sĩ của album — thông tin ghi nhận cho từng bài hát có thể khác nhau.,
FALSE,wsok,artistPage.creditList.entry.album.coverArt,(cover art),(cover art),(ảnh bìa),
FALSE,wsok,artistPage.creditList.entry.album.wallpaperArt,(wallpaper art),(wallpaper art),(ảnh nền),
FALSE,wsok,artistPage.creditList.entry.album.bannerArt,(banner art),(banner art),(ảnh biểu ngữ),
FALSE,wsok,artistPage.creditList.entry.album.commentary,(album commentary),(album commentary),(chú thích album),
FALSE,wsok,artistPage.creditList.entry.album.musicVideo,(album music video),(album music video),(video nhạc cho album),
FALSE,wsok,artistPage.creditList.entry.album.musicVideo.withLinks,(album music video: {LINKS}),(album music video: {LINKS}),(video nhạc cho album: {LINKS}),
FALSE,wsok,artistPage.creditList.entry.album.musicVideo.withTitle,(for album: {TITLE}),(for album: {TITLE}),(for album: {TITLE}),
FALSE,wsok,artistPage.creditList.entry.album.musicVideo.withTitle.withLinks,(for album: {TITLE} - {LINKS}),(for album: {TITLE} - {LINKS}),(trong album: {TITLE} - {LINKS}),
FALSE,wsok,artistPage.creditList.entry.album.musicVideo.withLabel,(for album: {LABEL}),(for album: {LABEL}),(trong album: {LABEL}),
FALSE,wsok,artistPage.creditList.entry.album.musicVideo.withLabel.withLinks,(for album: {LABEL} - {LINKS}),(for album: {LABEL} - {LINKS}),(trong album: {LABEL} - {LINKS}),
FALSE,wsok,artistPage.creditList.entry.album.musicVideo.withCredit,(album music video {CREDIT}),(album music video {CREDIT}),(video nhạc của {CREDIT}),
FALSE,wsok,artistPage.creditList.entry.album.musicVideo.withCredit.withLinks,(album music video {CREDIT} - {LINKS}),(album music video {CREDIT} - {LINKS}),(video nhạc của {CREDIT} - {LINKS}),
FALSE,wsok,artistPage.creditList.entry.album.musicVideo.withCredit.withTitle,(for album: {TITLE} {CREDIT}),(for album: {TITLE} {CREDIT}),(trong album: {TITLE} {CREDIT}),
FALSE,wsok,artistPage.creditList.entry.album.musicVideo.withCredit.withTitle.withLinks,(for album: {TITLE} {CREDIT} - {LINKS}),(for album: {TITLE} {CREDIT} - {LINKS}),(trong album: {TITLE} {CREDIT} - {LINKS}),
FALSE,wsok,artistPage.creditList.entry.album.musicVideo.withCredit.withLabel,(for album: {LABEL} {CREDIT}),(for album: {LABEL} {CREDIT}),(trong album: {LABEL} {CREDIT}),
FALSE,wsok,artistPage.creditList.entry.album.musicVideo.withCredit.withLabel.withLinks,(for album: {LABEL} {CREDIT} - {LINKS}),(for album: {LABEL} {CREDIT} - {LINKS}),(trong album: {LABEL} {CREDIT} - {LINKS}),
FALSE,wsok,artistPage.creditList.entry.album.musicVideo.withDate,({DATE}: album music video),({DATE}: album music video),({DATE}: video nhạc cho album),
FALSE,wsok,artistPage.creditList.entry.album.musicVideo.withDate.withLinks,"({DATE}, album music video: {LINKS})","({DATE}, album music video: {LINKS})","({DATE}, video nhạc cho album: {LINKS})",
FALSE,wsok,artistPage.creditList.entry.album.musicVideo.withDate.withTitle,"({DATE}, for album: {TITLE})","({DATE}, for album: {TITLE})","({DATE}, trong album: {TITLE})",
FALSE,wsok,artistPage.creditList.entry.album.musicVideo.withDate.withTitle.withLinks,"({DATE}, for album: {TITLE} - {LINKS})","({DATE}, for album: {TITLE} - {LINKS})","({DATE}, trong album: {TITLE} - {LINKS})",
FALSE,wsok,artistPage.creditList.entry.album.musicVideo.withDate.withLabel,"({DATE}, for album: {LABEL})","({DATE}, for album: {LABEL})","({DATE}, trong album: {LABEL})",
FALSE,wsok,artistPage.creditList.entry.album.musicVideo.withDate.withLabel.withLinks,"({DATE}, for album: {LABEL} - {LINKS})","({DATE}, for album: {LABEL} - {LINKS})","({DATE}, trong album: {LABEL} - {LINKS})",
FALSE,wsok,artistPage.creditList.entry.album.musicVideo.withDate.withCredit,({DATE}: album music video {CREDIT}),({DATE}: album music video {CREDIT}),({DATE}: video nhạc của {CREDIT}),
FALSE,wsok,artistPage.creditList.entry.album.musicVideo.withDate.withCredit.withLinks,"({DATE}, album music video {CREDIT} - {LINKS})","({DATE}, album music video {CREDIT} - {LINKS})","({DATE}, video nhạc của {CREDIT} - {LINKS})",
FALSE,wsok,artistPage.creditList.entry.album.musicVideo.withDate.withCredit.withTitle,"({DATE}, for album: {TITLE} {CREDIT})","({DATE}, for album: {TITLE} {CREDIT})","({DATE}, trong album: {TITLE} {CREDIT})",
FALSE,wsok,artistPage.creditList.entry.album.musicVideo.withDate.withCredit.withTitle.withLinks,"({DATE}, for album: {TITLE} {CREDIT} - {LINKS})","({DATE}, for album: {TITLE} {CREDIT} - {LINKS})","({DATE}, trong album: {TITLE} {CREDIT} - {LINKS})",
FALSE,wsok,artistPage.creditList.entry.album.musicVideo.withDate.withCredit.withLabel,"({DATE}, for album: {LABEL} {CREDIT})","({DATE}, for album: {LABEL} {CREDIT})","({DATE}, trong album: {LABEL} {CREDIT})",
FALSE,wsok,artistPage.creditList.entry.album.musicVideo.withDate.withCredit.withLabel.withLinks,"({DATE}, for album: {LABEL} {CREDIT} - {LINKS})","({DATE}, for album: {LABEL} {CREDIT} - {LINKS})","({DATE}, trong album: {LABEL} {CREDIT} - {LINKS})",
FALSE,wsok,artistPage.creditList.entry.album.musicVideo.credit,by {ARTISTS},by {ARTISTS},bởi {ARTISTS},
FALSE,wsok,artistPage.creditList.entry.album.musicVideo.credit.alongsideLabel,by {ARTISTS},by {ARTISTS},bởi {ARTISTS},
FALSE,wsok,artistPage.creditList.entry.album.musicVideo.credit.alongsideTitle,by {ARTISTS},by {ARTISTS},bởi {ARTISTS},
FALSE,wsok,artistPage.creditList.entry.album.miscellaneousAdditionalFile,(album additional files),(album additional files),(tệp đi kèm cho album),
FALSE,wsok,artistPage.creditList.entry.album.miscellaneousAdditionalFile.withTitle,(for album: {TITLE}),(for album: {TITLE}),(trong album: {TITLE}),
FALSE,wsok,artistPage.creditList.entry.album.miscellaneousAdditionalFile.withCredit,(for album: {CREDIT}),(for album: {CREDIT}),(trong album: {CREDIT}),
FALSE,wsok,artistPage.creditList.entry.album.miscellaneousAdditionalFile.withCredit.withTitle,(for album: {TITLE} {CREDIT}),(for album: {TITLE} {CREDIT}),(trong album: {TITLE} {CREDIT}),
FALSE,wsok,artistPage.creditList.entry.album.miscellaneousAdditionalFile.credit,files by {ARTISTS},files by {ARTISTS},tệp bởi {ARTISTS},
FALSE,wsok,artistPage.creditList.entry.album.miscellaneousAdditionalFile.credit.standaloneWithFiles,{FILES} by {ARTISTS},{FILES} by {ARTISTS},{FILES} bởi {ARTISTS},
FALSE,wsok,artistPage.creditList.entry.album.miscellaneousAdditionalFile.credit.alongsideTitle,by {ARTISTS},by {ARTISTS},bởi {ARTISTS},
FALSE,wsok,artistPage.creditList.entry.flash,{FLASH},{FLASH},{FLASH},
FALSE,wsok,artistPage.creditList.entry.artwork.accent.withLabel,{LABEL},{LABEL},{LABEL},
FALSE,wsok,artistPage.creditList.entry.artwork.accent.withAnnotation,{ANNOTATION},{ANNOTATION},{ANNOTATION},
FALSE,wsok,artistPage.creditList.entry.artwork.accent.withLabel.withAnnotation,{LABEL}: {ANNOTATION},{LABEL}: {ANNOTATION},{LABEL}: {ANNOTATION},
FALSE,wsok,artistPage.contributedDurationLine,{ARTIST} has contributed {DURATION} of music shared on this wiki.,{ARTIST} has contributed {DURATION} of music shared on this wiki.,{ARTIST} đã đóng góp nhạc vào wiki với tổng thời lượng {DURATION}.,
FALSE,wsok,artistPage.groupContributions.title.tracks,Contributed music to group…,Contributed music to group…,Các bài hát đã đóng góp vào nhóm...,
FALSE,wsok,artistPage.groupContributions.title.artworks,Contributed art to group…,Contributed art to group…,Các ảnh đã đóng góp vào nhóm...,
FALSE,wsok,artistPage.groupContributions.title.musicVideos,Contributed to music videos in group…,Contributed to music videos in group…,Các video nhạc đã đóng góp vào nhóm...,
FALSE,wsok,artistPage.groupContributions.column.count.tracks,Tracks,Tracks,Bài hát,
FALSE,wsok,artistPage.groupContributions.column.count.artworks,Artworks,Artworks,Ảnh,
FALSE,wsok,artistPage.groupContributions.column.count.musicVideos,Music Videos,Music Videos,Video nhạc,
FALSE,wsok,artistPage.groupContributions.column.duration,Duration,Duration,Thời lượng,
FALSE,wsok,artistPage.filterNotice,(The list above is filtered. {CLEAR}),(The list above is filtered. {CLEAR}),(Danh sách trên đã được lọc. {CLEAR}),
FALSE,wsok,artistPage.filterNotice.clear,Click to stop filtering.,Click to stop filtering.,Nhấn để hủy lọc.,
FALSE,wsok,artistPage.trackList.title,Tracks,Tracks,Bài hát,
FALSE,wsok,artistPage.artList.title,Artworks,Artworks,Ảnh,
FALSE,wsok,artistPage.musicVideoList.title,Music Videos,Music Videos,Video nhạc,
FALSE,wsok,artistPage.sheetMusicFileList.title,Sheet Music Files,Sheet Music Files,Tệp bản nhạc,
FALSE,wsok,artistPage.midiProjectFileList.title,MIDI & Project Files,MIDI & Project Files,Tệp MIDI và tệp dự án khác,
FALSE,wsok,artistPage.miscellaneousAdditionalFileList.title,Additional Files,Additional Files,Tệp đi kèm,
FALSE,wsok,artistPage.flashList.title,Flashes,Flashes,Hoạt ảnh,
FALSE,wsok,artistPage.commentaryList.title,Commentary,Commentary,Chú thích,
FALSE,wsok,artistPage.viewArtGallery,View {LINK}!,View {LINK}!,Xem tại {LINK}.,
FALSE,wsok,artistPage.viewArtGallery.orBrowseList,View {LINK}! Or browse the list:,View {LINK}! Or browse the list:,Xem tại {LINK}; hoặc xem danh sách sau:,
FALSE,wsok,artistPage.viewArtGallery.link,art gallery,art gallery,tập ảnh,
FALSE,wsok,artistPage.wikiEditArtworks,{ARTIST} has edited these artworks for this wiki:,{ARTIST} has edited these artworks for this wiki:,{ARTIST} đã chỉnh sửa các ảnh sau cho wiki này:,
FALSE,wsok,artistPage.wikiEditArtworks.sticky,Artworks — edited for this wiki,Artworks — edited for this wiki,Ảnh — chỉnh sửa cho phù hợp với wiki,
FALSE,wsok,artistPage.wikiEditorCommentary,{ARTIST} has written these commentary entries as an editor of this wiki:,{ARTIST} has written these commentary entries as an editor of this wiki:,{ARTIST} đã viết những bình luận này với vai trò người chỉnh sửa wiki:,
FALSE,wsok,artistPage.wikiEditorCommentary.sticky,Commentary — written for this wiki,Commentary — written for this wiki,Chú thích — được viết cho wiki này,
FALSE,wsok,artistGalleryPage.title,{ARTIST} - Gallery,{ARTIST} - Gallery,{ARTIST} - Tập ảnh,
FALSE,wsok,artistGalleryPage.infoLine,Contributed to {COVER_ARTS}.,Contributed to {COVER_ARTS}.,Đã đóng góp vào {COVER_ARTS}.,
FALSE,wsok,artistRollingWindowPage.title,{ARTIST} - Rolling Window,{ARTIST} - Rolling Window,{ARTIST} - Chế độ phân đoạn,
FALSE,wsok,artistRollingWindowPage.windowConfigurationLine,"With a rolling window of {TIME_BEFORE} before a given date, and {TIME_AFTER} after, peeking ahead {PEEK}...","With a rolling window of {TIME_BEFORE} before a given date, and {TIME_AFTER} after, peeking ahead {PEEK}...",Xem các mục trong đoạn từ {TIME_BEFORE} trước một ngày nhất định đến {TIME_AFTER} tháng sau đó; bạn có thể xem các mục sau đoạn này {PEEK}...,
FALSE,wsok,artistRollingWindowPage.contributionConfigurationLine,Selecting {KIND} contributions from group {GROUP}...,Selecting {KIND} contributions from group {GROUP}...,Chọn danh mục {KIND} trong nhóm {GROUP}...,
FALSE,wsok,artistRollingWindowPage.timeframeSelectionLine,"There are {CONTRIBUTIONS} contributions, making {TIMEFRAMES} timeframes between {FIRST_DATE} and {LAST_DATE}.","There are {CONTRIBUTIONS} contributions, making {TIMEFRAMES} timeframes between {FIRST_DATE} and {LAST_DATE}.","Có tất cả {CONTRIBUTIONS} mục, được chia thành {TIMEFRAMES} đoạn thời gian, tính từ ngày {FIRST_DATE} đến ngày {LAST_DATE}.",
FALSE,wsok,artistRollingWindowPage.timeframeSelectionLine.none,"There aren't any matching contributions, or those which do aren't dated, so there are no timeframes.","There aren't any matching contributions, or those which do aren't dated, so there are no timeframes.","Không có mục thích hợp, do đó không thể chia các đoạn thời gian.",
FALSE,wsok,artistRollingWindowPage.emptyTimeframeLine,"This timeframe is empty, since no contributions are in range.","This timeframe is empty, since no contributions are in range.",Đoạn thời gian này trống do không có mục nào ở đây.,
FALSE,wsok,artistRollingWindowPage.timeframeSelectionControl,{PREVIOUS} {TIMEFRAMES} {NEXT},{PREVIOUS} {TIMEFRAMES} {NEXT},{PREVIOUS} {TIMEFRAMES} {NEXT},
FALSE,wsok,artistRollingWindowPage.timeframeSelectionControl.previous,← Previous,← Previous,← Trước đó,
FALSE,wsok,artistRollingWindowPage.timeframeSelectionControl.next,Next →,Next →,Tiếp theo →,
FALSE,wsok,artistRollingWindowPage.contributionKind.artwork,Artwork,Artwork,Ảnh,
FALSE,wsok,artistRollingWindowPage.contributionKind.music,Music,Music,Bài hát,
FALSE,wsok,artistRollingWindowPage.contributionKind.flash,Flash,Flash,Hoạt ảnh,
FALSE,wsok,artistRollingWindowPage.contributionGroup.all,All groups,All groups,Tất cả,
FALSE,wsok,artistRollingWindowPage.contributionGroup.group,{GROUP},{GROUP},{GROUP},
FALSE,wsok,artistRollingWindowPage.timeframe.months,{INPUT} months,{INPUT} months,{INPUT} tháng,
FALSE,wsok,artTagPage.nav.tag,Tag: {TAG},Tag: {TAG},Thẻ: {TAG},
FALSE,wsok,artTagPage.sidebar.otherTagsExempt,(…another {TAGS}…),(…another {TAGS}…),(…{TAGS} khác…),
FALSE,wsok,artTagInfoPage.title,{TAG},{TAG},{TAG},
FALSE,wsok,artTagInfoPage.viewArtGallery,View this tag's {LINK}!,View this tag's {LINK}!,Xem {LINK} của thẻ này.,
FALSE,wsok,artTagInfoPage.viewArtGallery.link,art gallery,art gallery,tập ảnh,
FALSE,wsok,artTagInfoPage.readMoreOn,Read more about '{TAG}' on {LINKS}.,Read more about '{TAG}' on {LINKS}.,Tìm hiểu thêm về '{TAG}' tại {LINKS}.,
FALSE,wsok,artTagInfoPage.seeAlso,See also: {TAGS},See also: {TAGS},Xem thêm: {TAGS},
FALSE,wsok,artTagInfoPage.seeAlso.tagWithAnnotation,{TAG} ({ANNOTATION}),{TAG} ({ANNOTATION}),{TAG} ({ANNOTATION}),
FALSE,wsok,artTagInfoPage.featuredIn.notFeatured,This tag hasn't been featured in any artworks yet.,This tag hasn't been featured in any artworks yet.,Thẻ này chưa từng xuất hiện trong bất kỳ ảnh nào.,
FALSE,wsok,artTagInfoPage.featuredIn.directlyOnly,This tag is featured in {ARTWORKS}.,This tag is featured in {ARTWORKS}.,Thẻ này xuất hiện trong {ARTWORKS}.,
FALSE,wsok,artTagInfoPage.featuredIn.indirectlyOnly,"This tag is featured in {ARTWORKS}, but only indirectly.","This tag is featured in {ARTWORKS}, but only indirectly.","Thẻ này xuất hiện trong {ARTWORKS}, nhưng dưới dạng gián tiếp.",
FALSE,wsok,artTagInfoPage.featuredIn.directlyAndIndirectly,"This tag is directly featured in {ARTWORKS_DIRECTLY}, and indirectly in {ARTWORKS_INDIRECTLY} more, for a total of {ARTWORKS_TOTAL}.","This tag is directly featured in {ARTWORKS_DIRECTLY}, and indirectly in {ARTWORKS_INDIRECTLY} more, for a total of {ARTWORKS_TOTAL}.",Thẻ này xuất hiện trong tổng cộng {ARTWORKS_TOTAL}; trong đó có {ARTWORKS_DIRECTLY} được xuất hiện trực tiếp và {ARTWORKS_INDIRECTLY} được xuất hiện gián tiếp.,
FALSE,wsok,artTagInfoPage.descendsFromTags,Tags which '{TAG}' falls under:,Tags which '{TAG}' falls under:,Thẻ mà '{TAG}' là thẻ con:,
FALSE,wsok,artTagInfoPage.descendsFromTags.item,{TAG},{TAG},{TAG},
FALSE,wsok,artTagInfoPage.descendantTags,Tags which fall under '{TAG}':,Tags which fall under '{TAG}':,Thẻ mà '{TAG}' là thẻ cha:,
FALSE,wsok,artTagInfoPage.descendantTags.item,{TAG},{TAG},{TAG},
FALSE,wsok,artTagInfoPage.descendantTags.item.withGallery,{TAG} ({GALLERY}),{TAG} ({GALLERY}),{TAG} ({GALLERY}),
FALSE,wsok,artTagInfoPage.descendantTags.item.withGallery.gallery,view gallery,view gallery,xem tập ảnh,
FALSE,wsok,artTagInfoPage.descendantTags.item.withTimesUsed,{TAG} ({TIMES_USED}),{TAG} ({TIMES_USED}),{TAG} ({TIMES_USED}),
FALSE,wsok,artTagInfoPage.descendantTags.item.withGallery.withTimesUsed,{TAG} ({GALLERY}; {TIMES_USED}),{TAG} ({GALLERY}; {TIMES_USED}),{TAG} ({GALLERY}; {TIMES_USED}),
FALSE,wsok,artTagGalleryPage.title,{TAG},{TAG},{TAG},
FALSE,wsok,artTagGalleryPage.descendsFrom,Up: {TAGS}.,Up: {TAGS}.,Các thẻ trên nó: {TAGS}.,
FALSE,wsok,artTagGalleryPage.descendants,Down: {TAGS}.,Down: {TAGS}.,Các thẻ dưới nó: {TAGS}.,
FALSE,wsok,artTagGalleryPage.featuredLine.simple,Featured in {COVER_ARTS}.,Featured in {COVER_ARTS}.,Xuất hiện trong {COVER_ARTS}.,
FALSE,wsok,artTagGalleryPage.featuredLine.altogether,"Altogether, featured in {COVER_ARTS}.","Altogether, featured in {COVER_ARTS}.",Xuất hiện trong tổng cộng {COVER_ARTS}.,
FALSE,wsok,artTagGalleryPage.featuredLine.direct,Featured directly in {COVER_ARTS}.,Featured directly in {COVER_ARTS}.,Xuất hiện trực tiếp trong {COVER_ARTS}.,
FALSE,wsok,artTagGalleryPage.featuredLine.indirect,Featured indirectly in {COVER_ARTS}.,Featured indirectly in {COVER_ARTS}.,Xuất hiện gián tiếp trong {COVER_ARTS}.,
FALSE,wsok,artTagGalleryPage.featuredLine.notFeatured,This tag hasn't been featured in any artworks yet.,This tag hasn't been featured in any artworks yet.,Thẻ này chưa từng xuất hiện trong bất kỳ ảnh nào.,
FALSE,wsok,artTagGalleryPage.featuredLine.notFeatured.callToAction,Maybe your track will be the first!,Maybe your track will be the first!,Có thể bài hát của bạn sẽ có ảnh chứa thẻ này đấy!,
FALSE,wsok,artTagGalleryPage.showingLine,Showing: {SHOWING}.,Showing: {SHOWING}.,Hiển thị: {SHOWING}.,
FALSE,wsok,artTagGalleryPage.showingLine.all,all artworks featuring this tag,all artworks featuring this tag,tất cả các ảnh có chứa thẻ này,
FALSE,wsok,artTagGalleryPage.showingLine.indirect,artworks indirectly featuring this tag,artworks indirectly featuring this tag,"tất cả các ảnh có chứa thẻ này, một cách gián tiếp",
FALSE,wsok,artTagGalleryPage.showingLine.direct,artworks directly featuring this tag,artworks directly featuring this tag,"tất cả các ảnh có chứa thẻ này, một cách trực tiếp",
FALSE,wsok,commentaryIndex.title,Commentary,Commentary,Chú thích và bình luận,
FALSE,wsok,commentaryIndex.infoLine,"{WORDS} across {ENTRIES}, in all.","{WORDS} across {ENTRIES}, in all.","Tổng cộng {WORDS}, trải khắp {ENTRIES}.",
FALSE,wsok,commentaryIndex.albumList.title,Choose an album:,Choose an album:,Chọn một album:,
FALSE,wsok,commentaryIndex.albumList.item,{ALBUM} ({WORDS} across {ENTRIES}),{ALBUM} ({WORDS} across {ENTRIES}),{ALBUM} ({WORDS} trong {ENTRIES}),
FALSE,wsok,flashIndex.title,Flashes,Flashes,Hoạt ảnh,
FALSE,wsok,flashSidebar.flashList.entriesInThisSection,Entries in this section,Entries in this section,Các mục trong phần này,
FALSE,wsok,flashActPage.title,{ACT},{ACT},{ACT},
FALSE,wsok,flashActPage.title.withTitle,{ACT}: {TITLE},{ACT}: {TITLE},{ACT}: {TITLE},
FALSE,wsok,flashPage.title,{FLASH},{FLASH},{FLASH},
FALSE,wsok,flashPage.nav.flash,{FLASH},{FLASH},{FLASH},
FALSE,wsok,groupSidebar.title,Groups,Groups,Nhóm,
FALSE,wsok,groupSidebar.groupList.category,{CATEGORY},{CATEGORY},{CATEGORY},
FALSE,wsok,groupSidebar.groupList.item,{GROUP},{GROUP},{GROUP},
FALSE,wsok,groupPage.nav.group,Group: {GROUP},Group: {GROUP},Nhóm: {GROUP},
FALSE,wsok,groupPage.secondaryNav.category,{CATEGORY},{CATEGORY},{CATEGORY},
FALSE,wsok,groupPage.secondaryNav.category.withPreviousNext,{CATEGORY} ({PREVIOUS_NEXT}),{CATEGORY} ({PREVIOUS_NEXT}),{CATEGORY} ({PREVIOUS_NEXT}),
FALSE,wsok,groupInfoPage.title,{GROUP},{GROUP},{GROUP},
FALSE,wsok,groupInfoPage.closelyLinkedArtists.one,View artist page: {ARTIST}.,View artist page: {ARTIST}.,Xem trang của tác giả: {ARTIST}.,
FALSE,wsok,groupInfoPage.closelyLinkedArtists.multiple,View artist pages: {ARTISTS}.,View artist pages: {ARTISTS}.,Xem trang của tác giả: {ARTISTS}.,
FALSE,wsok,groupInfoPage.closelyLinkedArtists.aliases,View alias pages: {ALIASES}.,View alias pages: {ALIASES}.,Xem các nghệ danh khác: {ALIASES}.,
FALSE,wsok,groupInfoPage.closelyLinkedArtists.artist,{ARTIST},{ARTIST},{ARTIST},
FALSE,wsok,groupInfoPage.closelyLinkedArtists.artist.withAnnotation,{ARTIST} ({ANNOTATION}),{ARTIST} ({ANNOTATION}),{ARTIST} ({ANNOTATION}),
FALSE,wsok,groupInfoPage.viewAlbumGallery,View {LINK}! Or browse the list:,View {LINK}! Or browse the list:,"Xem {LINK}, hoặc xem danh sách sau:",
FALSE,wsok,groupInfoPage.viewAlbumGallery.link,album gallery,album gallery,tập ảnh,
FALSE,wsok,groupInfoPage.viewAlbumGallery.withViewSwitcher,View {LINK}! Or browse the list: {VIEW_SWITCHER},View {LINK}! Or browse the list: {VIEW_SWITCHER},Xem {LINK}; hoặc xem danh sách sau: {VIEW_SWITCHER},
FALSE,wsok,groupInfoPage.viewSwitcher,({OPTIONS}),({OPTIONS}),({OPTIONS}),
FALSE,wsok,groupInfoPage.viewSwitcher.bySeries,By series,By series,Theo danh mục,
FALSE,wsok,groupInfoPage.viewSwitcher.byDate,By date,By date,Theo ngày,
FALSE,wsok,groupInfoPage.albumList.title,Albums,Albums,Album,
FALSE,wsok,groupInfoPage.albumList.series,{SERIES}:,{SERIES}:,{SERIES}:,
FALSE,wsok,groupInfoPage.albumList.item,{ALBUM},{ALBUM},{ALBUM},
FALSE,wsok,groupInfoPage.albumList.item.withYear,{YEAR_ACCENT} {ALBUM},{YEAR_ACCENT} {ALBUM},{YEAR_ACCENT} {ALBUM},
FALSE,wsok,groupInfoPage.albumList.item.withYear.accent,({YEAR}),({YEAR}),({YEAR}),
FALSE,wsok,groupInfoPage.albumList.item.withOtherGroup,{ALBUM} {OTHER_GROUP_ACCENT},{ALBUM} {OTHER_GROUP_ACCENT},{ALBUM} {OTHER_GROUP_ACCENT},
FALSE,wsok,groupInfoPage.albumList.item.withOtherGroup.accent,(from {GROUPS}),(from {GROUPS}),(trong {GROUPS}),
FALSE,wsok,groupInfoPage.albumList.item.withOtherGroup.notFromThisGroup,(not from {GROUP}),(not from {GROUP}),(không trong {GROUP}),
FALSE,wsok,groupInfoPage.albumList.item.withArtists,{ALBUM} {BY},{ALBUM} {BY},{ALBUM} {BY},
FALSE,wsok,groupInfoPage.albumList.item.withArtists.by,by {ARTISTS},by {ARTISTS},bởi {ARTISTS},
FALSE,wsok,groupInfoPage.albumList.item.withArtists.featuring,feat. {ARTISTS},feat. {ARTISTS},với sự góp mặt của {ARTISTS},
FALSE,wsok,groupInfoPage.albumList.item.withArtists.by.featuring,by {ARTISTS} feat. {FEATURING},by {ARTISTS} feat. {FEATURING},bởi {ARTISTS} với sự góp mặt của {FEATURING},
FALSE,wsok,groupInfoPage.albumList.item.withYear.withOtherGroup,{YEAR_ACCENT} {ALBUM} {OTHER_GROUP_ACCENT},{YEAR_ACCENT} {ALBUM} {OTHER_GROUP_ACCENT},{YEAR_ACCENT} {ALBUM} {OTHER_GROUP_ACCENT},
FALSE,wsok,groupInfoPage.albumList.item.withYear.withArtists,{YEAR_ACCENT} {ALBUM} {BY},{YEAR_ACCENT} {ALBUM} {BY},{YEAR_ACCENT} {ALBUM} {BY},
FALSE,wsok,groupGalleryPage.title,{GROUP} - Gallery,{GROUP} - Gallery,{GROUP} - Ảnh,
FALSE,wsok,groupGalleryPage.infoLine,"{TRACKS} across {ALBUMS}, totaling {TIME}.","{TRACKS} across {ALBUMS}, totaling {TIME}.","{TRACKS} trải khắp {ALBUMS}, với tổng thời lượng {TIME}.",
FALSE,wsok,groupGalleryPage.albumViewSwitcher,Showing albums:,Showing albums:,Xem album:,
FALSE,wsok,groupGalleryPage.albumViewSwitcher.bySeries,By series,By series,Theo danh mục,
FALSE,wsok,groupGalleryPage.albumViewSwitcher.byDate,By date,By date,Theo ngày,
FALSE,wsok,groupGalleryPage.albumStyleSwitcher,Showing these releases:,Showing these releases:,Xem các phát hành:,
FALSE,wsok,groupGalleryPage.albumStyleSwitcher.album,Albums,Albums,Album,
FALSE,wsok,groupGalleryPage.albumStyleSwitcher.single,Singles,Singles,Bản đơn,
FALSE,wsok,groupGalleryPage.albumStyleSwitcher.count.all,all {TOTAL},all {TOTAL},tổng cộng {TOTAL},
FALSE,wsok,groupGalleryPage.albumStyleSwitcher.count.filtered,{COUNT} of {TOTAL},{COUNT} of {TOTAL},{COUNT} trong {TOTAL},
FALSE,wsok,groupGalleryPage.albumStyleSwitcher.count.none,none at all,none at all,không có,
FALSE,wsok,groupGalleryPage.albumsByDate.title,All albums,All albums,Tất cả album,
FALSE,wsok,groupGalleryPage.albumSection.caption,{TRACKS} across {ALBUMS}.,{TRACKS} across {ALBUMS}.,{TRACKS} trải khắp {ALBUMS}.,
FALSE,wsok,groupGalleryPage.albumSection.caption.withDate,"{TRACKS} across {ALBUMS}, released {DATE}.","{TRACKS} across {ALBUMS}, released {DATE}.","{TRACKS} trải khắp {ALBUMS}, phát hành lúc {DATE}.",
FALSE,wsok,groupGalleryPage.albumSection.caption.withYear,"{TRACKS} across {ALBUMS}, released during {YEAR}.","{TRACKS} across {ALBUMS}, released during {YEAR}.","{TRACKS} trải khắp {ALBUMS}, phát hành trong năm {YEAR}.",
FALSE,wsok,groupGalleryPage.albumSection.caption.withYearRange,"{TRACKS} across {ALBUMS}, released {YEAR_RANGE}.","{TRACKS} across {ALBUMS}, released {YEAR_RANGE}.","{TRACKS} trải khắp {ALBUMS}, phát hành trong khoảng {YEAR_RANGE}.",
FALSE,wsok,groupGalleryPage.albumSection.caption.seriesAlbumsNotFromGroup,"Albums marked {MARKER} are part of {SERIES}, but not from {GROUP}.","Albums marked {MARKER} are part of {SERIES}, but not from {GROUP}.","Các album được đánh dấu {MARKER} là một phần của {SERIES}, nhưng không thuộc {GROUP}.",
FALSE,wsok,listingIndex.title,Listings,Listings,Danh sách,
FALSE,wsok,listingIndex.infoLine,"{WIKI}: {TRACKS} across {ALBUMS}, totaling {DURATION}.","{WIKI}: {TRACKS} across {ALBUMS}, totaling {DURATION}.",{WIKI}: {TRACKS} trải dài trên {ALBUMS} với tổng thời lượng {DURATION}.,
FALSE,wsok,listingIndex.exploreList,Feel free to explore any of the listings linked below and in the sidebar!,Feel free to explore any of the listings linked below and in the sidebar!,Xem các danh sách được liên kết bên dưới và ở thanh bên.,
FALSE,wsok,listingPage.target.album,Albums,Albums,Album,
FALSE,wsok,listingPage.target.artist,Artists,Artists,Tác giả,
FALSE,wsok,listingPage.target.group,Groups,Groups,Nhóm,
FALSE,wsok,listingPage.target.track,Tracks,Tracks,Bài hát,
FALSE,wsok,listingPage.target.tag,Tags,Tags,Thẻ,
FALSE,wsok,listingPage.target.other,Other,Other,Khác,
FALSE,wsok,listingPage.misc.trackContributors,Track Contributors,Track Contributors,Người đóng góp cho bài hát,
FALSE,wsok,listingPage.misc.artContributors,Art Contributors,Art Contributors,Người đóng góp cho ảnh,
FALSE,wsok,listingPage.misc.flashContributors,Flash & Game Contributors,Flash & Game Contributors,Người đóng góp cho hoạt ảnh tương tác,
FALSE,wsok,listingPage.misc.artAndFlashContributors,Art & Flash Contributors,Art & Flash Contributors,Người đóng góp cho ảnh và hoạt ảnh,
FALSE,wsok,listingPage.listingsFor,Listings for {TARGET}: {LISTINGS},Listings for {TARGET}: {LISTINGS},Danh sách cho {TARGET}: {LISTINGS},
FALSE,wsok,listingPage.seeAlso,Also check out: {LISTINGS},Also check out: {LISTINGS},Xem thêm: {LISTINGS},
FALSE,wsok,listingPage.skipToSection,Skip to a section:,Skip to a section:,Chuyển tới:,
FALSE,wsok,listingPage.listAlbums.byName.title,Albums - by Name,Albums - by Name,Album - theo tên,
FALSE,wsok,listingPage.listAlbums.byName.title.short,...by Name,...by Name,...theo tên,
FALSE,wsok,listingPage.listAlbums.byName.item,{ALBUM} ({TRACKS}),{ALBUM} ({TRACKS}),{ALBUM} ({TRACKS}),
FALSE,wsok,listingPage.listAlbums.byTracks.title,Albums - by Tracks,Albums - by Tracks,Album - theo số bài hát,
FALSE,wsok,listingPage.listAlbums.byTracks.title.short,...by Tracks,...by Tracks,... theo số bài hát,
FALSE,wsok,listingPage.listAlbums.byTracks.item,{ALBUM} ({TRACKS}),{ALBUM} ({TRACKS}),{ALBUM} ({TRACKS}),
FALSE,wsok,listingPage.listAlbums.byTracks.item.single,{ALBUM} ({TRACKS}—single),{ALBUM} ({TRACKS}—single),{ALBUM} ({TRACKS}—bản đơn),
FALSE,wsok,listingPage.listAlbums.byDuration.title,Albums - by Duration,Albums - by Duration,Album - theo thời lượng,
FALSE,wsok,listingPage.listAlbums.byDuration.title.short,...by Duration,...by Duration,...theo thời lượng,
FALSE,wsok,listingPage.listAlbums.byDuration.item,{ALBUM} ({DURATION}),{ALBUM} ({DURATION}),{ALBUM} ({DURATION}),
FALSE,wsok,listingPage.listAlbums.byDate.title,Albums - by Date,Albums - by Date,Album - theo ngày phát hành,
FALSE,wsok,listingPage.listAlbums.byDate.title.short,...by Date,...by Date,...theo ngày phát hành,
FALSE,wsok,listingPage.listAlbums.byDate.item,{ALBUM} ({DATE}),{ALBUM} ({DATE}),{ALBUM} ({DATE}),
FALSE,wsok,listingPage.listAlbums.byDateAdded.title,Albums - by Date Added to Wiki,Albums - by Date Added to Wiki,Album - theo ngày được thêm vào wiki,
FALSE,wsok,listingPage.listAlbums.byDateAdded.title.short,...by Date Added to Wiki,...by Date Added to Wiki,...theo ngày được thêm vào wiki,
FALSE,wsok,listingPage.listAlbums.byDateAdded.chunk.title,{DATE},{DATE},{DATE},
FALSE,wsok,listingPage.listAlbums.byDateAdded.chunk.item,{ALBUM},{ALBUM},{ALBUM},
FALSE,wsok,listingPage.listArtTags.byName.title,Tags - by Name,Tags - by Name,Thẻ - theo tên,
FALSE,wsok,listingPage.listArtTags.byName.title.short,...by Name,...by Name,...theo tên,
FALSE,wsok,listingPage.listArtTags.byName.item,{TAG} ({TIMES_USED}),{TAG} ({TIMES_USED}),{TAG} ({TIMES_USED}),
FALSE,wsok,listingPage.listArtTags.byUses.title,Tags - by Uses,Tags - by Uses,Thẻ - theo số lần sử dụng,
FALSE,wsok,listingPage.listArtTags.byUses.title.short,...by Uses,...by Uses,...theo số lần sử dụng,
FALSE,wsok,listingPage.listArtTags.byUses.item,{TAG} ({TIMES_USED}),{TAG} ({TIMES_USED}),{TAG} ({TIMES_USED}),
FALSE,wsok,listingPage.listArtTags.network.title,Art Tag Network,Art Tag Network,Cây thẻ ảnh,
FALSE,wsok,listingPage.listArtTags.network.title.short,Art Tag Network,Art Tag Network,Cây thẻ ảnh,
FALSE,wsok,listingPage.listArtTags.network.jumpToRoot.title,Jump to one of the upper-most tags:,Jump to one of the upper-most tags:,Chuyển đến một trong những thẻ ở trên cùng:,
FALSE,wsok,listingPage.listArtTags.network.jumpToRoot.item,{TAG},{TAG},{TAG},
FALSE,wsok,listingPage.listArtTags.network.statLine,Displaying tag info: {STAT},Displaying tag info: {STAT},Hiển thị thông tin cho thẻ ảnh: {STAT},
FALSE,wsok,listingPage.listArtTags.network.statLine.none,name only,name only,chỉ tên,
FALSE,wsok,listingPage.listArtTags.network.statLine.totalUses,uses (total),uses (total),tổng số lần được sử dụng,
FALSE,wsok,listingPage.listArtTags.network.statLine.directUses,uses (direct only),uses (direct only),tổng số lần được sử dụng một cách trực tiếp,
FALSE,wsok,listingPage.listArtTags.network.statLine.descendants,descendants (total),descendants (total),tổng các thẻ con của thẻ này (bao gồm thẻ nhánh và thẻ tận cùng),
FALSE,wsok,listingPage.listArtTags.network.statLine.leaves,descendants (leaves only),descendants (leaves only),tổng các thẻ tận cùng của thẻ này,
FALSE,wsok,listingPage.listArtTags.network.root,{TAG},{TAG},{TAG},
FALSE,wsok,listingPage.listArtTags.network.root.jumpToTop,{TAG} ({LINK}),{TAG} ({LINK}),{TAG} ({LINK}),
FALSE,wsok,listingPage.listArtTags.network.root.jumpToTop.link,Jump back to top,Jump back to top,Trở lại,
FALSE,wsok,listingPage.listArtTags.network.root.withAncestors,{TAG} (descends from {ANCESTORS}),{TAG} (descends from {ANCESTORS}),{TAG} (thẻ con của {ANCESTORS}),
FALSE,wsok,listingPage.listArtTags.network.tag,{TAG},{TAG},{TAG},
FALSE,wsok,listingPage.listArtTags.network.tag.jumpToRoot,Jump to: {TAG},Jump to: {TAG},Chuyển tới: {TAG},
FALSE,wsok,listingPage.listArtTags.network.tag.withStat,{STAT} {TAG},{STAT} {TAG},{STAT} {TAG},
FALSE,wsok,listingPage.listArtTags.network.tag.withStat.stat,({STAT}),({STAT}),({STAT}),
FALSE,wsok,listingPage.listArtTags.network.tag.withStat.notApplicable,-,-,-,
FALSE,wsok,listingPage.listArtTags.network.orphanArtTags.title,These tags don't have any descendants or ancestors:,These tags don't have any descendants or ancestors:,Các thẻ không có thẻ cha hoặc thẻ con:,
FALSE,wsok,listingPage.listArtTags.network.orphanArtTags.item,{TAG},{TAG},{TAG},
FALSE,wsok,listingPage.listArtists.byName.title,Artists - by Name,Artists - by Name,Tác giả - theo tên,
FALSE,wsok,listingPage.listArtists.byName.title.short,...by Name,...by Name,...theo tên,
FALSE,wsok,listingPage.listArtists.byName.item,{ARTIST} ({CONTRIBUTIONS}),{ARTIST} ({CONTRIBUTIONS}),{ARTIST} ({CONTRIBUTIONS}),
FALSE,wsok,listingPage.listArtists.byContribs.title,Artists - by Contributions,Artists - by Contributions,Tác giả - theo số đóng góp,
FALSE,wsok,listingPage.listArtists.byContribs.title.short,...by Contributions,...by Contributions,...theo số đóng góp,
FALSE,wsok,listingPage.listArtists.byContribs.chunk.item,{ARTIST} ({CONTRIBUTIONS}),{ARTIST} ({CONTRIBUTIONS}),{ARTIST} ({CONTRIBUTIONS}),
FALSE,wsok,listingPage.listArtists.byContribs.chunk.title.trackContributors,Contributed tracks:,Contributed tracks:,Đóng góp cho bài hát:,
FALSE,wsok,listingPage.listArtists.byContribs.chunk.title.artContributors,Contributed artworks:,Contributed artworks:,Đóng góp cho ảnh:,
FALSE,wsok,listingPage.listArtists.byContribs.chunk.title.flashContributors,Contributed to flashes:,Contributed to flashes:,Đóng góp cho hoạt ảnh:,
FALSE,wsok,listingPage.listArtists.byCommentary.title,Artists - by Commentary Entries,Artists - by Commentary Entries,Tác giả - theo số lượt bình luận,
FALSE,wsok,listingPage.listArtists.byCommentary.title.short,...by Commentary Entries,...by Commentary Entries,...theo số lượt bình luận,
FALSE,wsok,listingPage.listArtists.byCommentary.item,{ARTIST} ({ENTRIES}),{ARTIST} ({ENTRIES}),{ARTIST} ({ENTRIES}),
FALSE,wsok,listingPage.listArtists.byDuration.title,Artists - by Duration,Artists - by Duration,Tác giả - theo tổng thời lượng nhạc,
FALSE,wsok,listingPage.listArtists.byDuration.title.short,...by Duration,...by Duration,...theo tổng thời lượng nhạc,
FALSE,wsok,listingPage.listArtists.byDuration.item,{ARTIST} ({DURATION}),{ARTIST} ({DURATION}),{ARTIST} ({DURATION}),
FALSE,wsok,listingPage.listArtists.byGroup.title,Artists - by Group,Artists - by Group,Tác giả - theo nhóm,
FALSE,wsok,listingPage.listArtists.byGroup.title.short,...by Group,...by Group,...theo nhóm,
FALSE,wsok,listingPage.listArtists.byGroup.item,{ARTIST} ({CONTRIBUTIONS}),{ARTIST} ({CONTRIBUTIONS}),{ARTIST} ({CONTRIBUTIONS}),
FALSE,wsok,listingPage.listArtists.byGroup.chunk.title,Contributed to {GROUP}:,Contributed to {GROUP}:,Đã đóng góp vào {GROUP}:,
FALSE,wsok,listingPage.listArtists.byGroup.chunk.item,{ARTIST} ({CONTRIBUTIONS}),{ARTIST} ({CONTRIBUTIONS}),{ARTIST} ({CONTRIBUTIONS}),
FALSE,wsok,listingPage.listArtists.byLatest.title,Artists - by Latest Contribution,Artists - by Latest Contribution,Tác giả - theo đóng góp gần đây,
FALSE,wsok,listingPage.listArtists.byLatest.title.short,...by Latest Contribution,...by Latest Contribution,...theo đóng góp gần đây,
FALSE,wsok,listingPage.listArtists.byLatest.chunk.title.album,{ALBUM} ({DATE}),{ALBUM} ({DATE}),{ALBUM} ({DATE}),
FALSE,wsok,listingPage.listArtists.byLatest.chunk.title.flash,{FLASH} ({DATE}),{FLASH} ({DATE}),{FLASH} ({DATE}),
FALSE,wsok,listingPage.listArtists.byLatest.chunk.title.dateless,These artists' contributions aren't dated:,These artists' contributions aren't dated:,Các đóng góp sau đây không được ghi ngày tháng.,
FALSE,wsok,listingPage.listArtists.byLatest.chunk.item,{ARTIST},{ARTIST},{ARTIST},
FALSE,wsok,listingPage.listArtists.byLatest.chunk.item.tracks,{ARTIST} (tracks),{ARTIST} (tracks),{ARTIST} (nhạc),
FALSE,wsok,listingPage.listArtists.byLatest.chunk.item.tracksAndArt,"{ARTIST} (tracks, art)","{ARTIST} (tracks, art)",{ARTIST} (ảnh và nhạc),
FALSE,wsok,listingPage.listArtists.byLatest.chunk.item.art,{ARTIST} (art),{ARTIST} (art),{ARTIST} (ảnh),
FALSE,wsok,listingPage.listGroups.byName.title,Groups - by Name,Groups - by Name,Nhóm - theo tên,
FALSE,wsok,listingPage.listGroups.byName.title.short,...by Name,...by Name,...theo tên,
FALSE,wsok,listingPage.listGroups.byName.item,{GROUP} ({GALLERY}),{GROUP} ({GALLERY}),{GROUP} ({GALLERY}),
FALSE,wsok,listingPage.listGroups.byName.item.gallery,Gallery,Gallery,Tập ảnh,
FALSE,wsok,listingPage.listGroups.byCategory.title,Groups - by Category,Groups - by Category,Nhóm - theo danh mục,
FALSE,wsok,listingPage.listGroups.byCategory.title.short,...by Category,...by Category,...theo danh mục,
FALSE,wsok,listingPage.listGroups.byCategory.chunk.title,{CATEGORY},{CATEGORY},{CATEGORY},
FALSE,wsok,listingPage.listGroups.byCategory.chunk.item,{GROUP} ({GALLERY}),{GROUP} ({GALLERY}),{GROUP} ({GALLERY}),
FALSE,wsok,listingPage.listGroups.byCategory.chunk.item.gallery,Gallery,Gallery,Tập ảnh,
FALSE,wsok,listingPage.listGroups.byAlbums.title,Groups - by Albums,Groups - by Albums,Nhóm - theo số album,
FALSE,wsok,listingPage.listGroups.byAlbums.title.short,...by Albums,...by Albums,...theo số album,
FALSE,wsok,listingPage.listGroups.byAlbums.item,{GROUP} ({ALBUMS}),{GROUP} ({ALBUMS}),{GROUP} ({ALBUMS}),
FALSE,wsok,listingPage.listGroups.byTracks.title,Groups - by Tracks,Groups - by Tracks,Nhóm - theo số bài hát,
FALSE,wsok,listingPage.listGroups.byTracks.title.short,...by Tracks,...by Tracks,...theo số bài hát,
FALSE,wsok,listingPage.listGroups.byTracks.item,{GROUP} ({TRACKS}),{GROUP} ({TRACKS}),{GROUP} ({TRACKS}),
FALSE,wsok,listingPage.listGroups.byDuration.title,Groups - by Duration,Groups - by Duration,Nhóm - theo tổng thời lượng nhạc,
FALSE,wsok,listingPage.listGroups.byDuration.title.short,...by Duration,...by Duration,...theo tổng thời lượng nhạc,
FALSE,wsok,listingPage.listGroups.byDuration.item,{GROUP} ({DURATION}),{GROUP} ({DURATION}),{GROUP} ({DURATION}),
FALSE,wsok,listingPage.listGroups.byLatest.title,Groups - by Latest Album,Groups - by Latest Album,Nhóm - theo album gần đây nhất,
FALSE,wsok,listingPage.listGroups.byLatest.title.short,...by Latest Album,...by Latest Album,...theo album gần đây nhất,
FALSE,wsok,listingPage.listGroups.byLatest.item,{GROUP} ({DATE}),{GROUP} ({DATE}),{GROUP} ({DATE}),
FALSE,wsok,listingPage.listTracks.byName.title,Tracks - by Name,Tracks - by Name,Bài hát - theo tên,
FALSE,wsok,listingPage.listTracks.byName.title.short,...by Name,...by Name,...theo tên,
FALSE,wsok,listingPage.listTracks.byName.item,{TRACK},{TRACK},{TRACK},
FALSE,wsok,listingPage.listTracks.byAlbum.title,Tracks - by Album,Tracks - by Album,Bài hát - theo album,
FALSE,wsok,listingPage.listTracks.byAlbum.title.short,...by Album,...by Album,...theo album,
FALSE,wsok,listingPage.listTracks.byAlbum.chunk.title,{ALBUM},{ALBUM},{ALBUM},
FALSE,wsok,listingPage.listTracks.byAlbum.chunk.item,{TRACK},{TRACK},{TRACK},
FALSE,wsok,listingPage.listTracks.byDate.title,Tracks - by Date,Tracks - by Date,Bài hát - theo ngày phát hành,
FALSE,wsok,listingPage.listTracks.byDate.title.short,...by Date,...by Date,...theo ngày phát hành,
FALSE,wsok,listingPage.listTracks.byDate.chunk.title,{ALBUM} ({DATE}),{ALBUM} ({DATE}),{ALBUM} ({DATE}),
FALSE,wsok,listingPage.listTracks.byDate.chunk.item,{TRACK},{TRACK},{TRACK},
FALSE,wsok,listingPage.listTracks.byDate.chunk.item.rerelease,{TRACK} (rerelease),{TRACK} (rerelease),{TRACK} (bản tái phát hành),
FALSE,wsok,listingPage.listTracks.byDuration.title,Tracks - by Duration,Tracks - by Duration,Bài hát - theo thời lượng,
FALSE,wsok,listingPage.listTracks.byDuration.title.short,...by Duration,...by Duration,...theo thời lượng,
FALSE,wsok,listingPage.listTracks.byDuration.item,{TRACK} ({DURATION}),{TRACK} ({DURATION}),{TRACK} ({DURATION}),
FALSE,wsok,listingPage.listTracks.byDurationInAlbum.title,Tracks - by Duration (in Album),Tracks - by Duration (in Album),Bài hát - theo thời lượng (sắp theo album),
FALSE,wsok,listingPage.listTracks.byDurationInAlbum.title.short,...by Duration (in Album),...by Duration (in Album),...theo thời lượng (sắp theo album),
FALSE,wsok,listingPage.listTracks.byDurationInAlbum.chunk.title,{ALBUM},{ALBUM},{ALBUM},
FALSE,wsok,listingPage.listTracks.byDurationInAlbum.chunk.item,{TRACK} ({DURATION}),{TRACK} ({DURATION}),{TRACK} ({DURATION}),
FALSE,wsok,listingPage.listTracks.byTimesReferenced.title,Tracks - by Times Referenced,Tracks - by Times Referenced,Bài hát - theo số lần được liên hệ,
FALSE,wsok,listingPage.listTracks.byTimesReferenced.title.short,...by Times Referenced,...by Times Referenced,...theo số lần được liên hệ,
FALSE,wsok,listingPage.listTracks.byTimesReferenced.item,{TRACK} ({TIMES_REFERENCED}),{TRACK} ({TIMES_REFERENCED}),{TRACK} ({TIMES_REFERENCED}),
FALSE,wsok,listingPage.listTracks.inFlashes.byAlbum.title,Tracks - in Flashes (by Album),Tracks - in Flashes (by Album),Bài hát - có trong hoạt ảnh (sắp theo album),
FALSE,wsok,listingPage.listTracks.inFlashes.byAlbum.title.short,...in Flashes (by Album),...in Flashes (by Album),...có trong hoạt ảnh (sắp theo album),
FALSE,wsok,listingPage.listTracks.inFlashes.byAlbum.chunk.title,{ALBUM},{ALBUM},{ALBUM},
FALSE,wsok,listingPage.listTracks.inFlashes.byAlbum.chunk.item,{TRACK} (in {FLASHES}),{TRACK} (in {FLASHES}),{TRACK} (trong {FLASHES}),
FALSE,wsok,listingPage.listTracks.inFlashes.byFlash.title,Tracks - in Flashes (by Flash),Tracks - in Flashes (by Flash),Bài hát - có trong hoạt ảnh (sắp theo hoạt ảnh),
FALSE,wsok,listingPage.listTracks.inFlashes.byFlash.title.short,...in Flashes (by Flash),...in Flashes (by Flash),...có trong hoạt ảnh (sắp theo hoạt ảnh),
FALSE,wsok,listingPage.listTracks.inFlashes.byFlash.chunk.title,{FLASH},{FLASH},{FLASH},
FALSE,wsok,listingPage.listTracks.inFlashes.byFlash.chunk.item,{TRACK} (from {ALBUM}),{TRACK} (from {ALBUM}),{TRACK} (trong album {ALBUM}),
FALSE,wsok,listingPage.listTracks.withLyrics.title,Tracks - with Lyrics,Tracks - with Lyrics,Bài hát - có lời,
FALSE,wsok,listingPage.listTracks.withLyrics.title.short,...with Lyrics,...with Lyrics,...có lời bài hát,
FALSE,wsok,listingPage.listTracks.withLyrics.chunk.title,{ALBUM},{ALBUM},{ALBUM},
FALSE,wsok,listingPage.listTracks.withLyrics.chunk.title.withDate,{ALBUM} ({DATE}),{ALBUM} ({DATE}),{ALBUM} ({DATE}),
FALSE,wsok,listingPage.listTracks.withLyrics.chunk.item,{TRACK},{TRACK},{TRACK},
FALSE,wsok,listingPage.listTracks.withMusicVideos.title,Tracks - with Music Videos,Tracks - with Music Videos,Bài hát - có video đi kèm,
FALSE,wsok,listingPage.listTracks.withMusicVideos.title.short,...with Music Videos,...with Music Videos,...có video âm nhạc,
FALSE,wsok,listingPage.listTracks.withMusicVideos.chunk.title,{ALBUM},{ALBUM},{ALBUM},
FALSE,wsok,listingPage.listTracks.withMusicVideos.chunk.title.withDate,{ALBUM} ({DATE}),{ALBUM} ({DATE}),{ALBUM} ({DATE}),
FALSE,wsok,listingPage.listTracks.withMusicVideos.chunk.item,{TRACK},{TRACK},{TRACK},
FALSE,wsok,listingPage.listTracks.withSheetMusicFiles.title,Tracks - with Sheet Music Files,Tracks - with Sheet Music Files,Bài hát - có tệp bản nhạc,
FALSE,wsok,listingPage.listTracks.withSheetMusicFiles.title.short,...with Sheet Music Files,...with Sheet Music Files,...có tệp bản nhạc,
FALSE,wsok,listingPage.listTracks.withSheetMusicFiles.chunk.title,{ALBUM},{ALBUM},{ALBUM},
FALSE,wsok,listingPage.listTracks.withSheetMusicFiles.chunk.title.withDate,{ALBUM} ({DATE}),{ALBUM} ({DATE}),{ALBUM} ({DATE}),
FALSE,wsok,listingPage.listTracks.withSheetMusicFiles.chunk.item,{TRACK},{TRACK},{TRACK},
FALSE,wsok,listingPage.listTracks.withMidiProjectFiles.title,Tracks - with MIDI & Project Files,Tracks - with MIDI & Project Files,Bài hát - có tệp MIDI và tệp dự án khác,
FALSE,wsok,listingPage.listTracks.withMidiProjectFiles.title.short,...with MIDI & Project Files,...with MIDI & Project Files,...có tệp MIDI và tệp dự án khác,
FALSE,wsok,listingPage.listTracks.withMidiProjectFiles.chunk.title,{ALBUM},{ALBUM},{ALBUM},
FALSE,wsok,listingPage.listTracks.withMidiProjectFiles.chunk.title.withDate,{ALBUM} ({DATE}),{ALBUM} ({DATE}),{ALBUM} ({DATE}),
FALSE,wsok,listingPage.listTracks.withMidiProjectFiles.chunk.item,{TRACK},{TRACK},{TRACK},
FALSE,wsok,listingPage.listTracks.needingLyrics.title,Tracks - which need Lyrics,Tracks - which need Lyrics,"Bài hát - có lời, nhưng chưa thêm vào wiki",
FALSE,wsok,listingPage.listTracks.needingLyrics.title.short,...which need Lyrics,...which need Lyrics,"...có lời bài hát, nhưng chưa thêm vào wiki",
FALSE,wsok,listingPage.listTracks.needingLyrics.chunk.title,{ALBUM},{ALBUM},{ALBUM},
FALSE,wsok,listingPage.listTracks.needingLyrics.chunk.title.withDate,{ALBUM} ({DATE}),{ALBUM} ({DATE}),{ALBUM} ({DATE}),
FALSE,wsok,listingPage.listTracks.needingLyrics.chunk.item,{TRACK},{TRACK},{TRACK},
FALSE,wsok,listingPage.other.allSheetMusic.title,All Sheet Music,All Sheet Music,Danh sách bản nhạc,
FALSE,wsok,listingPage.other.allSheetMusic.title.short,All Sheet Music,All Sheet Music,Tất cả bản nhạc,
FALSE,wsok,listingPage.other.allSheetMusic.albumFiles,Album sheet music:,Album sheet music:,Bản nhạc cho album:,
FALSE,wsok,listingPage.other.allSheetMusic.file,{TITLE},{TITLE},{TITLE},
FALSE,wsok,listingPage.other.allSheetMusic.file.placeholderTitle,Sheet music,Sheet music,Bản nhạc,
FALSE,wsok,listingPage.other.allSheetMusic.file.withCredit,{TITLE} {CREDIT},{TITLE} {CREDIT},{TITLE} {CREDIT},
FALSE,wsok,listingPage.other.allSheetMusic.file.withMultipleFiles,{TITLE} ({FILES}),{TITLE} ({FILES}),{TITLE} ({FILES}),
FALSE,wsok,listingPage.other.allSheetMusic.file.withNoFiles,{TITLE} (no files),{TITLE} (no files),{TITLE} (không có tệp),
FALSE,wsok,listingPage.other.allSheetMusic.file.withCredit.withMultipleFiles,{TITLE} {CREDIT} ({FILES}),{TITLE} {CREDIT} ({FILES}),{TITLE} {CREDIT} ({FILES}),
FALSE,wsok,listingPage.other.allSheetMusic.file.withCredit.withNoFiles,{TITLE} {CREDIT} (no files),{TITLE} {CREDIT} (no files),{TITLE} {CREDIT} (không có tệp),
FALSE,wsok,listingPage.other.allSheetMusic.file.credit,by {ARTISTS},by {ARTISTS},bởi {ARTISTS},
FALSE,wsok,listingPage.other.allMidiProjectFiles.title,All MIDI / Project Files,All MIDI / Project Files,Danh sách các tệp MIDI và tệp dự án khác,
FALSE,wsok,listingPage.other.allMidiProjectFiles.title.short,All MIDI & Project Files,All MIDI & Project Files,Tất cả tệp MIDI và tệp dự án,
FALSE,wsok,listingPage.other.allMidiProjectFiles.albumFiles,Album MIDI & project files:,Album MIDI & project files:,MIDI và tệp dự án cho album:,
FALSE,wsok,listingPage.other.allMidiProjectFiles.file,{TITLE},{TITLE},{TITLE},
FALSE,wsok,listingPage.other.allMidiProjectFiles.file.placeholderTitle,MIDI or project file,MIDI or project file,Tệp MIDI hoặc tệp dự án,
FALSE,wsok,listingPage.other.allMidiProjectFiles.file.withCredit,{TITLE} {CREDIT},{TITLE} {CREDIT},{TITLE} {CREDIT},
FALSE,wsok,listingPage.other.allMidiProjectFiles.file.withMultipleFiles,{TITLE} ({FILES}),{TITLE} ({FILES}),{TITLE} ({FILES}),
FALSE,wsok,listingPage.other.allMidiProjectFiles.file.withNoFiles,{TITLE} (no files),{TITLE} (no files),{TITLE} (không có tệp),
FALSE,wsok,listingPage.other.allMidiProjectFiles.file.withCredit.withMultipleFiles,{TITLE} {CREDIT} ({FILES}),{TITLE} {CREDIT} ({FILES}),{TITLE} {CREDIT} ({FILES}),
FALSE,wsok,listingPage.other.allMidiProjectFiles.file.withCredit.withNoFiles,{TITLE} {CREDIT} (no files),{TITLE} {CREDIT} (no files),{TITLE} {CREDIT} (không có tệp),
FALSE,wsok,listingPage.other.allMidiProjectFiles.file.credit,by {ARTISTS},by {ARTISTS},bởi {ARTISTS},
FALSE,wsok,listingPage.other.allAdditionalFiles.title,All Additional Files,All Additional Files,Danh sách tệp đi kèm,
FALSE,wsok,listingPage.other.allAdditionalFiles.title.short,All Additional Files,All Additional Files,Tất cả tệp đi kèm,
FALSE,wsok,listingPage.other.allAdditionalFiles.albumFiles,Album additional files:,Album additional files:,Tệp đi kèm cho album:,
FALSE,wsok,listingPage.other.allAdditionalFiles.file,{TITLE},{TITLE},{TITLE},
FALSE,wsok,listingPage.other.allAdditionalFiles.file.placeholderTitle,Additional file,Additional file,Tệp đi kèm,
FALSE,wsok,listingPage.other.allAdditionalFiles.file.withCredit,{TITLE} {CREDIT},{TITLE} {CREDIT},{TITLE} {CREDIT},
FALSE,wsok,listingPage.other.allAdditionalFiles.file.withMultipleFiles,{TITLE} ({FILES}),{TITLE} ({FILES}),{TITLE} ({FILES}),
FALSE,wsok,listingPage.other.allAdditionalFiles.file.withNoFiles,{TITLE} (no files),{TITLE} (no files),{TITLE} (không có tệp),
FALSE,wsok,listingPage.other.allAdditionalFiles.file.withCredit.withMultipleFiles,{TITLE} {CREDIT} ({FILES}),{TITLE} {CREDIT} ({FILES}),{TITLE} {CREDIT} ({FILES}),
FALSE,wsok,listingPage.other.allAdditionalFiles.file.withCredit.withNoFiles,{TITLE} {CREDIT} (no files),{TITLE} {CREDIT} (no files),{TITLE} {CREDIT} (không có tệp),
FALSE,wsok,listingPage.other.allAdditionalFiles.file.credit,by {ARTISTS},by {ARTISTS},bởi {ARTISTS},
FALSE,wsok,listingPage.other.randomPages.title,Random Pages,Random Pages,Trang ngẫu nhiên,
FALSE,wsok,listingPage.other.randomPages.title.short,Random Pages,Random Pages,Trang ngẫu nhiên,
FALSE,wsok,listingPage.other.randomPages.chooseLinkLine,{FROM_PART} {BROWSER_SUPPORT_PART},{FROM_PART} {BROWSER_SUPPORT_PART},{FROM_PART} {BROWSER_SUPPORT_PART},
FALSE,wsok,listingPage.other.randomPages.chooseLinkLine.fromPart.dividedByGroups,Choose a link to go to a random page in that group or album!,Choose a link to go to a random page in that group or album!,Chọn một liên kết để truy cập ngẫu nhiên vào một trang trong nhóm hoặc album đó!,
FALSE,wsok,listingPage.other.randomPages.chooseLinkLine.fromPart.notDividedByGroups,Choose a link to go to a random page in that album!,Choose a link to go to a random page in that album!,Chọn một liên kết để truy cập ngẫu nhiên vào một trang trong album đó!,
FALSE,wsok,listingPage.other.randomPages.chooseLinkLine.browserSupportPart,"If your browser doesn't support relatively modern JavaScript or you've disabled it, these links won't work - sorry.","If your browser doesn't support relatively modern JavaScript or you've disabled it, these links won't work - sorry.",Những liên kết này có thể không hoạt động nếu bạn không bật JavaScript.,
FALSE,wsok,listingPage.other.randomPages.dataLoadingLine,(Data files are downloading in the background! Please wait for data to load.),(Data files are downloading in the background! Please wait for data to load.),(Các tệp dữ liệu đang được tải xuống trong nền...),
FALSE,wsok,listingPage.other.randomPages.dataLoadedLine,(Data files have finished being downloaded. The links should work!),(Data files have finished being downloaded. The links should work!),"(Các tệp dữ liệu đã tải xong, và các liên kết này sẽ hoạt động ổn định)",
FALSE,wsok,listingPage.other.randomPages.dataErrorLine,"(Data files failed to download. Sorry, some of these links won't work right now!)","(Data files failed to download. Sorry, some of these links won't work right now!)","(Các tệp dữ liệu tải xuống không thành công, và các liên kết có thể không mở được)",
FALSE,wsok,listingPage.other.randomPages.chunk.title.misc,Miscellaneous:,Miscellaneous:,Các mục khác:,
FALSE,wsok,listingPage.other.randomPages.chunk.title.fromAlbum,From an album:,From an album:,Từ một album:,
FALSE,wsok,listingPage.other.randomPages.chunk.title.fromGroup,From {GROUP}:,From {GROUP}:,Từ {GROUP}:,
FALSE,wsok,listingPage.other.randomPages.chunk.title.fromGroup.accent,"({RANDOM_ALBUM}, {RANDOM_TRACK})","({RANDOM_ALBUM}, {RANDOM_TRACK})","({RANDOM_ALBUM}, {RANDOM_TRACK})",
FALSE,wsok,listingPage.other.randomPages.chunk.title.fromGroup.accent.randomAlbum,Random Album,Random Album,Album ngẫu nhiên,
FALSE,wsok,listingPage.other.randomPages.chunk.title.fromGroup.accent.randomTrack,Random Track,Random Track,Bài hát ngẫu nhiên,
FALSE,wsok,listingPage.other.randomPages.chunk.item.album,{ALBUM},{ALBUM},{ALBUM},
FALSE,wsok,listingPage.other.randomPages.chunk.item.randomArtist,{MAIN_LINK} ({AT_LEAST_TWO_CONTRIBUTIONS}),{MAIN_LINK} ({AT_LEAST_TWO_CONTRIBUTIONS}),{MAIN_LINK} ({AT_LEAST_TWO_CONTRIBUTIONS}),
FALSE,wsok,listingPage.other.randomPages.chunk.item.randomArtist.mainLink,Random Artist,Random Artist,Tác giả ngẫu nhiên,
FALSE,wsok,listingPage.other.randomPages.chunk.item.randomArtist.atLeastTwoContributions,at least 2 contributions,at least 2 contributions,có ít nhất 2 đóng góp,
FALSE,wsok,listingPage.other.randomPages.chunk.item.randomAlbumWholeSite,Random Album (whole site),Random Album (whole site),Trang album ngẫu nhiên,
FALSE,wsok,listingPage.other.randomPages.chunk.item.randomTrackWholeSite,Random Track (whole site),Random Track (whole site),Trang bài hát ngẫu nhiên,
FALSE,wsok,newsIndex.title,News,News,Tin tức,
FALSE,wsok,newsIndex.entry.viewRest,(View rest of entry!),(View rest of entry!),(Xem thêm...),
FALSE,wsok,newsEntryPage.title,{ENTRY},{ENTRY},{ENTRY},
FALSE,wsok,newsEntryPage.published,(Published {DATE}.),(Published {DATE}.),(được đăng vào ngày {DATE}.),
FALSE,wsok,newsEntryPage.readAnother.previous,(← {ENTRY}),(← {ENTRY}),(← {ENTRY}),
FALSE,wsok,newsEntryPage.readAnother.previous.withDate,(← {DATE} {ENTRY}),(← {DATE} {ENTRY}),(← {DATE} {ENTRY}),
FALSE,wsok,newsEntryPage.readAnother.next,(→ {ENTRY}),(→ {ENTRY}),(→ {ENTRY}),
FALSE,wsok,newsEntryPage.readAnother.next.withDate,(→ {DATE} {ENTRY}),(→ {DATE} {ENTRY}),(→ {DATE} {ENTRY}),
TRUE,wsok,redirectPage.title,Moved to {TITLE},Moved to {TITLE},Chuyển đến {TITLE},
TRUE,wsok,redirectPage.infoLine,This page has been moved to {TARGET}.,This page has been moved to {TARGET}.,Trang này được chuyển đến trang {TARGET}.,
FALSE,wsok,referencedArtworksPage.subtitle,Referenced Artworks,Referenced Artworks,Các ảnh có liên hệ đến ảnh này,
FALSE,wsok,referencedArtworksPage.statsLine,References {ARTWORKS}.,References {ARTWORKS}.,Liên hệ đến {ARTWORKS}.,
FALSE,wsok,referencingArtworksPage.subtitle,Referencing Artworks,Referencing Artworks,Các ảnh mà ảnh này liên hệ đến,
FALSE,wsok,referencingArtworksPage.statsLine,Referenced by {ARTWORKS}.,Referenced by {ARTWORKS}.,Được liên hệ từ {ARTWORKS}.,
FALSE,wsok,trackPage.title,{TRACK},{TRACK},{TRACK},
FALSE,wsok,trackPage.nav.random,Random,Random,Ngẫu nhiên,
FALSE,wsok,trackPage.nav.backToTrack,Return to track page,Return to track page,Trở về trang bài hát,
FALSE,wsok,trackPage.nav.albumAccent.withNameDetail,{NAME_DETAIL},{NAME_DETAIL},{NAME_DETAIL},
FALSE,wsok,trackPage.nav.albumAccent.withType,{TYPE},{TYPE},{TYPE},
FALSE,wsok,trackPage.nav.albumAccent.withNameDetail.withType,{TYPE}: {NAME_DETAIL},{TYPE}: {NAME_DETAIL},{TYPE}: {NAME_DETAIL},
FALSE,wsok,trackPage.nav.albumAccent.type.single,single,single,bản đơn,
FALSE,wsok,trackPage.nav.albumAccent.type.vgm,vgm,vgm,nhạc trong trò chơi,
FALSE,wsok,trackPage.nav.track,{TRACK},{TRACK},{TRACK},
FALSE,wsok,trackPage.nav.track.withNumber,{NUMBER}. {TRACK},{NUMBER}. {TRACK},{NUMBER}. {TRACK},
FALSE,wsok,trackPage.needsLyrics,"This track has vocals, but there aren't lyrics available for it on this wiki, yet!","This track has vocals, but there aren't lyrics available for it on this wiki, yet!","Bài hát này có phần lời hát, nhưng hiện vẫn chưa có lời bài hát trên wiki này.",
FALSE,wsok,trackPage.socialEmbed.heading,{ALBUM},{ALBUM},{ALBUM},
FALSE,wsok,trackPage.socialEmbed.title,{TRACK},{TRACK},{TRACK},
FALSE,wsok,trackPage.socialEmbed.body.withArtists.withCoverArtists,By {ARTISTS}; art by {COVER_ARTISTS}.,By {ARTISTS}; art by {COVER_ARTISTS}.,Bởi {ARTISTS}; ảnh bởi {COVER_ARTISTS}.,
FALSE,wsok,trackPage.socialEmbed.body.withArtists,By {ARTISTS}.,By {ARTISTS}.,Bởi {ARTISTS}.,
FALSE,wsok,trackPage.socialEmbed.body.withCoverArtists,Art by {COVER_ARTISTS}.,Art by {COVER_ARTISTS}.,Ảnh bởi {COVER_ARTISTS}.,